reason,player,hkb_rank,best_rank
"ranked, no name match (add to aliases)",elmer rodriguez cruz,313,313
"ranked, no name match (add to aliases)",francisco renteria,399,399
"ranked, no name match (add to aliases)",angeibel gomez,555,555
"ranked, no name match (add to aliases)",wandy asigen,588,588
"ranked, no name match (add to aliases)",yostin pena,726,726
"ranked, no name match (add to aliases)",jacob webb,733,733
"ranked, no name match (add to aliases)",johenssy colome,746,746
"ranked, no name match (add to aliases)",alex wood,852,852
"ranked, no name match (add to aliases)",angel nunez,852,852
"ranked, no name match (add to aliases)",anthony rizzo,852,852
"ranked, no name match (add to aliases)",eduardo herrera,852,852
"ranked, no name match (add to aliases)",elian rosario,852,852
"ranked, no name match (add to aliases)",fabricio blanco,852,852
"ranked, no name match (add to aliases)",gino groover,852,852
"ranked, no name match (add to aliases)",james paxton,852,852
"ranked, no name match (add to aliases)",jose ramos,852,852
"ranked, no name match (add to aliases)",juan rijo,852,852
"ranked, no name match (add to aliases)",kevin kiermaier,852,852
"ranked, no name match (add to aliases)",kevin pillar,852,852
"ranked, no name match (add to aliases)",kyle gibson,852,852
"ranked, no name match (add to aliases)",ricardo cabrera,852,852
"ranked, no name match (add to aliases)",ricki moneys,852,852
"ranked, no name match (add to aliases)",ross stripling,852,852
"ranked, no name match (add to aliases)",ryan weiss,852,852
"ranked, no name match (add to aliases)",santiago solarte,852,852
"ranked, no name match (add to aliases)",sean linan,852,852
"ranked, no name match (add to aliases)",victor valdez,852,852
"ranked, no name match (add to aliases)",whit merrifield,852,852
"ranked, no name match (add to aliases)",yeremi cabrera,852,852
"on authority, unranked by all sources",Kyle Hendricks,,
"on authority, unranked by all sources",Charlie Morton,,
"on authority, unranked by all sources",Clayton Kershaw,,
"on authority, unranked by all sources",Tyler Anderson,,
"on authority, unranked by all sources",Andrew Heaney,,
"on authority, unranked by all sources",Luis Ortiz,,
"on authority, unranked by all sources",Jimmy Herget,,
"on authority, unranked by all sources",Lake Bachar,,
"on authority, unranked by all sources",Tanner Banks,,
"on authority, unranked by all sources",Brandon Eisert,,
"on authority, unranked by all sources",Jacob Webb,,
"on authority, unranked by all sources",Spencer Bivens,,
"on authority, unranked by all sources",Juan Mejia,,
"on authority, unranked by all sources",Justin Wilson,,
"on authority, unranked by all sources",Matt Festa,,
"on authority, unranked by all sources",Jose Iglesias,,
"on authority, unranked by all sources",Tyler Ferguson,,
"on authority, unranked by all sources",Steven Wilson,,
"on authority, unranked by all sources",Luis Garcia,,
"on authority, unranked by all sources",Nick Allen,,
"on authority, unranked by all sources",Kolby Allard,,
"on authority, unranked by all sources",Rafael Montero,,
"on authority, unranked by all sources",Tyler Gilbert,,
"on authority, unranked by all sources",Dietrich Enns,,
"on authority, unranked by all sources",Luke Jackson,,
"on authority, unranked by all sources",Cade Gibson,,
"on authority, unranked by all sources",Brent Suter,,
"on authority, unranked by all sources",Sam Haggerty,,
"on authority, unranked by all sources",Aaron Bummer,,
"on authority, unranked by all sources",Casey Legumina,,
"on authority, unranked by all sources",Tristan Beck,,
"on authority, unranked by all sources",Kody Funderburk,,
"on authority, unranked by all sources",Andy Ibanez,,
"on authority, unranked by all sources",Connor Brogdon,,
"on authority, unranked by all sources",Tyler Heineman,,
"on authority, unranked by all sources",Jorge Alcala,,
"on authority, unranked by all sources",Kaleb Ort,,
"on authority, unranked by all sources",Christian Koss,,
"on authority, unranked by all sources",Michael Kelly,,
"on authority, unranked by all sources",Chase Shugart,,
"on authority, unranked by all sources",Chase Lee,,
"on authority, unranked by all sources",Mason Englert,,
"on authority, unranked by all sources",Lou Trivino,,
"on authority, unranked by all sources",Chad Green,,
"on authority, unranked by all sources",Riley Adams,,
"on authority, unranked by all sources",Alexander Canario,,
"on authority, unranked by all sources",Tommy Nance,,
"on authority, unranked by all sources",Paul DeJong,,
"on authority, unranked by all sources",Daysbel Hernandez,,
"on authority, unranked by all sources",Chris Flexen,,
"on authority, unranked by all sources",Max Kranick,,
"on authority, unranked by all sources",Jose Fermin,,
"on authority, unranked by all sources",John Curtiss,,
"on authority, unranked by all sources",Joe Ross,,
"on authority, unranked by all sources",Alex Verdugo,,
"on authority, unranked by all sources",Yohel Pozo,,
"on authority, unranked by all sources",Reese McGuire,,
"on authority, unranked by all sources",Nic Enright,,
"on authority, unranked by all sources",Miles Mastrobuoni,,
"on authority, unranked by all sources",Trent Thornton,,
"on authority, unranked by all sources",Cam Booser,,
"on authority, unranked by all sources",Andrew Chafin,,
"on authority, unranked by all sources",Michael Helman,,
"on authority, unranked by all sources",Justin Turner,,
"on authority, unranked by all sources",John Rave,,
"on authority, unranked by all sources",Matt Thaiss,,
"on authority, unranked by all sources",Anthony DeSclafani,,
"on authority, unranked by all sources",Joey Lucchesi,,
"on authority, unranked by all sources",Ryan Borucki,,
"on authority, unranked by all sources",Scott Blewett,,
"on authority, unranked by all sources",Shawn Dubin,,
"on authority, unranked by all sources",James McCann,,
"on authority, unranked by all sources",Jose Urena,,
"on authority, unranked by all sources",Caleb Boushley,,
"on authority, unranked by all sources",Zack Kelly,,
"on authority, unranked by all sources",Gio Urshela,,
"on authority, unranked by all sources",Jose Herrera,,
"on authority, unranked by all sources",Hector Neris,,
"on authority, unranked by all sources",Konnor Pilkington,,
"on authority, unranked by all sources",Nabil Crismatt,,
"on authority, unranked by all sources",David Robertson,,
"on authority, unranked by all sources",Chris Murphy,,
"on authority, unranked by all sources",Angel Chivilli,,
"on authority, unranked by all sources",Kyle Nicolas,,
"on authority, unranked by all sources",Austin Wynns,,
"on authority, unranked by all sources",Donovan Solano,,
"on authority, unranked by all sources",Austin Slater,,
"on authority, unranked by all sources",Max Lazar,,
"on authority, unranked by all sources",Carlos Carrasco,,
"on authority, unranked by all sources",PJ Poulin,,
"on authority, unranked by all sources",Genesis Cabrera,,
"on authority, unranked by all sources",Kyle Backhus,,
"on authority, unranked by all sources",Carlos Hernandez,,
"on authority, unranked by all sources",Jose Castillo,,
"on authority, unranked by all sources",Jorge Lopez,,
"on authority, unranked by all sources",Yerry De Los Santos,,
"on authority, unranked by all sources",Weston Wilson,,
"on authority, unranked by all sources",Sam Long,,
"on authority, unranked by all sources",Marcus Stroman,,
"on authority, unranked by all sources",Josh Simpson,,
"on authority, unranked by all sources",Taylor Trammell,,
"on authority, unranked by all sources",Joel Peguero,,
"on authority, unranked by all sources",Collin Snider,,
"on authority, unranked by all sources",Carson Seymour,,
"on authority, unranked by all sources",Lyon Richardson,,
"on authority, unranked by all sources",Nate Eaton,,
"on authority, unranked by all sources",Matt Gage,,
"on authority, unranked by all sources",Austin Hedges,,
"on authority, unranked by all sources",DJ LeMahieu,,
"on authority, unranked by all sources",Pierson Ohl,,
"on authority, unranked by all sources",Matt Mervis,,
"on authority, unranked by all sources",Dan Altavilla,,
"on authority, unranked by all sources",Jake Woodford,,
"on authority, unranked by all sources",Matt Sauer,,
"on authority, unranked by all sources",Bryce Teodosio,,
"on authority, unranked by all sources",Rob Zastryzny,,
"on authority, unranked by all sources",Justin Hagenman,,
"on authority, unranked by all sources",Ryan Brasier,,
"on authority, unranked by all sources",Brandon Waddell,,
"on authority, unranked by all sources",Alex Jackson,,
"on authority, unranked by all sources",Grant Holman,,
"on authority, unranked by all sources",Jesus Tinoco,,
"on authority, unranked by all sources",Paxton Schultz,,
"on authority, unranked by all sources",Joshua Palacios,,
"on authority, unranked by all sources",Anthony Veneziano,,
"on authority, unranked by all sources",Travis Adams,,
"on authority, unranked by all sources",Joel Payamps,,
"on authority, unranked by all sources",Braxton Fulford,,
"on authority, unranked by all sources",Alek Jacob,,
"on authority, unranked by all sources",Carson Fulmer,,
"on authority, unranked by all sources",Chris Taylor,,
"on authority, unranked by all sources",Jon Berti,,
"on authority, unranked by all sources",Evan Sisk,,
"on authority, unranked by all sources",Bryce Johnson,,
"on authority, unranked by all sources",Easton Lucas,,
"on authority, unranked by all sources",Bryse Wilson,,
"on authority, unranked by all sources",Anthony Molina,,
"on authority, unranked by all sources",Corbin Martin,,
"on authority, unranked by all sources",Michael Tonkin,,
"on authority, unranked by all sources",Thomas Hatch,,
"on authority, unranked by all sources",J.C. Escarra,,
"on authority, unranked by all sources",Willie MacIver,,
"on authority, unranked by all sources",Tyler Wade,,
"on authority, unranked by all sources",Martin Maldonado,,
"on authority, unranked by all sources",Nick Sandlin,,
"on authority, unranked by all sources",Taylor Rashi,,
"on authority, unranked by all sources",Hunter Strickland,,
"on authority, unranked by all sources",Emmanuel Rivera,,
"on authority, unranked by all sources",Ryan Rolison,,
"on authority, unranked by all sources",Dauri Moreta,,
"on authority, unranked by all sources",Bradley Blalock,,
"on authority, unranked by all sources",Sean Reynolds,,
"on authority, unranked by all sources",Andre Granillo,,
"on authority, unranked by all sources",Yaramil Hiraldo,,
"on authority, unranked by all sources",Jesse Winker,,
"on authority, unranked by all sources",Kevin Newman,,
"on authority, unranked by all sources",Beau Brieske,,
"on authority, unranked by all sources",Sam Moll,,
"on authority, unranked by all sources",Jose Fermin,,
"on authority, unranked by all sources",Gustavo Campero,,
"on authority, unranked by all sources",Ian Gibaut,,
"on authority, unranked by all sources",Bryce Jarvis,,
"on authority, unranked by all sources",Ryan Fitzgerald,,
"on authority, unranked by all sources",Luis Curvelo,,
"on authority, unranked by all sources",John Brebbia,,
"on authority, unranked by all sources",Hunter Stratton,,
"on authority, unranked by all sources",Andrew Knizner,,
"on authority, unranked by all sources",Ben Rortvedt,,
"on authority, unranked by all sources",Cooper Hummel,,
"on authority, unranked by all sources",Nick Martini,,
"on authority, unranked by all sources",Jackson Kowar,,
"on authority, unranked by all sources",Mark Canha,,
"on authority, unranked by all sources",Julian Merryweather,,
"on authority, unranked by all sources",Tayler Scott,,
"on authority, unranked by all sources",Brett Harris,,
"on authority, unranked by all sources",Fraser Ellard,,
"on authority, unranked by all sources",Chris Devenski,,
"on authority, unranked by all sources",Ronny Simon,,
"on authority, unranked by all sources",Drew Millas,,
"on authority, unranked by all sources",Austin Cox,,
"on authority, unranked by all sources",Justin Bruihl,,
"on authority, unranked by all sources",Orlando Ribalta,,
"on authority, unranked by all sources",Matt Bowman,,
"on authority, unranked by all sources",DaShawn Keirsey,,
"on authority, unranked by all sources",Zak Kent,,
"on authority, unranked by all sources",Eric Haase,,
"on authority, unranked by all sources",Garrett Hampson,,
"on authority, unranked by all sources",Connor Gillispie,,
"on authority, unranked by all sources",Colin Selby,,
"on authority, unranked by all sources",Sam Hilliard,,
"on authority, unranked by all sources",Chris Stratton,,
"on authority, unranked by all sources",Hunter Feduccia,,
"on authority, unranked by all sources",Brett Wisely,,
"on authority, unranked by all sources",Cavan Biggio,,
"on authority, unranked by all sources",Eduardo Salazar,,
"on authority, unranked by all sources",Tim Mayza,,
"on authority, unranked by all sources",Zach Brzykcy,,
"on authority, unranked by all sources",Juan Burgos,,
"on authority, unranked by all sources",Danny Young,,
"on authority, unranked by all sources",Daniel Johnson,,
"on authority, unranked by all sources",Hunter Renfroe,,
"on authority, unranked by all sources",Zack Short,,
"on authority, unranked by all sources",Daniel Robert,,
"on authority, unranked by all sources",Jose Ruiz,,
"on authority, unranked by all sources",Ron Marinaccio,,
"on authority, unranked by all sources",T.J. McFarland,,
"on authority, unranked by all sources",Chris Roycroft,,
"on authority, unranked by all sources",Luke Maile,,
"on authority, unranked by all sources",Casey Lawrence,,
"on authority, unranked by all sources",Jayden Murray,,
"on authority, unranked by all sources",Freddy Tarnok,,
"on authority, unranked by all sources",Jhonny Pereda,,
"on authority, unranked by all sources",Vinny Capra,,
"on authority, unranked by all sources",Austin Warren,,
"on authority, unranked by all sources",Andrew Hoffmann,,
"on authority, unranked by all sources",Seth Brown,,
"on authority, unranked by all sources",Scott McGough,,
"on authority, unranked by all sources",Easton McGee,,
"on authority, unranked by all sources",Bob Seymour,,
"on authority, unranked by all sources",Elvin Rodriguez,,
"on authority, unranked by all sources",Stuart Fairchild,,
"on authority, unranked by all sources",Jonah Bride,,
"on authority, unranked by all sources",Scott Alexander,,
"on authority, unranked by all sources",Dominic Fletcher,,
"on authority, unranked by all sources",Sean Bouchard,,
"on authority, unranked by all sources",Nick Maton,,
"on authority, unranked by all sources",Jon Gray,,
"on authority, unranked by all sources",Jose De Leon,,
"on authority, unranked by all sources",Carson Spiers,,
"on authority, unranked by all sources",Nick Anderson,,
"on authority, unranked by all sources",Sauryn Lao,,
"on authority, unranked by all sources",Travis Jankowski,,
"on authority, unranked by all sources",Connor Joe,,
"on authority, unranked by all sources",Tim Anderson,,
"on authority, unranked by all sources",Penn Murfee,,
"on authority, unranked by all sources",Alan Rangel,,
"on authority, unranked by all sources",Luke Williams,,
"on authority, unranked by all sources",Brooks Kriske,,
"on authority, unranked by all sources",Erasmo Ramirez,,
"on authority, unranked by all sources",Bailey Horn,,
"on authority, unranked by all sources",Will Wilson,,
"on authority, unranked by all sources",Luis Contreras,,
"on authority, unranked by all sources",Cionel Perez,,
"on authority, unranked by all sources",Jacob Amaya,,
"on authority, unranked by all sources",Cody Laweryson,,
"on authority, unranked by all sources",Shaun Anderson,,
"on authority, unranked by all sources",Luis Guerrero,,
"on authority, unranked by all sources",Luis Vazquez,,
"on authority, unranked by all sources",Liam Hendriks,,
"on authority, unranked by all sources",Sean Guenther,,
"on authority, unranked by all sources",Josh Winckowski,,
"on authority, unranked by all sources",Kevin Herget,,
"on authority, unranked by all sources",Sean Hjelle,,
"on authority, unranked by all sources",Brian Van Belle,,
"on authority, unranked by all sources",Connor Seabold,,
"on authority, unranked by all sources",Roddery Munoz,,
"on authority, unranked by all sources",Hayden Senger,,
"on authority, unranked by all sources",Tyler Zuber,,
"on authority, unranked by all sources",Tayler Saucedo,,
"on authority, unranked by all sources",Daz Cameron,,
"on authority, unranked by all sources",Sam Huff,,
"on authority, unranked by all sources",Richard Lovelady,,
"on authority, unranked by all sources",Nick Hernandez,,
"on authority, unranked by all sources",Luken Baker,,
"on authority, unranked by all sources",Jared Shuster,,
"on authority, unranked by all sources",Kendall Graveman,,
"on authority, unranked by all sources",Michael Darrell-Hicks,,
"on authority, unranked by all sources",Dugan Darnell,,
"on authority, unranked by all sources",Victor Mederos,,
"on authority, unranked by all sources",Ethan Roberts,,
"on authority, unranked by all sources",Bryan Hoeing,,
"on authority, unranked by all sources",Tommy Henry,,
"on authority, unranked by all sources",Roansy Contreras,,
"on authority, unranked by all sources",Gavin Hollowell,,
"on authority, unranked by all sources",Darren McCaughan,,
"on authority, unranked by all sources",Ben Bowden,,
"on authority, unranked by all sources",Luis Peralta,,
"on authority, unranked by all sources",Oliver Dunn,,
"on authority, unranked by all sources",Julian Fernandez,,
"on authority, unranked by all sources",Wade Miley,,
"on authority, unranked by all sources",Brian Navarreto,,
"on authority, unranked by all sources",Eduarniel Núñez,,
"on authority, unranked by all sources",Logan VanWey,,
"on authority, unranked by all sources",Lazaro Estrada,,
"on authority, unranked by all sources",Oscar Gonzalez,,
"on authority, unranked by all sources",Davis Daniel,,
"on authority, unranked by all sources",Paul Gervase,,
"on authority, unranked by all sources",Matt Gorski,,
"on authority, unranked by all sources",Jose Azocar,,
"on authority, unranked by all sources",Mason McCoy,,
"on authority, unranked by all sources",Yosver Zulueta,,
"on authority, unranked by all sources",Tomas Nido,,
"on authority, unranked by all sources",Noah Murdock,,
"on authority, unranked by all sources",Nick Burdi,,
"on authority, unranked by all sources",Ryan Noda,,
"on authority, unranked by all sources",Trenton Brooks,,
"on authority, unranked by all sources",Tanner Rainey,,
"on authority, unranked by all sources",Elvis Peguero,,
"on authority, unranked by all sources",Gerson Garabito,,
"on authority, unranked by all sources",Ji-Hwan Bae,,
"on authority, unranked by all sources",Jorge Alfaro,,
"on authority, unranked by all sources",Jose Barrero,,
"on authority, unranked by all sources",Sebastian Rivero,,
"on authority, unranked by all sources",Carl Edwards Jr.,,
"on authority, unranked by all sources",David Villar,,
"on authority, unranked by all sources",Sammy Peralta,,
"on authority, unranked by all sources",Pablo Reyes,,
"on authority, unranked by all sources",Austin Barnes,,
"on authority, unranked by all sources",Joey Gerber,,
"on authority, unranked by all sources",Josh Walker,,
"on authority, unranked by all sources",Will Robertson,,
"on authority, unranked by all sources",Dillon Tate,,
"on authority, unranked by all sources",Logan Davidson,,
"on authority, unranked by all sources",Jose Espada,,
"on authority, unranked by all sources",Randy Wynne,,
"on authority, unranked by all sources",Tyler Matzek,,
"on authority, unranked by all sources",Ryan Burr,,
"on authority, unranked by all sources",Scott Effross,,
"on authority, unranked by all sources",Austin Nola,,
"on authority, unranked by all sources",Alan Trejo,,
"on authority, unranked by all sources",Billy McKinney,,
"on authority, unranked by all sources",Garrett McDaniels,,
"on authority, unranked by all sources",Yuli Gurriel,,
"on authority, unranked by all sources",Zach Thompson,,
"on authority, unranked by all sources",Codi Heuer,,
"on authority, unranked by all sources",Seth Martinez,,
"on authority, unranked by all sources",Logan Gillaspie,,
"on authority, unranked by all sources",Ty Adcock,,
"on authority, unranked by all sources",Justin Garza,,
"on authority, unranked by all sources",Mason Thompson,,
"on authority, unranked by all sources",Spencer Turnbull,,
"on authority, unranked by all sources",Dairon Blanco,,
"on authority, unranked by all sources",Luarbert Arias,,
"on authority, unranked by all sources",Tom Cosgrove,,
"on authority, unranked by all sources",Keston Hiura,,
"on authority, unranked by all sources",Allan Winans,,
"on authority, unranked by all sources",Petey Halpin,,
"on authority, unranked by all sources",Bobby Dalbec,,
"on authority, unranked by all sources",Chadwick Tromp,,
"on authority, unranked by all sources",Jack Winkler,,
"on authority, unranked by all sources",Jacob Barnes,,
"on authority, unranked by all sources",Michael Fulmer,,
"on authority, unranked by all sources",Omar Cruz,,
"on authority, unranked by all sources",Owen White,,
"on authority, unranked by all sources",Philip Abner,,
"on authority, unranked by all sources",Trevor Richards,,
"on authority, unranked by all sources",Omar Narvaez,,
"on authority, unranked by all sources",Anthony Misiewicz,,
"on authority, unranked by all sources",Jovani Moran,,
"on authority, unranked by all sources",Ian Anderson,,
"on authority, unranked by all sources",Wander Suero,,
"on authority, unranked by all sources",Rhylan Thomas,,
"on authority, unranked by all sources",Manuel Margot,,
"on authority, unranked by all sources",Colin Poche,,
"on authority, unranked by all sources",Isaiah Campbell,,
"on authority, unranked by all sources",Christian Montes De Oca,,
"on authority, unranked by all sources",Jose Quijada,,
"on authority, unranked by all sources",Brewer Hicklen,,
"on authority, unranked by all sources",Michael Siani,,
"on authority, unranked by all sources",Christian Roa,,
"on authority, unranked by all sources",Corey Julks,,
"on authority, unranked by all sources",Michael Stefanic,,
"on authority, unranked by all sources",Rich Hill,,
"on authority, unranked by all sources",Miguel Castro,,
"on authority, unranked by all sources",Matt Krook,,
"on authority, unranked by all sources",Caleb Freeman,,
"on authority, unranked by all sources",Nicky Lopez,,
"on authority, unranked by all sources",Owen Miller,,
"on authority, unranked by all sources",Ali Sanchez,,
"on authority, unranked by all sources",Cesar Salazar,,
"on authority, unranked by all sources",Scott Kingery,,
"on authority, unranked by all sources",Vimael Machin,,
"on authority, unranked by all sources",Sandy Leon,,
"on authority, unranked by all sources",Anthony Maldonado,,
"on authority, unranked by all sources",Patrick Monteverde,,
"on authority, unranked by all sources",Buddy Kennedy,,
"on authority, unranked by all sources",Ryan Loutos,,
"on authority, unranked by all sources",Logan Porter,,
"on authority, unranked by all sources",Michel Otanez,,
"on authority, unranked by all sources",Jeff Brigham,,
"on authority, unranked by all sources",Brett Sullivan,,
"on authority, unranked by all sources",Akil Baddoo,,
"on authority, unranked by all sources",Connor Kaiser,,
"on authority, unranked by all sources",Cam Sanders,,
"on authority, unranked by all sources",Reiver Sanmartin,,
"on authority, unranked by all sources",Gregory Santos,,
"on authority, unranked by all sources",Kyle Nelson,,
"on authority, unranked by all sources",J.P. Feyereisen,,
"on authority, unranked by all sources",Mike Clevinger,,
"on authority, unranked by all sources",Jacob Hurtubise,,
"on authority, unranked by all sources",Nick Raquet,,
"on authority, unranked by all sources",Touki Toussaint,,
"on authority, unranked by all sources",Luis F. Castillo,,
"on authority, unranked by all sources",Jhonathan Diaz,,
"on authority, unranked by all sources",Lucas Sims,,
"on authority, unranked by all sources",Blake Sabol,,
"on authority, unranked by all sources",Lucas Gilbreath,,
"on authority, unranked by all sources",Austin Pope,,
"on authority, unranked by all sources",Rob Brantly,,
"on authority, unranked by all sources",Adam Ottavino,,
"on authority, unranked by all sources",Carson Ragsdale,,
"on authority, unranked by all sources",Bruce Zimmermann,,
"on authority, unranked by all sources",Jack Little,,
"on authority, unranked by all sources",John Rooney,,
"on authority, unranked by all sources",Drew Avans,,
"on authority, unranked by all sources",Tucker Barnhart,,
"on authority, unranked by all sources",Eli Morgan,,
"on authority, unranked by all sources",Jesse Hahn,,
"on authority, unranked by all sources",Alex Carrillo,,
"on authority, unranked by all sources",Jonathan Ornelas,,
"on authority, unranked by all sources",Carter Kieboom,,
"on authority, unranked by all sources",Angel Perdomo,,
"on authority, unranked by all sources",Steward Berroa,,
"on authority, unranked by all sources",Garrett Stubbs,,
"on authority, unranked by all sources",Tyler Owens,,
"on authority, unranked by all sources",Maverick Handley,,
"on authority, unranked by all sources",Cal Stevenson,,
"on authority, unranked by all sources",Dom Nunez,,
"on authority, unranked by all sources",Luis Guillorme,,
"on authority, unranked by all sources",Casey Kelly,,
"on authority, unranked by all sources",Kenedy Corona,,
"on authority, unranked by all sources",Justin Dean,,
"on authority, unranked by all sources",Coco Montes,,
"on authority, unranked by all sources",Joe La Sorsa,,
"on authority, unranked by all sources",Joe Mantiply,,
"on authority, unranked by all sources",Robinson Pina,,
"on authority, unranked by all sources",Noah Davis,,
"on authority, unranked by all sources",Tristin English,,
"on authority, unranked by all sources",Chuckie Robinson,,
"on authority, unranked by all sources",Eddie Rosario,,
"on authority, unranked by all sources",Hayden Harris,,
"on authority, unranked by all sources",Rolddy Munoz,,
"on authority, unranked by all sources",Xzavion Curry,,
"on authority, unranked by all sources",Michael Mercado,,
"on authority, unranked by all sources",Jon Singleton,,
"on authority, unranked by all sources",David Banuelos,,
"on authority, unranked by all sources",Jesus Aguilar,,
"on authority, unranked by all sources",Heisell Baro,,
"on authority, unranked by all sources",Brad Boxberger,,
"on authority, unranked by all sources",Matt Bush,,
"on authority, unranked by all sources",Justin Dirden,,
"on authority, unranked by all sources",Tyler Esplin,,
"on authority, unranked by all sources",Rony Garcia,,
"on authority, unranked by all sources",Mychal Givens,,
"on authority, unranked by all sources",Yan Gomes,,
"on authority, unranked by all sources",Brad Hand,,
"on authority, unranked by all sources",Dauri Lorenzo,,
"on authority, unranked by all sources",Aaron Loup,,
"on authority, unranked by all sources",Austin Meadows,,
"on authority, unranked by all sources",Brad Miller,,
"on authority, unranked by all sources",Rougned Odor,,
"on authority, unranked by all sources",Jake Odorizzi,,
"on authority, unranked by all sources",Jace Peterson,,
"on authority, unranked by all sources",Jose Rodriguez,,
"on authority, unranked by all sources",Reid Schaller,,
"on authority, unranked by all sources",Jesse Franklin,,
"on authority, unranked by all sources",Cristopher Cruz,,
"on authority, unranked by all sources",Zach Davies,,
"on authority, unranked by all sources",John Doxakis,,
"on authority, unranked by all sources",Daulton Jefferies,,
"on authority, unranked by all sources",Alex Reyes,,
"on authority, unranked by all sources",Hunter Barnhart,,
"on authority, unranked by all sources",Matt Barnes,,
"on authority, unranked by all sources",Wil Crowe,,
"on authority, unranked by all sources",Eduardo Escobar,,
"on authority, unranked by all sources",Aaron Hicks,,
"on authority, unranked by all sources",Chandler Redmond,,
"on authority, unranked by all sources",Brian Anderson,,
"on authority, unranked by all sources",Peyton Burdick,,
"on authority, unranked by all sources",Lucius Fox,,
"on authority, unranked by all sources",Avisail Garcia,,
"on authority, unranked by all sources",Luis Rodriguez,,
"on authority, unranked by all sources",Chris Seise,,
"on authority, unranked by all sources",Starlyn Castillo,,
"on authority, unranked by all sources",Cody Morris,,
"on authority, unranked by all sources",Hunter Dozier,,
"on authority, unranked by all sources",Jacob Gonzalez,,
"on authority, unranked by all sources",DJ Peters,,
"on authority, unranked by all sources",Greg Deichmann,,
"on authority, unranked by all sources",Drew Rucinski,,
"on authority, unranked by all sources",Brandon Belt,,
"on authority, unranked by all sources",Chris Clarke,,
"on authority, unranked by all sources",Josh Crouch,,
"on authority, unranked by all sources",Franklin German,,
"on authority, unranked by all sources",Max Stassi,,
"on authority, unranked by all sources",Julio Teheran,,
"on authority, unranked by all sources",Zack Greinke,,
"on authority, unranked by all sources",Kyle Lewis,,
"on authority, unranked by all sources",Justice Thompson,,
"on authority, unranked by all sources",Andrew Bellatti,,
"on authority, unranked by all sources",Matthew Dyer,,
"on authority, unranked by all sources",Paolo Espino,,
"on authority, unranked by all sources",Ronny Rojas,,
"on authority, unranked by all sources",Joey Wendle,,
"on authority, unranked by all sources",Alexander Mojica,,
"on authority, unranked by all sources",Jose Abreu,,
"on authority, unranked by all sources",Adinso Reyes,,
"on authority, unranked by all sources",Yasel Antuna,,
"on authority, unranked by all sources",Phil Clarke,,
"on authority, unranked by all sources",Seth Corry,,
"on authority, unranked by all sources",Shane Marshall,,
"on authority, unranked by all sources",Anderson Paula,,
"on authority, unranked by all sources",Matt Tabor,,
"on authority, unranked by all sources",Evan White,,
"on authority, unranked by all sources",Peyton Battenfield,,
"on authority, unranked by all sources",Chance Adams,,
"on authority, unranked by all sources",Brendon Davis,,
"on authority, unranked by all sources",Lolo Sánchez,,
"on authority, unranked by all sources",C.J. Cron,,
"on authority, unranked by all sources",Andelzon Abad,,
"on authority, unranked by all sources",Melvin Adon,,
"on authority, unranked by all sources",Seth Elledge,,
"on authority, unranked by all sources",David Fletcher,,
"on authority, unranked by all sources",Andrew Politi,,
"on authority, unranked by all sources",Tyler Collins,,
"on authority, unranked by all sources",Joe Dunand,,
"on authority, unranked by all sources",Trey Harris,,
"on authority, unranked by all sources",James Norwood,,
"on authority, unranked by all sources",Jorge Ona,,
"on authority, unranked by all sources",Cody Sedlock,,
"on authority, unranked by all sources",Manuel Sequera,,
"on authority, unranked by all sources",Graeme Stinson,,
"on authority, unranked by all sources",Hiroshi Takahashi,,
"on authority, unranked by all sources",Jasseel De La Cruz,,
"on authority, unranked by all sources",Yeison Perez,,
"on authority, unranked by all sources",Ethan Hankins,,
"on authority, unranked by all sources",Brayan Medina,,
"on authority, unranked by all sources",Mason Denaburg,,
"on authority, unranked by all sources",Alec Willis,,
"on authority, unranked by all sources",Jhonny Piron,,
"on authority, unranked by all sources",Mack Anglin,,
"on authority, unranked by all sources",Juan Garcia,,
"on authority, unranked by all sources",Anthony Migliaccio,,
"on authority, unranked by all sources",Luis Ortiz,,
"on authority, unranked by all sources",James Parker,,
"on authority, unranked by all sources",Brett Phillips,,
"on authority, unranked by all sources",Alonzo Rubalcaba,,
"on authority, unranked by all sources",Blake Rutherford,,
"on authority, unranked by all sources",Junior Sanquintin,,
"on authority, unranked by all sources",Railin Tejada,,
"on authority, unranked by all sources",Logan Van Treeck,,
"on authority, unranked by all sources",Logan Warmoth,,
"on authority, unranked by all sources",Zack Brown,,
"on authority, unranked by all sources",Jimmy Lewis,,
"on authority, unranked by all sources",Jairo Solis,,
"on authority, unranked by all sources",Travis Blankenhorn,,
"on authority, unranked by all sources",Will Ethridge,,
"on authority, unranked by all sources",Wilmer Feliciano,,
"on authority, unranked by all sources",Luis Gonzalez,,
"on authority, unranked by all sources",Brian Miller,,
"on authority, unranked by all sources",Jose Pena,,
"on authority, unranked by all sources",Erick Hernandez,,
"on authority, unranked by all sources",Josmar Acevedo,,
"on authority, unranked by all sources",Jordan Brewer,,
"on authority, unranked by all sources",Brainer Bonaci,,
"on authority, unranked by all sources",Casey Martin,,
"on authority, unranked by all sources",Wyatt Henseler,,
"on authority, unranked by all sources",Niko Hulsizer,,
"on authority, unranked by all sources",Garrett Cooper,,
"on authority, unranked by all sources",Riley Pint,,
"on authority, unranked by all sources",Luis Valdez,,
"on authority, unranked by all sources",Tanner Allen,,
"on authority, unranked by all sources",Jauri Custodio,,
"on authority, unranked by all sources",Richi Gonzalez,,
"on authority, unranked by all sources",Ramon Ramirez,,
"on authority, unranked by all sources",Javier Santos,,
"on authority, unranked by all sources",Kevin Smith,,
"on authority, unranked by all sources",Elijah Tatis,,
"on authority, unranked by all sources",Brailyn Marquez,,
"on authority, unranked by all sources",Josh Mears,,
"on authority, unranked by all sources",Kohl Simas,,
"on authority, unranked by all sources",Simon Miller,,
"on authority, unranked by all sources",Brendan McKay,,
"on authority, unranked by all sources",Matt Wyatt,,
"on authority, unranked by all sources",Wes Clarke,,
"on authority, unranked by all sources",Nick Neidert,,
"on authority, unranked by all sources",Jack Herman,,
"on authority, unranked by all sources",Chris McMahon,,
"on authority, unranked by all sources",Packy Naughton,,
"on authority, unranked by all sources",Jordyn Adams,,
"on authority, unranked by all sources",Estuar Suero,,
"on authority, unranked by all sources",Samuel Acuna,,
"on authority, unranked by all sources",Carlos Aguiar,,
"on authority, unranked by all sources",Martin Gimenez,,
"on authority, unranked by all sources",Rikelbin De Castro,,
"on authority, unranked by all sources",Peter Van Loon,,
"on authority, unranked by all sources",Ryan Jennings,,
"on authority, unranked by all sources",Sandro Gaston,,
"on authority, unranked by all sources",Joe Elbis,,
"on authority, unranked by all sources",Julio Urias,,
"on authority, unranked by all sources",Brett Banks,,
"on authority, unranked by all sources",Gilbert Lara,,
"on authority, unranked by all sources",Elmer Rodriguez,,
"on authority, unranked by all sources",Wandy Abreu,,
"on authority, unranked by all sources",LuJames Groover,,
"on authority, unranked by all sources",Roch Cholowsky,,
"on authority, unranked by all sources",Boston Smith,,
"on authority, unranked by all sources",Easton Shelton,,
"on authority, unranked by all sources",Ben Jacobs,,
"on authority, unranked by all sources",Bryce Mayer,,
"on authority, unranked by all sources",Manuel Pena,,
"on authority, unranked by all sources",Grady Emerson,,
"on authority, unranked by all sources",Bryan Rincon,,
"on authority, unranked by all sources",Dylan Jordan,,
"on authority, unranked by all sources",Jhomnardo Reyes,,
"on authority, unranked by all sources",Zach Ehrhard,,
"on authority, unranked by all sources",Jackson Flora,,
"on authority, unranked by all sources",Rafe Perich,,
"on authority, unranked by all sources",Nate Payne,,
"on authority, unranked by all sources",Wilder Dalis,,
"on authority, unranked by all sources",Hector Osorio,,
"on authority, unranked by all sources",Mason Peters,,
"on authority, unranked by all sources",Brady Smith,,
"on authority, unranked by all sources",Sean Paul Linan,,
"on authority, unranked by all sources",Brock Rodden,,
"on authority, unranked by all sources",Keyner Martinez,,
"on authority, unranked by all sources",Aaron Walton,,
"on authority, unranked by all sources",Eliazar Dishmey,,
"on authority, unranked by all sources",Alex McFarlane,,
"on authority, unranked by all sources",Juan Martinez,,
"on authority, unranked by all sources",Andrew Sears,,
"on authority, unranked by all sources",Josh Ekness,,
"on authority, unranked by all sources",Yeremy Cabrera,,
"on authority, unranked by all sources",Julian Garcia,,
"on authority, unranked by all sources",Drew Burress,,
"on authority, unranked by all sources",Aidan Cremarosa,,
"on authority, unranked by all sources",Ryan Cesarini,,
"on authority, unranked by all sources",Seong-Jun Kim,,
"on authority, unranked by all sources",Junior Sanchez,,
"on authority, unranked by all sources",Jaiden Lo Re,,
"on authority, unranked by all sources",Jacob Lombard,,
"on authority, unranked by all sources",Axiel Plaz,,
"on authority, unranked by all sources",Luis Arana,,
"on authority, unranked by all sources",Mason Molina,,
"on authority, unranked by all sources",Justin Lebron,,
"on authority, unranked by all sources",Jacob Odle,,
"on authority, unranked by all sources",Jackson Steensma,,
"on authority, unranked by all sources",Breyson Guedez,,
"on authority, unranked by all sources",Handelfry Encarnacion,,
"on authority, unranked by all sources",Alimber Santa,,
"on authority, unranked by all sources",Luis Gastelum,,
"on authority, unranked by all sources",Tejay Antone,,
"on authority, unranked by all sources",Kaleb Wing,,
"on authority, unranked by all sources",Jake Munroe,,
"on authority, unranked by all sources",Peyton Gray,,
"on authority, unranked by all sources",Andrew Pinckney,,
"on authority, unranked by all sources",Jack Gurevitch,,
"on authority, unranked by all sources",John Holobetz,,
"on authority, unranked by all sources",Ricky Cabrera,,
"on authority, unranked by all sources",Brendan Beck,,
"on authority, unranked by all sources",Mason McGwire,,
"on authority, unranked by all sources",Blaine Bullard,,
"on authority, unranked by all sources",Gio Rojas,,
"on authority, unranked by all sources",Rikuu Nishida,,
"on authority, unranked by all sources",Braiden Ward,,
"on authority, unranked by all sources",Josh Kasevich,,
"on authority, unranked by all sources",Carter Baumler,,
"on authority, unranked by all sources",Talon Haley,,
"on authority, unranked by all sources",Teruaki Sato,,
"on authority, unranked by all sources",Bruin Agbayani,,
"on authority, unranked by all sources",Gage Ziehl,,
"on authority, unranked by all sources",C.J. Culpepper,,
"on authority, unranked by all sources",Reinold Navarro,,
"on authority, unranked by all sources",Cameron Flukey,,
"on authority, unranked by all sources",Isaiah Drake,,
"on authority, unranked by all sources",Yordany De Los Santos,,
"on authority, unranked by all sources",Enmanuel De Jesus,,
"on authority, unranked by all sources",Ethan Bagwell,,
"on authority, unranked by all sources",Miguel Hernandez,,
"on authority, unranked by all sources",Kade Morris,,
"on authority, unranked by all sources",Jose Ramos,,
"on authority, unranked by all sources",Young Woong Kim,,
"on authority, unranked by all sources",Levi Wells,,
"on authority, unranked by all sources",Nate Snead,,
"on authority, unranked by all sources",Jason Schiavone,,
"on authority, unranked by all sources",Jose Franco,,
"on authority, unranked by all sources",Alirio Ferrebus,,
"on authority, unranked by all sources",Liam Peterson,,
"on authority, unranked by all sources",Kevin Made,,
"on authority, unranked by all sources",Drew Cavanaugh,,
"on authority, unranked by all sources",Sam Petersen,,
"on authority, unranked by all sources",Owen Carey,,
"on authority, unranked by all sources",Zane Taylor,,
"on authority, unranked by all sources",Derek Curiel,,
"on authority, unranked by all sources",Harold Rivas,,
"on authority, unranked by all sources",Carson Roccaforte,,
"on authority, unranked by all sources",Luke Murphy,,
"on authority, unranked by all sources",Dean Livingston,,
"on authority, unranked by all sources",Kaeden Kent,,
"on authority, unranked by all sources",Brian Curley,,
"on authority, unranked by all sources",Richard Matic,,
"on authority, unranked by all sources",Luke Hill,,
"on authority, unranked by all sources",Carlos Virahonda,,
"on authority, unranked by all sources",Alejandro Blasco,,
"on authority, unranked by all sources",Tyler Bell,,
"on authority, unranked by all sources",Luis De La Torre,,
"on authority, unranked by all sources",Jefry Yan,,
"on authority, unranked by all sources",Dylan Brown,,
"on authority, unranked by all sources",A.J. Gracia,,
"on authority, unranked by all sources",Aidan Curry,,
"on authority, unranked by all sources",Ace Reese,,
"on authority, unranked by all sources",Brendan Jones,,
"on authority, unranked by all sources",Dixon Williams,,
"on authority, unranked by all sources",Wellington Aracena,,
"on authority, unranked by all sources",Steven Echavarria,,
"on authority, unranked by all sources",Shunpeita Yamashita,,
"on authority, unranked by all sources",Alika Williams,,
"on authority, unranked by all sources",Jirvin Morillo,,
"on authority, unranked by all sources",Chris Hacopian,,
"on authority, unranked by all sources",Kyle Lodise,,
"on authority, unranked by all sources",Ben Malgeri,,
"on authority, unranked by all sources",Jose Salas,,
"on authority, unranked by all sources",Colby Shelton,,
"on authority, unranked by all sources",Cade Winquest,,
"on authority, unranked by all sources",Jordan Groshans,,
"on authority, unranked by all sources",Michael Martinez,,
"on authority, unranked by all sources",Gerardo Carrillo,,
"on authority, unranked by all sources",Gabe Davis,,
"on authority, unranked by all sources",Jackson Lovich,,
"on authority, unranked by all sources",Luis Fragoza,,
"on authority, unranked by all sources",James Ellwanger,,
"on authority, unranked by all sources",Patrick Copen,,
"on authority, unranked by all sources",Keyner Benitez,,
"on authority, unranked by all sources",Lucas Elissalt,,
"on authority, unranked by all sources",Chad Dallas,,
"on authority, unranked by all sources",Jaron DeBerry,,
"on authority, unranked by all sources",Allen Facundo,,
"on authority, unranked by all sources",Ed Howard,,
"on authority, unranked by all sources",Jace Beck,,
"on authority, unranked by all sources",Jared Grindlinger,,
"on authority, unranked by all sources",Wilfri De La Cruz,,
"on authority, unranked by all sources",Rintaro Sasaki,,
"on authority, unranked by all sources",Tanner Murray,,
"on authority, unranked by all sources",Jean Cabrera,,
"on authority, unranked by all sources",Zion Rose,,
"on authority, unranked by all sources",Brooks Brannon,,
"on authority, unranked by all sources",Leandro Lopez,,
"on authority, unranked by all sources",Kyle Carr,,
"on authority, unranked by all sources",Mike Paredes,,
"on authority, unranked by all sources",Jace Avina,,
"on authority, unranked by all sources",Alec Gamboa,,
"on authority, unranked by all sources",Dax Whitney,,
"on authority, unranked by all sources",Turner Hill,,
"on authority, unranked by all sources",Dalton Pence,,
"on authority, unranked by all sources",Trevor Cohen,,
"on authority, unranked by all sources",Angel Bastardo,,
"on authority, unranked by all sources",Angel De Los Santos,,
"on authority, unranked by all sources",Manuel Rodriguez,,
"on authority, unranked by all sources",Dylan Ross,,
"on authority, unranked by all sources",Sawyer Strosnider,,
"on authority, unranked by all sources",Robby Ahlstrom,,
"on authority, unranked by all sources",Easton Carmichael,,
"on authority, unranked by all sources",Welinton Herrera,,
"on authority, unranked by all sources",James Hicks,,
"on authority, unranked by all sources",William Kempner,,
"on authority, unranked by all sources",Cesar Perdomo,,
"on authority, unranked by all sources",Hunter Dietz,,
"on authority, unranked by all sources",Johanfran Garcia,,
"on authority, unranked by all sources",Cam Maldonado,,
"on authority, unranked by all sources",Lucas Spence,,
"on authority, unranked by all sources",Brandan Bidois,,
"on authority, unranked by all sources",Patrick Clohisy,,
"on authority, unranked by all sources",Matt Barr,,
"on authority, unranked by all sources",Gavin Collyer,,
"on authority, unranked by all sources",Franyerber Montilla,,
"on authority, unranked by all sources",Nate Dohm,,
"on authority, unranked by all sources",Jacob Kisting,,
"on authority, unranked by all sources",Noah Miller,,
"on authority, unranked by all sources",Javier Mogollon,,
"on authority, unranked by all sources",Robert Puason,,
"on authority, unranked by all sources",Jayden Dubanewicz,,
"on authority, unranked by all sources",Ty Harvey,,
"on authority, unranked by all sources",Anthony Huezo,,
"on authority, unranked by all sources",Jake Cook,,
"on authority, unranked by all sources",Jackson Cox,,
"on authority, unranked by all sources",Nate Furman,,
"on authority, unranked by all sources",Carter Graham,,
"on authority, unranked by all sources",Eli Pitts,,
"on authority, unranked by all sources",Alexander Alberto,,
"on authority, unranked by all sources",Peyton Graham,,
"on authority, unranked by all sources",Blake Larson,,
"on authority, unranked by all sources",Boston Baro,,
"on authority, unranked by all sources",Eric Brown,,
"on authority, unranked by all sources",Herick Hernandez,,
"on authority, unranked by all sources",Tucker Musgrove,,
"on authority, unranked by all sources",Ryan Gallagher,,
"on authority, unranked by all sources",Drew Rom,,
"on authority, unranked by all sources",Ben Grable,,
"on authority, unranked by all sources",Fenwick Trimble,,
"on authority, unranked by all sources",Eli Serrano,,
"on authority, unranked by all sources",Angel Feliz,,
"on authority, unranked by all sources",Louis Andujar,,
"on authority, unranked by all sources",Victor Arias,,
"on authority, unranked by all sources",Luis Durango,,
"on authority, unranked by all sources",Randy Guzman,,
"on authority, unranked by all sources",Brooks Caple,,
"on authority, unranked by all sources",Izaac Pacheco,,
"on authority, unranked by all sources",Reginald Preciado,,
"on authority, unranked by all sources",Tucker Toman,,
"on authority, unranked by all sources",Sheng-En Lin,,
"on authority, unranked by all sources",Jacob Morrison,,
"on authority, unranked by all sources",Tyler Samaniego,,
"on authority, unranked by all sources",Raynel Delgado,,
"on authority, unranked by all sources",Isaiah Lowe,,
"on authority, unranked by all sources",Liomar Martinez,,
"on authority, unranked by all sources",Aaron Sabato,,
"on authority, unranked by all sources",Jared Jones,,
"on authority, unranked by all sources",Nathan Hickey,,
"on authority, unranked by all sources",Hiroto Takahashi,,
"on authority, unranked by all sources",Gage Miller,,
"on authority, unranked by all sources",Pedro Pineda,,
"on authority, unranked by all sources",Juan Tomas,,
"on authority, unranked by all sources",Mani Cedeno,,
"on authority, unranked by all sources",Jaron Elkins,,
"on authority, unranked by all sources",Adam Kloffenstein,,
"on authority, unranked by all sources",Andreimi Antunez,,
"on authority, unranked by all sources",Riley Martin,,
"on authority, unranked by all sources",Ryan Watson,,
"on authority, unranked by all sources",Jared Kelley,,
"on authority, unranked by all sources",Stharlin Torres,,
"on authority, unranked by all sources",Francisco Vilorio,,
"on authority, unranked by all sources",Ayden Johnson,,
"on authority, unranked by all sources",Hiromi Itoh,,
"on authority, unranked by all sources",Alonzo Tredwell,,
"on authority, unranked by all sources",Jase Bowen,,
"on authority, unranked by all sources",Pico Kohn,,
"on authority, unranked by all sources",Brendan Lawson,,
"on authority, unranked by all sources",Juan Torres,,
"on authority, unranked by all sources",Peter Kussow,,
"on authority, unranked by all sources",Mason Morris,,
"on authority, unranked by all sources",Hayden Mullins,,
"on authority, unranked by all sources",John Peck,,
"on authority, unranked by all sources",Xavier Cruz,,
"on authority, unranked by all sources",CJ Van Eyk,,
"on authority, unranked by all sources",Cedric De Grandpre,,
"on authority, unranked by all sources",Tyler Schweitzer,,
"on authority, unranked by all sources",Jay Harry,,
"on authority, unranked by all sources",Mason Miller,,
"on authority, unranked by all sources",Blake Burkhalter,,
"on authority, unranked by all sources",James Karinchak,,
"on authority, unranked by all sources",Teddy McGraw,,
"on authority, unranked by all sources",Teilon Serrano,,
"on authority, unranked by all sources",Gabriel Rodriguez,,
"on authority, unranked by all sources",Alex Binelas,,
"on authority, unranked by all sources",Trei Cruz,,
"on authority, unranked by all sources",Xavier Rivas,,
"on authority, unranked by all sources",Ben Cowles,,
"on authority, unranked by all sources",Jake Miller,,
"on authority, unranked by all sources",Cade Smith,,
"on authority, unranked by all sources",Avery Owusu-Asiedu,,
"on authority, unranked by all sources",Cutter Coffey,,
"on authority, unranked by all sources",Kenny Fenelon,,
"on authority, unranked by all sources",Juan Flores,,
"on authority, unranked by all sources",Yorman Gomez,,
"on authority, unranked by all sources",Ty Southisene,,
"on authority, unranked by all sources",Josh Stephan,,
"on authority, unranked by all sources",Kavares Tears,,
"on authority, unranked by all sources",Jack Anderson,,
"on authority, unranked by all sources",Garrett Stallings,,
"on authority, unranked by all sources",Brody Bumila,,
"on authority, unranked by all sources",Alex Hoppe,,
"on authority, unranked by all sources",Kiefer Lord,,
"on authority, unranked by all sources",Iker Redona,,
"on authority, unranked by all sources",Tegan Kuhns,,
"on authority, unranked by all sources",Ricardo Olivar,,
"on authority, unranked by all sources",Eduardo Herrera,,
"on authority, unranked by all sources",Luis Serna,,
"on authority, unranked by all sources",Liberts Aponte,,
"on authority, unranked by all sources",Josue Brito,,
"on authority, unranked by all sources",Luis Escudero,,
"on authority, unranked by all sources",Cody Miller,,
"on authority, unranked by all sources",Cole Schoenwetter,,
"on authority, unranked by all sources",Keoni Cavaco,,
"on authority, unranked by all sources",Byron Chourio,,
"on authority, unranked by all sources",Travis Honeyman,,
"on authority, unranked by all sources",JoJo Jackson,,
"on authority, unranked by all sources",Brock Jones,,
"on authority, unranked by all sources",Marlon Nieves,,
"on authority, unranked by all sources",Andres Valor,,
"on authority, unranked by all sources",Daviel Hurtado,,
"on authority, unranked by all sources",Tanner Thach,,
"on authority, unranked by all sources",Carlos Sanchez,,
"on authority, unranked by all sources",Sam Shaw,,
"on authority, unranked by all sources",Jose Bello,,
"on authority, unranked by all sources",CJ Hughes,,
"on authority, unranked by all sources",Max Williams,,
"on authority, unranked by all sources",Eddy Yean,,
"on authority, unranked by all sources",Griffin Hugus,,
"on authority, unranked by all sources",Brett Kerry,,
"on authority, unranked by all sources",Jack Cebert,,
"on authority, unranked by all sources",JJ Goss,,
"on authority, unranked by all sources",Nico Perez,,
"on authority, unranked by all sources",Jacob Cozart,,
"on authority, unranked by all sources",Tyler Uberstine,,
"on authority, unranked by all sources",Chen Zhong-Ao Zhuang,,
"on authority, unranked by all sources",Ryan Cusick,,
"on authority, unranked by all sources",Ashton Izzi,,
"on authority, unranked by all sources",Yassel Soler,,
"on authority, unranked by all sources",Elvin Garcia,,
"on authority, unranked by all sources",Cole Hertzler,,
"on authority, unranked by all sources",Do Yeong Kim,,
"on authority, unranked by all sources",Austin Peterson,,
"on authority, unranked by all sources",Jack Brannigan,,
"on authority, unranked by all sources",CJ Gray,,
"on authority, unranked by all sources",Caden Grice,,
"on authority, unranked by all sources",Ryder Helfrick,,
"on authority, unranked by all sources",Cameron Millar,,
"on authority, unranked by all sources",Max Rajcic,,
"on authority, unranked by all sources",Jordan Sanchez,,
"on authority, unranked by all sources",Dylan Seward,,
"on authority, unranked by all sources",Aiden May,,
"on authority, unranked by all sources",Adrian Bohorquez,,
"on authority, unranked by all sources",Danny Serretti,,
"on authority, unranked by all sources",Kade Snell,,
"on authority, unranked by all sources",Cristopher Polanco,,
"on authority, unranked by all sources",Cody Bowker,,
"on authority, unranked by all sources",Franklin Gomez,,
"on authority, unranked by all sources",Wilson Rodriguez,,
"on authority, unranked by all sources",Najer Victor,,
"on authority, unranked by all sources",Frank Cairone,,
"on authority, unranked by all sources",Wen-Hui Pan,,
"on authority, unranked by all sources",Cameron Weston,,
"on authority, unranked by all sources",Felix Arronde,,
"on authority, unranked by all sources",Trent Harris,,
"on authority, unranked by all sources",Hiroto Saiki,,
"on authority, unranked by all sources",Jose Acuna,,
"on authority, unranked by all sources",Coleman Borthwick,,
"on authority, unranked by all sources",Lisbel Diaz,,
"on authority, unranked by all sources",Reiner Herrera,,
"on authority, unranked by all sources",Will Sanders,,
"on authority, unranked by all sources",Khadim Diaw,,
"on authority, unranked by all sources",Carlos Gutierrez,,
"on authority, unranked by all sources",Jonathan Mejia,,
"on authority, unranked by all sources",Ethan Schiefelbein,,
"on authority, unranked by all sources",Alexander Albertus,,
"on authority, unranked by all sources",Warren Calcaño,,
"on authority, unranked by all sources",Freili Encarnacion,,
"on authority, unranked by all sources",Wes Kath,,
"on authority, unranked by all sources",Michael Arias,,
"on authority, unranked by all sources",Peter Heubeck,,
"on authority, unranked by all sources",Ian Mejia,,
"on authority, unranked by all sources",Yeison Morrobel,,
"on authority, unranked by all sources",Jack Wheeler,,
"on authority, unranked by all sources",Jadyn Fielder,,
"on authority, unranked by all sources",Nazier Mule,,
"on authority, unranked by all sources",Jack Neely,,
"on authority, unranked by all sources",Evan Shawver,,
"on authority, unranked by all sources",Cristian Santana,,
"on authority, unranked by all sources",Angel Cepeda,,
"on authority, unranked by all sources",Eriq Swan,,
"on authority, unranked by all sources",Jacob Waguespack,,
"on authority, unranked by all sources","Ernesto Martínez, Jr.",,
"on authority, unranked by all sources",Nehomar Ochoa,,
"on authority, unranked by all sources",Nick Pratto,,
"on authority, unranked by all sources",Yohanfer Santana,,
"on authority, unranked by all sources",Arol Vera,,
"on authority, unranked by all sources",Max Wagner,,
"on authority, unranked by all sources",Brandon White,,
"on authority, unranked by all sources",Callan Moss,,
"on authority, unranked by all sources",Daniel Jackson,,
"on authority, unranked by all sources",Nelly Taylor,,
"on authority, unranked by all sources",Yovanny Duran,,
"on authority, unranked by all sources",Dom Hamel,,
"on authority, unranked by all sources",Barrett Kent,,
"on authority, unranked by all sources",Nathan Martorella,,
"on authority, unranked by all sources",Dominick Reid,,
"on authority, unranked by all sources",Reed Trimble,,
"on authority, unranked by all sources",Nicolas Carreno,,
"on authority, unranked by all sources",Ismael Mena,,
"on authority, unranked by all sources",Shane Murphy,,
"on authority, unranked by all sources",Ichiro Cano,,
"on authority, unranked by all sources",Landon Hairston,,
"on authority, unranked by all sources",Logan Hughes,,
"on authority, unranked by all sources",Zach McCambley,,
"on authority, unranked by all sources",BJ Murray Jr.,,
"on authority, unranked by all sources",Luis Almeyda,,
"on authority, unranked by all sources",Alessander De La Cruz,,
"on authority, unranked by all sources",Jose Verdugo,,
"on authority, unranked by all sources",Will Hynes,,
"on authority, unranked by all sources",Jacob Miller,,
"on authority, unranked by all sources",Keeler Morfe,,
"on authority, unranked by all sources",Alex Ramirez,,
"on authority, unranked by all sources",Hyun Seung Lee,,
"on authority, unranked by all sources",Dylan O'Rae,,
"on authority, unranked by all sources",Kona Takahashi,,
"on authority, unranked by all sources",Yiddi Cappe,,
"on authority, unranked by all sources",Striker Pence,,
"on authority, unranked by all sources",Matthew Etzel,,
"on authority, unranked by all sources",Jagger Haynes,,
"on authority, unranked by all sources",Alex Santos,,
"on authority, unranked by all sources",Jordan Sprinkle,,
"on authority, unranked by all sources",Antonio Anderson,,
"on authority, unranked by all sources",Ronny Hernandez,,
"on authority, unranked by all sources",Blake Wehunt,,
"on authority, unranked by all sources",Allan Castro,,
"on authority, unranked by all sources",Daniel Dickinson,,
"on authority, unranked by all sources",Jackson Humphries,,
"on authority, unranked by all sources",Beck Way,,
"on authority, unranked by all sources",Ashly Andujar,,
"on authority, unranked by all sources",Ivan Brethowr,,
"on authority, unranked by all sources",Ethan Hedges,,
"on authority, unranked by all sources",Brian Holiday,,
"on authority, unranked by all sources",Tyler Spangler,,
"on authority, unranked by all sources",Jace Bohrofen,,
"on authority, unranked by all sources",Deivid Coronil,,
"on authority, unranked by all sources",Tyler Gough,,
"on authority, unranked by all sources",Jacob Kmatz,,
"on authority, unranked by all sources",Darwing Ozuna,,
"on authority, unranked by all sources",Trey Snyder,,
"on authority, unranked by all sources",Hunter Cranton,,
"on authority, unranked by all sources",Taylor Dollard,,
"on authority, unranked by all sources",Devin Futrell,,
"on authority, unranked by all sources",Antoine Kelly,,
"on authority, unranked by all sources",Micah Ashman,,
"on authority, unranked by all sources",Aaron Davenport,,
"on authority, unranked by all sources",Wilman Diaz,,
"on authority, unranked by all sources",Jagger Beck,,
"on authority, unranked by all sources",Colton Shaw,,
"on authority, unranked by all sources",Jesus Tillero,,
"on authority, unranked by all sources",Carson Wiggins,,
"on authority, unranked by all sources",Keaton Anthony,,
"on authority, unranked by all sources",Wuilfredo Antunez,,
"on authority, unranked by all sources",David McCabe,,
"on authority, unranked by all sources",Jose Mejia,,
"on authority, unranked by all sources",Cole Messina,,
"on authority, unranked by all sources",Patrick Reilly,,
"on authority, unranked by all sources",Ben Ross,,
"on authority, unranked by all sources",Rodney Green,,
"on authority, unranked by all sources",Adrian Pinto,,
"on authority, unranked by all sources",Thomas Sosa,,
"on authority, unranked by all sources",Pete Hansen,,
"on authority, unranked by all sources",Core Jackson,,
"on authority, unranked by all sources",Robert Moore,,
"on authority, unranked by all sources",Yeiber Cartaya,,
"on authority, unranked by all sources",Tytus Cissell,,
"on authority, unranked by all sources",Nick Dumesnil,,
"on authority, unranked by all sources",Cole Miller,,
"on authority, unranked by all sources",Robinson Ortiz,,
"on authority, unranked by all sources",Derek Bernard,,
"on authority, unranked by all sources",Daniel Guerra,,
"on authority, unranked by all sources",Jackson Nezuh,,
"on authority, unranked by all sources",Edgleen Perez,,
"on authority, unranked by all sources",Luis Suisbel,,
"on authority, unranked by all sources",Brayan Cortesia,,
"on authority, unranked by all sources",Hans Crouse,,
"on authority, unranked by all sources",Braden Davis,,
"on authority, unranked by all sources",Joey Meneses,,
"on authority, unranked by all sources",Logan Wagner,,
"on authority, unranked by all sources",Kevyn Castillo,,
"on authority, unranked by all sources",Nauris De La Cruz,,
"on authority, unranked by all sources",Cade Doughty,,
"on authority, unranked by all sources",Jose Fleury,,
"on authority, unranked by all sources",Mac Heuer,,
"on authority, unranked by all sources",Julio Mendez,,
"on authority, unranked by all sources",Paul Wilson,,
"on authority, unranked by all sources",Gavin Conticello,,
"on authority, unranked by all sources",Antonio Gomez,,
"on authority, unranked by all sources",Michael Massey,,
"on authority, unranked by all sources",Erick Pena,,
"on authority, unranked by all sources",Ben Peoples,,
"on authority, unranked by all sources",Noah Song,,
"on authority, unranked by all sources",Santiago Castellanos,,
"on authority, unranked by all sources",Duncan Davitt,,
"on authority, unranked by all sources",Jostin Florentino,,
"on authority, unranked by all sources",Jojo Ingrassia,,
"on authority, unranked by all sources",Paxton Kling,,
"on authority, unranked by all sources",Cameron Sullivan,,
"on authority, unranked by all sources",Bryan Balzer,,
"on authority, unranked by all sources",Sabin Ceballos,,
"on authority, unranked by all sources",Blake Morgan,,
"on authority, unranked by all sources",Fernando Perez,,
"on authority, unranked by all sources",Braylin Tavera,,
"on authority, unranked by all sources",Tomas Valincius,,
"on authority, unranked by all sources",Enrique Jimenez,,
"on authority, unranked by all sources",Edward Lantigua,,
"on authority, unranked by all sources",Ryder Ryan,,
"on authority, unranked by all sources",Javier Vaz,,
"on authority, unranked by all sources",Maui Ahuna,,
"on authority, unranked by all sources",Isaac Coffey,,
"on authority, unranked by all sources",Danny De Andrade,,
"on authority, unranked by all sources",Branneli Franco,,
"on authority, unranked by all sources",Elias Medina,,
"on authority, unranked by all sources",Ramcell Medina,,
"on authority, unranked by all sources",Tanner Schobel,,
"on authority, unranked by all sources",Kenny Serwa,,
"on authority, unranked by all sources",Ambioris Tavarez,,
"on authority, unranked by all sources",Carlos Alvarez,,
"on authority, unranked by all sources",Kevin Bazzell,,
"on authority, unranked by all sources",Jose Escobar,,
"on authority, unranked by all sources",Jakob Christian,,
"on authority, unranked by all sources",Ryan Lasko,,
"on authority, unranked by all sources",Eric Reyzelman,,
"on authority, unranked by all sources",Jordy Vargas,,
"on authority, unranked by all sources",Diego Velasquez,,
"on authority, unranked by all sources",Anyelo Encarnacion,,
"on authority, unranked by all sources",Evan Yates,,
"on authority, unranked by all sources",Jacob Zibin,,
"on authority, unranked by all sources",Freddy Contreras,,
"on authority, unranked by all sources",Aaron Parker,,
"on authority, unranked by all sources",Colin Yeaman,,
"on authority, unranked by all sources",Eric Cerantola,,
"on authority, unranked by all sources",Simon Juan,,
"on authority, unranked by all sources",Chris Levonas,,
"on authority, unranked by all sources",Garrett Martin,,
"on authority, unranked by all sources",Tyler Stuart,,
"on authority, unranked by all sources",Omar Alfonzo,,
"on authority, unranked by all sources",Ian Lewis,,
"on authority, unranked by all sources",Waner Luciano,,
"on authority, unranked by all sources",Aldrin Batista,,
"on authority, unranked by all sources",Gleider Figuereo,,
"on authority, unranked by all sources",RJ Petit,,
"on authority, unranked by all sources",Jack Ralston,,
"on authority, unranked by all sources",Jose Rodriguez,,
"on authority, unranked by all sources",Jack Winnay,,
"on authority, unranked by all sources",Matt Wood,,
"on authority, unranked by all sources",Romeli Espinosa,,
"on authority, unranked by all sources",Garrett Hawkins,,
"on authority, unranked by all sources",Juan Ortuno,,
"on authority, unranked by all sources",Carlos Rodríguez,,
"on authority, unranked by all sources",Jesus Travieso,,
"on authority, unranked by all sources",Mason White,,
"on authority, unranked by all sources",Chandler Champlain,,
"on authority, unranked by all sources",Zach Fruit,,
"on authority, unranked by all sources",John Klein,,
"on authority, unranked by all sources",Trevor Martin,,
"on authority, unranked by all sources",Eguy Rosario,,
"on authority, unranked by all sources",Izack Tiger,,
"on authority, unranked by all sources",Cooper Bowman,,
"on authority, unranked by all sources",Trace Bright,,
"on authority, unranked by all sources",Isaias Castillo,,
"on authority, unranked by all sources",Drew Gray,,
"on authority, unranked by all sources",Daiverson Gutierrez,,
"on authority, unranked by all sources",David Matoma,,
"on authority, unranked by all sources",Mason Auer,,
"on authority, unranked by all sources",Rory Fox,,
"on authority, unranked by all sources",Wilfred Veras,,
"on authority, unranked by all sources",Jeff Criswell,,
"on authority, unranked by all sources",Cade Crossland,,
"on authority, unranked by all sources",Anderson De Los Santos,,
"on authority, unranked by all sources",Spencer Giesting,,
"on authority, unranked by all sources",Derek Law,,
"on authority, unranked by all sources",Hector Ramos,,
"on authority, unranked by all sources",Romeo Sanabria,,
"on authority, unranked by all sources",Jacob Steinmetz,,
"on authority, unranked by all sources",Yoel Tejeda,,
"on authority, unranked by all sources",Ricky Vanasco,,
"on authority, unranked by all sources",Leandro Arias,,
"on authority, unranked by all sources",Chris Arroyo,,
"on authority, unranked by all sources",Nick McLain,,
"on authority, unranked by all sources",Pierce Coppola,,
"on authority, unranked by all sources",Esmil Valencia,,
"on authority, unranked by all sources",Sebastian Blanco,,
"on authority, unranked by all sources",Joshua Flores,,
"on authority, unranked by all sources",Leonardo Pineda,,
"on authority, unranked by all sources",Dalvinson Reyes,,
"on authority, unranked by all sources",Peyton Stovall,,
"on authority, unranked by all sources",Cam Tilly,,
"on authority, unranked by all sources",Reynaldo Yean,,
"on authority, unranked by all sources",River Hamilton,,
"on authority, unranked by all sources",Kannon Kemp,,
"on authority, unranked by all sources",Hiroya Miyagi,,
"on authority, unranked by all sources",Dylan Ray,,
"on authority, unranked by all sources",Josh Sborz,,
"on authority, unranked by all sources",Dylan Volantis,,
"on authority, unranked by all sources",Cale Wetwiska,,
"on authority, unranked by all sources",Hunter Bishop,,
"on authority, unranked by all sources",A.J. Causey,,
"on authority, unranked by all sources",Clark Elliott,,
"on authority, unranked by all sources",Duce Gourson,,
"on authority, unranked by all sources",Kody Hoese,,
"on authority, unranked by all sources",Jacob Johnson,,
"on authority, unranked by all sources",Angel Salio,,
"on authority, unranked by all sources",Axel Sanchez,,
"on authority, unranked by all sources",Andrew Taylor,,
"on authority, unranked by all sources",Trystan Vrieling,,
"on authority, unranked by all sources",Jackson Wolf,,
"on authority, unranked by all sources",Jogly Garcia,,
"on authority, unranked by all sources",Isaiah Greene,,
"on authority, unranked by all sources",Chase Jaworsky,,
"on authority, unranked by all sources",Haydn McGeary,,
"on authority, unranked by all sources",Spencer Nivens,,
"on authority, unranked by all sources",D'Angelo Ortiz,,
"on authority, unranked by all sources",Milan Tolentino,,
"on authority, unranked by all sources",Patrick Wisdom,,
"on authority, unranked by all sources",Ramiro Dominguez,,
"on authority, unranked by all sources",Jesus Galiz,,
"on authority, unranked by all sources",Silvano Hechavarria,,
"on authority, unranked by all sources",Joshua Liranzo,,
"on authority, unranked by all sources",Ryan Reckley,,
"on authority, unranked by all sources",Caden Sorrell,,
"on authority, unranked by all sources",Elian Soto,,
"on authority, unranked by all sources",Frederick Bencosme,,
"on authority, unranked by all sources",Camilo Diaz,,
"on authority, unranked by all sources",Shalin Polanco,,
"on authority, unranked by all sources",Carson Rucker,,
"on authority, unranked by all sources",TJayy Walton,,
"on authority, unranked by all sources",Rayven Antonio,,
"on authority, unranked by all sources",Micah Bucknam,,
"on authority, unranked by all sources",J.B. Bukauskas,,
"on authority, unranked by all sources",Kohl Franklin,,
"on authority, unranked by all sources",Mathias LaCombe,,
"on authority, unranked by all sources",Kendry Martínez,,
"on authority, unranked by all sources",Josh Randall,,
"on authority, unranked by all sources",Alexander Vargas,,
"on authority, unranked by all sources",Filippo Di Turi,,
"on authority, unranked by all sources",Raimon Gomez,,
"on authority, unranked by all sources",Skylar Hales,,
"on authority, unranked by all sources",Mairoshendrick Martinus,,
"on authority, unranked by all sources",Jordan Balazovic,,
"on authority, unranked by all sources",Jack Bauer,,
"on authority, unranked by all sources",Kervin Castro,,
"on authority, unranked by all sources",Kelvin Hidalgo,,
"on authority, unranked by all sources",Hayden Juenger,,
"on authority, unranked by all sources",Alex McCoy,,
"on authority, unranked by all sources",Carson Messina,,
"on authority, unranked by all sources",Jordan Nwogu,,
"on authority, unranked by all sources",Brooks Auger,,
"on authority, unranked by all sources",Nick Bitsko,,
"on authority, unranked by all sources",Brayan Buelvas,,
"on authority, unranked by all sources",Woo Jin An,,
"on authority, unranked by all sources",Jose Castro,,
"on authority, unranked by all sources",Marco Gonzales,,
"on authority, unranked by all sources",Josh Grosz,,
"on authority, unranked by all sources",Luis Gutierrez,,
"on authority, unranked by all sources",Bradley Hanner,,
"on authority, unranked by all sources",Bryan Mata,,
"on authority, unranked by all sources",Brett Sears,,
"on authority, unranked by all sources",Jared Spencer,,
"on authority, unranked by all sources",Sean Youngerman,,
"on authority, unranked by all sources",Anthony DePino,,
"on authority, unranked by all sources",Tommy Hawke,,
"on authority, unranked by all sources",Brandon Neely,,
"on authority, unranked by all sources",Zack Qin,,
"on authority, unranked by all sources",Daniel Vazquez,,
"on authority, unranked by all sources",Jake Casey,,
"on authority, unranked by all sources",Yilver De Paula,,
"on authority, unranked by all sources",Manuel Genao,,
"on authority, unranked by all sources",Yunior Marte,,
"on authority, unranked by all sources",Gustavo Melendez,,
"on authority, unranked by all sources",Sterling Patick,,
"on authority, unranked by all sources",Keegan Thompson,,
"on authority, unranked by all sources",Starlin Aguilar,,
"on authority, unranked by all sources",Bryant Betancourt,,
"on authority, unranked by all sources",Josh Caron,,
"on authority, unranked by all sources",Armando Cruz,,
"on authority, unranked by all sources",Jhoan De La Cruz,,
"on authority, unranked by all sources",Dub Gleed,,
"on authority, unranked by all sources",Kenni Gomez,,
"on authority, unranked by all sources",Joel Hurtado,,
"on authority, unranked by all sources",Eli Lovich,,
"on authority, unranked by all sources",Tyler Mattison,,
"on authority, unranked by all sources",Damiano Palmegiani,,
"on authority, unranked by all sources",Alejandro Rivera,,
"on authority, unranked by all sources",Tyler Whitaker,,
"on authority, unranked by all sources",Connor Wietgrefe,,
"on authority, unranked by all sources",Landon Beidelschies,,
"on authority, unranked by all sources",Joel Diaz,,
"on authority, unranked by all sources",Connor Foley,,
"on authority, unranked by all sources",Davian Garcia,,
"on authority, unranked by all sources",Javier Osorio,,
"on authority, unranked by all sources",Grant Rogers,,
"on authority, unranked by all sources",Logan Schmidt,,
"on authority, unranked by all sources",Peyton Wilson,,
"on authority, unranked by all sources",Euribiel Angeles,,
"on authority, unranked by all sources",Garret Forrester,,
"on authority, unranked by all sources",Richard Gallardo,,
"on authority, unranked by all sources",Eduardo Garcia,,
"on authority, unranked by all sources",Trevor Hauver,,
"on authority, unranked by all sources",Grant Knipp,,
"on authority, unranked by all sources",Juan Matheus,,
"on authority, unranked by all sources",Trevor Stephan,,
"on authority, unranked by all sources",Royelny Strop,,
"on authority, unranked by all sources",Jared Sundstrom,,
"on authority, unranked by all sources",Engelth Urena,,
"on authority, unranked by all sources",Ryan Burrowes,,
"on authority, unranked by all sources",Trey Dombroski,,
"on authority, unranked by all sources",Austin Gauthier,,
"on authority, unranked by all sources",Brad Pacheco,,
"on authority, unranked by all sources",Eddinson Paulino,,
"on authority, unranked by all sources",Caden Powell,,
"on authority, unranked by all sources",Abrahan Ramirez,,
"on authority, unranked by all sources",Anthony Rendon,,
"on authority, unranked by all sources",Michael Salina,,
"on authority, unranked by all sources",Brian Serven,,
"on authority, unranked by all sources",Warel Solano,,
"on authority, unranked by all sources",Emaarion Boyd,,
"on authority, unranked by all sources",Landon Hodge,,
"on authority, unranked by all sources",Daniel Rodriguez,,
"on authority, unranked by all sources",Ethan Small,,
"on authority, unranked by all sources",Rosman Verdugo,,
"on authority, unranked by all sources",Ariel Almonte,,
"on authority, unranked by all sources",RJ Austin,,
"on authority, unranked by all sources",Ryan Birchard,,
"on authority, unranked by all sources",Brandon Drury,,
"on authority, unranked by all sources",Hudson Head,,
"on authority, unranked by all sources",Dexter McCleon Jr,,
"on authority, unranked by all sources",Malcom Nunez,,
"on authority, unranked by all sources",Jose Rodriguez,,
"on authority, unranked by all sources",Zack Thompson,,
"on authority, unranked by all sources",Juan Villavicencio,,
"on authority, unranked by all sources",Jordan Woods,,
"on authority, unranked by all sources",Tyler Davis,,
"on authority, unranked by all sources",Shoki Murakami,,
"on authority, unranked by all sources",Andy Perez,,
"on authority, unranked by all sources",Danny Thompson,,
"on authority, unranked by all sources",Willy Vasquez,,
"on authority, unranked by all sources",Henry Williams,,
"on authority, unranked by all sources",Kevin Abel,,
"on authority, unranked by all sources",Gregory Barrios,,
"on authority, unranked by all sources",David Calabrese,,
"on authority, unranked by all sources",Juan Carela,,
"on authority, unranked by all sources",Alex Cobb,,
"on authority, unranked by all sources",Jake Cousins,,
"on authority, unranked by all sources",Randy De Jesus,,
"on authority, unranked by all sources",Rodolfo Duran,,
"on authority, unranked by all sources",Sam Horn,,
"on authority, unranked by all sources",Ivan Johnson,,
"on authority, unranked by all sources",Brandon Neeck,,
"on authority, unranked by all sources",Junior Sanchez,,
"on authority, unranked by all sources",Zack Showalter,,
"on authority, unranked by all sources",Burch Smith,,
"on authority, unranked by all sources",Misael Urbina,,
"on authority, unranked by all sources",Kien Vu,,
"on authority, unranked by all sources",Juan Baez,,
"on authority, unranked by all sources",Aaron Bracho,,
"on authority, unranked by all sources",Grayson Grinsell,,
"on authority, unranked by all sources",Jay Groome,,
"on authority, unranked by all sources",Antonio Jimenez,,
"on authority, unranked by all sources",Tate Kuehner,,
"on authority, unranked by all sources",Eddie Micheletti Jr.,,
"on authority, unranked by all sources",Jemone Nuel,,
"on authority, unranked by all sources",Hunter Parks,,
"on authority, unranked by all sources",Grant Shepardson,,
"on authority, unranked by all sources",Parker Smith,,
"on authority, unranked by all sources",Juan Yepez,,
"on authority, unranked by all sources",Will Bush,,
"on authority, unranked by all sources",Nick Davila,,
"on authority, unranked by all sources",Jared Karros,,
"on authority, unranked by all sources",Lamar King,,
"on authority, unranked by all sources",Ivan Luciano,,
"on authority, unranked by all sources",Diustin Mayorquin,,
"on authority, unranked by all sources",Ryan Murphy,,
"on authority, unranked by all sources",Andrew Pintar,,
"on authority, unranked by all sources",Ubaldo Soto,,
"on authority, unranked by all sources",Ben Abeldt,,
"on authority, unranked by all sources",Angel Arredondo,,
"on authority, unranked by all sources",Oscar Colas,,
"on authority, unranked by all sources",Dennis Colleran,,
"on authority, unranked by all sources",Elis Cuevas,,
"on authority, unranked by all sources",Kyle DeGroat,,
"on authority, unranked by all sources",Domingo Gonzalez,,
"on authority, unranked by all sources",Melvin Hernandez,,
"on authority, unranked by all sources",Bryce Hubbart,,
"on authority, unranked by all sources",Kenly Hunter,,
"on authority, unranked by all sources",Rafael Lantigua,,
"on authority, unranked by all sources",DJ Layton,,
"on authority, unranked by all sources",Camden Lohman,,
"on authority, unranked by all sources",Naibel Mariano,,
"on authority, unranked by all sources",Joander Suarez,,
"on authority, unranked by all sources",Abdias De La Cruz,,
"on authority, unranked by all sources",Darlin Saladin,,
"on authority, unranked by all sources",Casey Saucke,,
"on authority, unranked by all sources",Tristan Smith,,
"on authority, unranked by all sources",Daniel Brooks,,
"on authority, unranked by all sources",Miguel Caraballo,,
"on authority, unranked by all sources",Ryan Cermak,,
"on authority, unranked by all sources",Yeiner Fernandez,,
"on authority, unranked by all sources",Hancel Rincon,,
"on authority, unranked by all sources",Sammy Siani,,
"on authority, unranked by all sources",John Spikerman,,
"on authority, unranked by all sources",Angel Abreu,,
"on authority, unranked by all sources",Jacob Burke,,
"on authority, unranked by all sources",Elijah Hainline,,
"on authority, unranked by all sources",Christian Little,,
"on authority, unranked by all sources",Jack Mahoney,,
"on authority, unranked by all sources",Ethan O'Donnell,,
"on authority, unranked by all sources",Oswaldo Osorio,,
"on authority, unranked by all sources",Adrian Pena,,
"on authority, unranked by all sources",Javier Perez,,
"on authority, unranked by all sources",Leandro Romero,,
"on authority, unranked by all sources",Brian Sanchez,,
"on authority, unranked by all sources",Nick Senzel,,
"on authority, unranked by all sources",Leonel Sequera,,
"on authority, unranked by all sources",T.J. White,,
"on authority, unranked by all sources",Adrian Ardines,,
"on authority, unranked by all sources",Jalvin Arias,,
"on authority, unranked by all sources",Scott Bandura,,
"on authority, unranked by all sources",Joey Broughton,,
"on authority, unranked by all sources",Sebastian Gongora,,
"on authority, unranked by all sources",R.J. Gordon,,
"on authority, unranked by all sources",Yujanyer Herrera,,
"on authority, unranked by all sources",Hunter Hollan,,
"on authority, unranked by all sources",Matt Manning,,
"on authority, unranked by all sources",Maxton Martin,,
"on authority, unranked by all sources",Brody McCullough,,
"on authority, unranked by all sources",Alex Mooney,,
"on authority, unranked by all sources",Shane Sasaki,,
"on authority, unranked by all sources",Darius Vines,,
"on authority, unranked by all sources",Drew Brutcher,,
"on authority, unranked by all sources",Irv Carter,,
"on authority, unranked by all sources",Javen Coleman,,
"on authority, unranked by all sources",Jake Fox,,
"on authority, unranked by all sources",Justin Lange,,
"on authority, unranked by all sources",Brock Moore,,
"on authority, unranked by all sources",Nikau Pouaka-Grego,,
"on authority, unranked by all sources",Matt Pushard,,
"on authority, unranked by all sources",Nate Savino,,
"on authority, unranked by all sources",Freddy Zamora,,
"on authority, unranked by all sources",Gian Zapata,,
"on authority, unranked by all sources",Jose Chirinos,,
"on authority, unranked by all sources",Brendan Girton,,
"on authority, unranked by all sources",Seth Keener,,
"on authority, unranked by all sources",Gabriel Martinez,,
"on authority, unranked by all sources",Brennan Milone,,
"on authority, unranked by all sources",Connor Scott,,
"on authority, unranked by all sources",Haritzon Castillo,,
"on authority, unranked by all sources",Jeter Downs,,
"on authority, unranked by all sources",Konner Eaton,,
"on authority, unranked by all sources",Robert Hipwell,,
"on authority, unranked by all sources",Maximus Martin,,
"on authority, unranked by all sources",Jason Reitz,,
"on authority, unranked by all sources",Tyler Renz,,
"on authority, unranked by all sources",William Schmidt,,
"on authority, unranked by all sources",Bennett Thompson,,
"on authority, unranked by all sources",Matt Ager,,
"on authority, unranked by all sources",Eliezer Alfonzo,,
"on authority, unranked by all sources",Anderson Araujo,,
"on authority, unranked by all sources",Daniel Cabrera,,
"on authority, unranked by all sources",Junior Ciprian,,
"on authority, unranked by all sources",Caden Favors,,
"on authority, unranked by all sources",Dom Fritton,,
"on authority, unranked by all sources",Reiner Lopez,,
"on authority, unranked by all sources",Hunter Owen,,
"on authority, unranked by all sources",Shane Panzini,,
"on authority, unranked by all sources",Cam Appenzeller,,
"on authority, unranked by all sources",Andres Arias,,
"on authority, unranked by all sources",Myles Bailey,,
"on authority, unranked by all sources",Diego Benitez,,
"on authority, unranked by all sources",Dylan Campbell,,
"on authority, unranked by all sources",Yoelkis Cespedes,,
"on authority, unranked by all sources",Elian De La Cruz,,
"on authority, unranked by all sources",Carlos De La Rosa,,
"on authority, unranked by all sources",Edgardo De Leon,,
"on authority, unranked by all sources",Blake Hunt,,
"on authority, unranked by all sources",L.P. Langevin,,
"on authority, unranked by all sources",Janero Miller,,
"on authority, unranked by all sources",Cody Morissette,,
"on authority, unranked by all sources",Chris Newell,,
"on authority, unranked by all sources",Cristian Pache,,
"on authority, unranked by all sources",Jose Pirela,,
"on authority, unranked by all sources",Jairo Pomares,,
"on authority, unranked by all sources",Jorge Ruiz,,
"on authority, unranked by all sources",Jhonayker Ugarte,,
"on authority, unranked by all sources",Eric Becker,,
"on authority, unranked by all sources",Zach DeLoach,,
"on authority, unranked by all sources",Juan Fraide,,
"on authority, unranked by all sources",Kenya Huggins,,
"on authority, unranked by all sources",Yahil Melendez,,
"on authority, unranked by all sources",Will Taylor,,
"on authority, unranked by all sources",Moises Acacio,,
"on authority, unranked by all sources",Brandon Butterworth,,
"on authority, unranked by all sources",Drew Faurot,,
"on authority, unranked by all sources",Raylin Heredia,,
"on authority, unranked by all sources",Dario Laverde,,
"on authority, unranked by all sources",Stiven Marinez,,
"on authority, unranked by all sources",Jared Oliva,,
"on authority, unranked by all sources",Dexters Peralta,,
"on authority, unranked by all sources",Rafe Schlesinger,,
"on authority, unranked by all sources",Trey Supak,,
"on authority, unranked by all sources",Kaima Taira,,
"on authority, unranked by all sources",T.J. Brock,,
"on authority, unranked by all sources",Dasan Brown,,
"on authority, unranked by all sources",Christian Cairo,,
"on authority, unranked by all sources",Yerlin Confidan,,
"on authority, unranked by all sources",Corey Cousin,,
"on authority, unranked by all sources",J.D. Gonzalez,,
"on authority, unranked by all sources",Cole Irvin,,
"on authority, unranked by all sources",Santiago Leon,,
"on authority, unranked by all sources",Adam Maier,,
"on authority, unranked by all sources",Wyatt Olds,,
"on authority, unranked by all sources",Jose Paulino,,
"on authority, unranked by all sources",Alex Pham,,
"on authority, unranked by all sources",Luis Rodriguez,,
"on authority, unranked by all sources",Royber Salinas,,
"on authority, unranked by all sources",Ruben Santana,,
"on authority, unranked by all sources",Mason Albright,,
"on authority, unranked by all sources",Greysen Carter,,
"on authority, unranked by all sources",Yordin Chalas,,
"on authority, unranked by all sources",Andrew Dalquist,,
"on authority, unranked by all sources",Jhon Diaz,,
"on authority, unranked by all sources",Brian Fitzpatrick,,
"on authority, unranked by all sources",Sandy Gaston,,
"on authority, unranked by all sources",Maikol Hernandez,,
"on authority, unranked by all sources",Michael Knorr,,
"on authority, unranked by all sources",Will Mabrey,,
"on authority, unranked by all sources",Gerelmi Maldonado,,
"on authority, unranked by all sources",Nick Mitchell,,
"on authority, unranked by all sources",Davis Polo,,
"on authority, unranked by all sources",Jake Schaffner,,
"on authority, unranked by all sources",TJ Sikkema,,
"on authority, unranked by all sources",Josh Trentadue,,
"on authority, unranked by all sources",Caden Bogenpohl,,
"on authority, unranked by all sources",Ryan Campos,,
"on authority, unranked by all sources",Christian Cerda,,
"on authority, unranked by all sources",Gabe Craig,,
"on authority, unranked by all sources",Sammy Hernandez,,
"on authority, unranked by all sources",John McMillon,,
"on authority, unranked by all sources",Raymer Medina,,
"on authority, unranked by all sources",Adrian Placencia,,
"on authority, unranked by all sources",Dalton Rogers,,
"on authority, unranked by all sources",Joey Volchko,,
"on authority, unranked by all sources",Joey Volini,,
"on authority, unranked by all sources",Yunior Amparo,,
"on authority, unranked by all sources",Dru Baker,,
"on authority, unranked by all sources",Deivi Garcia,,
"on authority, unranked by all sources",Angel Guzman,,
"on authority, unranked by all sources",Alexis Hernandez,,
"on authority, unranked by all sources",Brody Jessee,,
"on authority, unranked by all sources",Jake Madden,,
"on authority, unranked by all sources",Brennan Malone,,
"on authority, unranked by all sources",Jose Peña,,
"on authority, unranked by all sources",Alberto Rios,,
"on authority, unranked by all sources",Kevin Roberts Jr.,,
"on authority, unranked by all sources",Logan Tanner,,
"on authority, unranked by all sources",Blake Wright,,
"on authority, unranked by all sources",Marvin Alcantara,,
"on authority, unranked by all sources",Charlie Beilenson,,
"on authority, unranked by all sources",Hendry Chivilli,,
"on authority, unranked by all sources",Alejandro Cruz,,
"on authority, unranked by all sources",Alessandro Ercolani,,
"on authority, unranked by all sources",Kyle Henley,,
"on authority, unranked by all sources",Jack Leftwich,,
"on authority, unranked by all sources",Connor Noland,,
"on authority, unranked by all sources",Oscar Pujols,,
"on authority, unranked by all sources",Ryan Sprock,,
"on authority, unranked by all sources",Lenny Torres,,
"on authority, unranked by all sources",Blake Aita,,
"on authority, unranked by all sources",Alfredo Alcantara,,
"on authority, unranked by all sources",Jerson Alejandro,,
"on authority, unranked by all sources",Roni Cabrera,,
"on authority, unranked by all sources",Jack Choate,,
"on authority, unranked by all sources",Alex Faedo,,
"on authority, unranked by all sources",Luke Fox,,
"on authority, unranked by all sources",Riley Gowens,,
"on authority, unranked by all sources",Grayson Hitt,,
"on authority, unranked by all sources",Wilfredo Lara,,
"on authority, unranked by all sources",Alberto Laroche,,
"on authority, unranked by all sources",Moises Marchán,,
"on authority, unranked by all sources",Sabier Marte,,
"on authority, unranked by all sources",Joseph Montalvo,,
"on authority, unranked by all sources",Nate Nankil,,
"on authority, unranked by all sources",Nick Potter,,
"on authority, unranked by all sources",Sixto Sanchez,,
"on authority, unranked by all sources",Dahian Santos,,
"on authority, unranked by all sources",Sean Sullivan,,
"on authority, unranked by all sources",Jancel Villarroel,,
"on authority, unranked by all sources",Cameron Wagoner,,
"on authority, unranked by all sources",Braylen Wimmer,,
"on authority, unranked by all sources",Chase Allsup,,
"on authority, unranked by all sources",Sam Carlson,,
"on authority, unranked by all sources",Allan Cerda,,
"on authority, unranked by all sources",Ronaldo Hernandez,,
"on authority, unranked by all sources",Zach Levenson,,
"on authority, unranked by all sources",Po-Chun Lin,,
"on authority, unranked by all sources",Jorge Marcheco,,
"on authority, unranked by all sources",Lorenzo Meola,,
"on authority, unranked by all sources",Tyson Miller,,
"on authority, unranked by all sources",Jesus Pinto,,
"on authority, unranked by all sources",Emmanuel Reyes,,
"on authority, unranked by all sources",Michael Rucker,,
"on authority, unranked by all sources",Chia-Shi Shen,,
"on authority, unranked by all sources",Yunior Tur,,
"on authority, unranked by all sources",Kyle Amendt,,
"on authority, unranked by all sources",Pedro Avila,,
"on authority, unranked by all sources",Peyton Bonds,,
"on authority, unranked by all sources",Bobby Boser,,
"on authority, unranked by all sources",Wyatt Crowell,,
"on authority, unranked by all sources",Ryan Hall,,
"on authority, unranked by all sources",Jonathan Hernandez,,
"on authority, unranked by all sources",Connor Hujsak,,
"on authority, unranked by all sources",Nick Montgomery,,
"on authority, unranked by all sources",Luis Palacios,,
"on authority, unranked by all sources",Francis Pena,,
"on authority, unranked by all sources",Zach Swanson,,
"on authority, unranked by all sources",Norge Vera,,
"on authority, unranked by all sources",Jude Warwick,,
"on authority, unranked by all sources",Mario Baez,,
"on authority, unranked by all sources",Yasmil Bucce,,
"on authority, unranked by all sources",Jared Dickey,,
"on authority, unranked by all sources",George Feliz,,
"on authority, unranked by all sources",Evan Fitterer,,
"on authority, unranked by all sources",Austin Gordon,,
"on authority, unranked by all sources",Luke Heyman,,
"on authority, unranked by all sources",P.J. Higgins,,
"on authority, unranked by all sources",Kody Huff,,
"on authority, unranked by all sources",Pedro Ibarguen,,
"on authority, unranked by all sources",Dylan Jasso,,
"on authority, unranked by all sources",Carlos Jimenez,,
"on authority, unranked by all sources",Mason McConnaughey,,
"on authority, unranked by all sources",Dylan Questad,,
"on authority, unranked by all sources",Emilio Sanchez,,
"on authority, unranked by all sources",Austin Shenton,,
"on authority, unranked by all sources",Canaan Smith-Njigba,,
"on authority, unranked by all sources",Travis Swaggerty,,
"on authority, unranked by all sources",Trevor Werner,,
"on authority, unranked by all sources",Jarren Advincula,,
"on authority, unranked by all sources",Colin Barber,,
"on authority, unranked by all sources",Josh Bostick,,
"on authority, unranked by all sources",Bralyn Brazoban,,
"on authority, unranked by all sources",Christian Foutch,,
"on authority, unranked by all sources",Moises Gomez,,
"on authority, unranked by all sources",Oliver Gonzalez,,
"on authority, unranked by all sources",Gavin Grahovac,,
"on authority, unranked by all sources",Reyli Mariano,,
"on authority, unranked by all sources",Curley Martha,,
"on authority, unranked by all sources",Mark McLaughlin,,
"on authority, unranked by all sources",Jase Mitchell,,
"on authority, unranked by all sources",Starlyn Nunez,,
"on authority, unranked by all sources",Geraldo Quintero,,
"on authority, unranked by all sources",Rafael Ramirez,,
"on authority, unranked by all sources",Tre Richardson,,
"on authority, unranked by all sources",Tzu-Chen Sha,,
"on authority, unranked by all sources",Ben Shields,,
"on authority, unranked by all sources",Carlos Taveras,,
"on authority, unranked by all sources",Oliver Tejada,,
"on authority, unranked by all sources",Peyton Williams,,
"on authority, unranked by all sources",Jason Woodward,,
"on authority, unranked by all sources",Logan Workman,,
"on authority, unranked by all sources",Reid Worley,,
"on authority, unranked by all sources",Ricardo Yan,,
"on authority, unranked by all sources",Alberto Barriga,,
"on authority, unranked by all sources",Casey Cook,,
"on authority, unranked by all sources",Declan Cronin,,
"on authority, unranked by all sources",Lizandro Espinoza,,
"on authority, unranked by all sources",Marcus Johnson,,
"on authority, unranked by all sources",Victor Labrada,,
"on authority, unranked by all sources",Dylan MacLean,,
"on authority, unranked by all sources",Xavier Mitchell,,
"on authority, unranked by all sources",Josh Rivera,,
"on authority, unranked by all sources",Alberto Rodriguez,,
"on authority, unranked by all sources",Miguel Rodriguez,,
"on authority, unranked by all sources",Thaddeus Ward,,
"on authority, unranked by all sources",Hagen Danner,,
"on authority, unranked by all sources",Luis De La Cruz,,
"on authority, unranked by all sources",Trenton Denholm,,
"on authority, unranked by all sources",Blake Dickerson,,
"on authority, unranked by all sources",Drew Dowd,,
"on authority, unranked by all sources",Elijah Dunham,,
"on authority, unranked by all sources",Matthew Ferrara,,
"on authority, unranked by all sources",Ben Hernandez,,
"on authority, unranked by all sources",Will Johnston,,
"on authority, unranked by all sources",Ray Kerr,,
"on authority, unranked by all sources",Tommy Mace,,
"on authority, unranked by all sources",Juan Mateo,,
"on authority, unranked by all sources",Accimias Morales,,
"on authority, unranked by all sources",Juan Nunez,,
"on authority, unranked by all sources",Eric Pardinho,,
"on authority, unranked by all sources",Jeremy Reyes,,
"on authority, unranked by all sources",Yaqui Rivera,,
"on authority, unranked by all sources",Yunior Severino,,
"on authority, unranked by all sources",Ryan Spikes,,
"on authority, unranked by all sources",Peter Strzelecki,,
"on authority, unranked by all sources",Carson Tucker,,
"on authority, unranked by all sources",Darren Bowen,,
"on authority, unranked by all sources",Pedro Catuy,,
"on authority, unranked by all sources",Jake Cunningham,,
"on authority, unranked by all sources",Carson Dorsey,,
"on authority, unranked by all sources",Jose Feliz,,
"on authority, unranked by all sources",Vladi Guerrero,,
"on authority, unranked by all sources",Riley Kelly,,
"on authority, unranked by all sources",Truitt Madonna,,
"on authority, unranked by all sources",Camden Minacci,,
"on authority, unranked by all sources",Nestor Miranda,,
"on authority, unranked by all sources",Carson Montgomery,,
"on authority, unranked by all sources",Holden Powell,,
"on authority, unranked by all sources",Franklin Rojas,,
"on authority, unranked by all sources",Cam Schuelke,,
"on authority, unranked by all sources",Levi Stoudt,,
"on authority, unranked by all sources",Jack Weisenburger,,
"on authority, unranked by all sources",Jose Alpuria,,
"on authority, unranked by all sources",Gustavo Baptista,,
"on authority, unranked by all sources",Ian Bedell,,
"on authority, unranked by all sources",Austin Cates,,
"on authority, unranked by all sources",Max Debiec,,
"on authority, unranked by all sources",Leni Done,,
"on authority, unranked by all sources",Aidan Foeller,,
"on authority, unranked by all sources",Chase Fuller,,
"on authority, unranked by all sources",Gabe Gaeckle,,
"on authority, unranked by all sources",Blake Gillespie,,
"on authority, unranked by all sources",Tyler Hardman,,
"on authority, unranked by all sources",Sawyer Hawks,,
"on authority, unranked by all sources",Grant Kipp,,
"on authority, unranked by all sources",Matt Koperniak,,
"on authority, unranked by all sources",Nestor Lorant,,
"on authority, unranked by all sources",Trey Mancini,,
"on authority, unranked by all sources",Nick Monistere,,
"on authority, unranked by all sources",Emmett Olson,,
"on authority, unranked by all sources",Luis Patino,,
"on authority, unranked by all sources",Cole Peschl,,
"on authority, unranked by all sources",Nolan Sailors,,
"on authority, unranked by all sources",Nick Schnell,,
"on authority, unranked by all sources",Jacob Seamon,,
"on authority, unranked by all sources",Russell Smith,,
"on authority, unranked by all sources",Matthew Thompson,,
"on authority, unranked by all sources",Ryan Webb,,
"on authority, unranked by all sources",Blake Weiman,,
"on authority, unranked by all sources",Anthony Abreu,,
"on authority, unranked by all sources",Nigel Belgrave,,
"on authority, unranked by all sources",Angel Cervantes,,
"on authority, unranked by all sources",Jhonan Coba,,
"on authority, unranked by all sources",Brenner Cox,,
"on authority, unranked by all sources",Robert Cranz,,
"on authority, unranked by all sources",Francisco Espinoza,,
"on authority, unranked by all sources",Jose Gerardo,,
"on authority, unranked by all sources",Chung-Hsiang Huang,,
"on authority, unranked by all sources",Anthony Martinez,,
"on authority, unranked by all sources",Tyler McDonough,,
"on authority, unranked by all sources",Esmith Pineda,,
"on authority, unranked by all sources",Chris Rodriguez,,
"on authority, unranked by all sources",Jerming Rosario,,
"on authority, unranked by all sources",Vince Velasquez,,
"on authority, unranked by all sources",Davis Wendzel,,
"on authority, unranked by all sources",Marco Argudin,,
"on authority, unranked by all sources",Isaiah Barkett,,
"on authority, unranked by all sources",Jair Camargo,,
"on authority, unranked by all sources",Ruben Castillo,,
"on authority, unranked by all sources",Jeremy De La Rosa,,
"on authority, unranked by all sources",Ludwing Espinoza,,
"on authority, unranked by all sources",Hudson Haskin,,
"on authority, unranked by all sources",Luke Hayden,,
"on authority, unranked by all sources",Braedon Karpathios,,
"on authority, unranked by all sources",Rene Pinto,,
"on authority, unranked by all sources",Michael Prosecky,,
"on authority, unranked by all sources",Ricardo Romero,,
"on authority, unranked by all sources",Brock Vradenburg,,
"on authority, unranked by all sources",Dane Acker,,
"on authority, unranked by all sources",Cristopher Acosta,,
"on authority, unranked by all sources",Daison Acosta,,
"on authority, unranked by all sources",Chris Campos,,
"on authority, unranked by all sources",Winyer Chourio,,
"on authority, unranked by all sources",R.J. Dabovich,,
"on authority, unranked by all sources",Joseph Deng Thon,,
"on authority, unranked by all sources",Nathan Hall,,
"on authority, unranked by all sources",Kevin Maitan,,
"on authority, unranked by all sources",Mason Marriott,,
"on authority, unranked by all sources",Christian McGowan,,
"on authority, unranked by all sources",Jose Olivares,,
"on authority, unranked by all sources",Alexander Ramirez,,
"on authority, unranked by all sources",Larry Suero,,
"on authority, unranked by all sources",Marcos Torres,,
"on authority, unranked by all sources",Trent Youngblood,,
"on authority, unranked by all sources",Chalniel Arias,,
"on authority, unranked by all sources",Harrison Bodendorf,,
"on authority, unranked by all sources",Sean Episcope,,
"on authority, unranked by all sources",Tanner Hall,,
"on authority, unranked by all sources",Kehden Hettiger,,
"on authority, unranked by all sources",Nelson Keljo,,
"on authority, unranked by all sources",Adriano Marrero,,
"on authority, unranked by all sources",Anthony Millan,,
"on authority, unranked by all sources",Riley Nelson,,
"on authority, unranked by all sources",Braylon Owens,,
"on authority, unranked by all sources",Twine Palmer,,
"on authority, unranked by all sources",Jeremy Pilon,,
"on authority, unranked by all sources",Belfi Rivera,,
"on authority, unranked by all sources",Adrian Rodriguez,,
"on authority, unranked by all sources",Maxwell Romero Jr.,,
"on authority, unranked by all sources",Eric Silva,,
"on authority, unranked by all sources",Savion Sims,,
"on authority, unranked by all sources",Jake Vogel,,
"on authority, unranked by all sources",Ethan Wilson,,
"on authority, unranked by all sources",Julio Zayas,,
"on authority, unranked by all sources",Michael Carico,,
"on authority, unranked by all sources",Po-Yu Chen,,
"on authority, unranked by all sources",Jose Cuas,,
"on authority, unranked by all sources",Reynaldo De La Paz,,
"on authority, unranked by all sources",Nathan Dettmer,,
"on authority, unranked by all sources",Derlin Figueroa,,
"on authority, unranked by all sources",Omar Gonzalez,,
"on authority, unranked by all sources",Payton Green,,
"on authority, unranked by all sources",Daniel Guilarte,,
"on authority, unranked by all sources",Angel Guzman,,
"on authority, unranked by all sources",Alejandro Hidalgo,,
"on authority, unranked by all sources",Isaiah Jackson,,
"on authority, unranked by all sources",Caden Kendle,,
"on authority, unranked by all sources",Gabriel Lara,,
"on authority, unranked by all sources",Yaxson Lucena,,
"on authority, unranked by all sources",Tom Murphy,,
"on authority, unranked by all sources",Helcris Olivarez,,
"on authority, unranked by all sources",Micah Ottenbreit,,
"on authority, unranked by all sources",Ian Petrutz,,
"on authority, unranked by all sources",Luis Reyes,,
"on authority, unranked by all sources",Anibal Salas,,
"on authority, unranked by all sources",Adam Seminaris,,
"on authority, unranked by all sources",Nick Swiney,,
"on authority, unranked by all sources",Brady Tygart,,
"on authority, unranked by all sources",Paul Bonzagni,,
"on authority, unranked by all sources",Jake Brooks,,
"on authority, unranked by all sources",Luis Castro,,
"on authority, unranked by all sources",Hunter Dryden,,
"on authority, unranked by all sources",Garrett Edwards,,
"on authority, unranked by all sources",Lucas Kelly,,
"on authority, unranked by all sources",Grant Lavigne,,
"on authority, unranked by all sources",Mark Manfredi,,
"on authority, unranked by all sources",Jack Penney,,
"on authority, unranked by all sources",Ovis Portes,,
"on authority, unranked by all sources",Nick Robertson,,
"on authority, unranked by all sources",Tahnaj Thomas,,
"on authority, unranked by all sources",Luis Toribio,,
"on authority, unranked by all sources",Corey Avant,,
"on authority, unranked by all sources",Juan Bello,,
"on authority, unranked by all sources",Kennew Blanco,,
"on authority, unranked by all sources",Raymond Burgos,,
"on authority, unranked by all sources",Andrew Cossetti,,
"on authority, unranked by all sources",Jon Duplantier,,
"on authority, unranked by all sources",Max Ferguson,,
"on authority, unranked by all sources",Jaime Ferrer,,
"on authority, unranked by all sources",Matt Fraizer,,
"on authority, unranked by all sources",Joey Gallo,,
"on authority, unranked by all sources",DJ Gladney,,
"on authority, unranked by all sources",Ronald Hernandez,,
"on authority, unranked by all sources",Jeremiah Jenkins,,
"on authority, unranked by all sources",Jace Kaminska,,
"on authority, unranked by all sources",Aidan Major,,
"on authority, unranked by all sources",Zach Messinger,,
"on authority, unranked by all sources",Blake Money,,
"on authority, unranked by all sources",Terrin Vavra,,
"on authority, unranked by all sources",Josh Wolf,,
"on authority, unranked by all sources",Huascar Ynoa,,
"on authority, unranked by all sources",Javier Acevedo,,
"on authority, unranked by all sources",Kelvin Alcantara,,
"on authority, unranked by all sources",Pablo Aliendo,,
"on authority, unranked by all sources",Rodney Boone,,
"on authority, unranked by all sources",Caleb Cali,,
"on authority, unranked by all sources",Zander Darby,,
"on authority, unranked by all sources",Haruto Inoue,,
"on authority, unranked by all sources",Tavian Josenberger,,
"on authority, unranked by all sources",Chih-Jung Liu,,
"on authority, unranked by all sources",Pedro Montero,,
"on authority, unranked by all sources",Abraham Nunez,,
"on authority, unranked by all sources",Edwin Nunez,,
"on authority, unranked by all sources",Peyton Olejnik,,
"on authority, unranked by all sources",Connor Staine,,
"on authority, unranked by all sources",Jose Torres,,
"on authority, unranked by all sources",Reid VanScoter,,
"on authority, unranked by all sources",Angel Benitez,,
"on authority, unranked by all sources",Matthew Boughton,,
"on authority, unranked by all sources",Chase Brunson,,
"on authority, unranked by all sources",Luis Carias,,
"on authority, unranked by all sources",Corey Collins,,
"on authority, unranked by all sources",Kerrington Cross,,
"on authority, unranked by all sources",Alex De Jesus,,
"on authority, unranked by all sources",Eriel Dihigo,,
"on authority, unranked by all sources",Edward Duran,,
"on authority, unranked by all sources",Edian Espinal,,
"on authority, unranked by all sources",Dayan Frias,,
"on authority, unranked by all sources",Ryan Galanie,,
"on authority, unranked by all sources",Eliomar Garces,,
"on authority, unranked by all sources",Jason Gilman,,
"on authority, unranked by all sources",Deinys Gonzalez,,
"on authority, unranked by all sources",Nolan Hoffman,,
"on authority, unranked by all sources",Nieves Izaguirre,,
"on authority, unranked by all sources",Kevin Kopps,,
"on authority, unranked by all sources",Austin Love,,
"on authority, unranked by all sources",Hans Montero,,
"on authority, unranked by all sources",Barrett Morgan,,
"on authority, unranked by all sources",Felix Morrobel,,
"on authority, unranked by all sources",Pablo Nunez,,
"on authority, unranked by all sources",Emilio Obispo,,
"on authority, unranked by all sources",Ronald Ramirez,,
"on authority, unranked by all sources",Jose Ramos,,
"on authority, unranked by all sources",Justin Riemer,,
"on authority, unranked by all sources",Atsuki Taneichi,,
"on authority, unranked by all sources",Luca Tresh,,
"on authority, unranked by all sources",Jackson Wentworth,,
"on authority, unranked by all sources",Jack Anker,,
"on authority, unranked by all sources",Channing Austin,,
"on authority, unranked by all sources",Jay Beshears,,
"on authority, unranked by all sources",Ariel Castro,,
"on authority, unranked by all sources",Carson Coleman,,
"on authority, unranked by all sources",Cal Conley,,
"on authority, unranked by all sources",Luis De Leon,,
"on authority, unranked by all sources",Arturo Disla,,
"on authority, unranked by all sources",Mason Estrada,,
"on authority, unranked by all sources",Junior Franco,,
"on authority, unranked by all sources",Lucas Gordon,,
"on authority, unranked by all sources",Ryan Jensen,,
"on authority, unranked by all sources",Carlos Pacheco,,
"on authority, unranked by all sources",Truman Pauley,,
"on authority, unranked by all sources",Collin Price,,
"on authority, unranked by all sources",Javier Rivas,,
"on authority, unranked by all sources",Tyler Switalski,,
"on authority, unranked by all sources",Hayden Cantrelle,,
"on authority, unranked by all sources",Conner Capel,,
"on authority, unranked by all sources",Julio Carreras,,
"on authority, unranked by all sources",Alex Cook,,
"on authority, unranked by all sources",Robert Dominguez,,
"on authority, unranked by all sources",Diwarys Encarnacion,,
"on authority, unranked by all sources",Maikol Escotto,,
"on authority, unranked by all sources",Darling Fernandez,,
"on authority, unranked by all sources",Dylan Fien,,
"on authority, unranked by all sources",Leighton Finley,,
"on authority, unranked by all sources",Jack Hostetler,,
"on authority, unranked by all sources",Sir Jamison Jones,,
"on authority, unranked by all sources",Aidan King,,
"on authority, unranked by all sources",Jake Knapp,,
"on authority, unranked by all sources",Nate Knowles,,
"on authority, unranked by all sources",Luke Lacourse,,
"on authority, unranked by all sources",Caleb Leys,,
"on authority, unranked by all sources",Isaac Lyon,,
"on authority, unranked by all sources",Adonis Medina,,
"on authority, unranked by all sources",Wes Mendes,,
"on authority, unranked by all sources",Cal Mitchell,,
"on authority, unranked by all sources",Ismael Munguia,,
"on authority, unranked by all sources",Ryan Prager,,
"on authority, unranked by all sources",Juan Rojas,,
"on authority, unranked by all sources",Tony Rossi,,
"on authority, unranked by all sources",Quincy Scott,,
"on authority, unranked by all sources",John Taylor,,
"on authority, unranked by all sources",Sean Barnett,,
"on authority, unranked by all sources",Yulian Barreto,,
"on authority, unranked by all sources",Branden Boissiere,,
"on authority, unranked by all sources",Daniel Bucciero,,
"on authority, unranked by all sources",Ty Cummings,,
"on authority, unranked by all sources",Tague Davis,,
"on authority, unranked by all sources",Davis Diaz,,
"on authority, unranked by all sources",Andrew Dutkanych,,
"on authority, unranked by all sources",Blayne Enlow,,
"on authority, unranked by all sources",Cole Fontenelle,,
"on authority, unranked by all sources",Daniel Hernandez,,
"on authority, unranked by all sources",Brent Honeywell Jr.,,
"on authority, unranked by all sources",Tanner Jacobson,,
"on authority, unranked by all sources",Joe Lampe,,
"on authority, unranked by all sources",Hiverson López,,
"on authority, unranked by all sources",Angel Mateo,,
"on authority, unranked by all sources",Eiver Mosquera,,
"on authority, unranked by all sources",Mat Nelson,,
"on authority, unranked by all sources",Jose Riera,,
"on authority, unranked by all sources",Gerardo Rodriguez,,
"on authority, unranked by all sources",Yerry Rodriguez,,
"on authority, unranked by all sources",Yordan Rodriguez,,
"on authority, unranked by all sources",Junior Santos,,
"on authority, unranked by all sources",Justin Thomas,,
"on authority, unranked by all sources",Zavier Warren,,
"on authority, unranked by all sources",Koyo Aoyagi,,
"on authority, unranked by all sources",Jake Brown,,
"on authority, unranked by all sources",Yeremmy Cabeza,,
"on authority, unranked by all sources",Aiven Cabral,,
"on authority, unranked by all sources",Manuel Campos,,
"on authority, unranked by all sources",Christian Chamberlain,,
"on authority, unranked by all sources",Jose Devers,,
"on authority, unranked by all sources",Anderson Espinoza,,
"on authority, unranked by all sources",Anthony Frobose,,
"on authority, unranked by all sources",Phillip Glasser,,
"on authority, unranked by all sources",Marquis Grissom Jr.,,
"on authority, unranked by all sources",Roynier Hernandez,,
"on authority, unranked by all sources",Browm Martinez,,
"on authority, unranked by all sources",Luis Martinez-Gomez,,
"on authority, unranked by all sources",Matt Mikulski,,
"on authority, unranked by all sources",Coby Morales,,
"on authority, unranked by all sources",Ryan Nicholson,,
"on authority, unranked by all sources",Enoli Paredes,,
"on authority, unranked by all sources",Cristian Perez,,
"on authority, unranked by all sources",John Rhodes,,
"on authority, unranked by all sources",Yohendry Sanchez,,
"on authority, unranked by all sources",Tyler Schlaffer,,
"on authority, unranked by all sources",JT Schwartz,,
"on authority, unranked by all sources",Travis Smith,,
"on authority, unranked by all sources",Chase Strumpf,,
"on authority, unranked by all sources",Jacob Wallace,,
"on authority, unranked by all sources",Jaden Woods,,
"on authority, unranked by all sources",Blake Bowen,,
"on authority, unranked by all sources",Beau Burrows,,
"on authority, unranked by all sources",Jake Clemente,,
"on authority, unranked by all sources",Matt Cronin,,
"on authority, unranked by all sources",Carlos De La Cruz,,
"on authority, unranked by all sources",Dioris De La Rosa,,
"on authority, unranked by all sources",Dylan DeLucia,,
"on authority, unranked by all sources",Ross Dunn,,
"on authority, unranked by all sources",Pascanel Ferreras,,
"on authority, unranked by all sources",Giovanny Gallegos,,
"on authority, unranked by all sources",Nathan Hall,,
"on authority, unranked by all sources",Elieser Hernandez,,
"on authority, unranked by all sources",Josh Hood,,
"on authority, unranked by all sources",Cade Hunter,,
"on authority, unranked by all sources",Grae Kessinger,,
"on authority, unranked by all sources",Charles Leblanc,,
"on authority, unranked by all sources",Mason Ligenza,,
"on authority, unranked by all sources",Andrew Lindsey,,
"on authority, unranked by all sources",Andre Lipcius,,
"on authority, unranked by all sources",Djean Macares,,
"on authority, unranked by all sources",Rorik Maltrud,,
"on authority, unranked by all sources",Carter Mathison,,
"on authority, unranked by all sources",Quinn McDaniel,,
"on authority, unranked by all sources",Esteban Mejia,,
"on authority, unranked by all sources",Alejandro Nunez,,
"on authority, unranked by all sources",JeanPierre Ortiz,,
"on authority, unranked by all sources",Wilderd Patino,,
"on authority, unranked by all sources",Colin Peluse,,
"on authority, unranked by all sources",Chandler Pollard,,
"on authority, unranked by all sources",Marlon Quintero,,
"on authority, unranked by all sources",Josiah Romeo,,
"on authority, unranked by all sources",Jeisson Rosario,,
"on authority, unranked by all sources",Jackson Strong,,
"on authority, unranked by all sources",Sam Stuhr,,
"on authority, unranked by all sources",Aiden Taurek,,
"on authority, unranked by all sources",Joe Vetrano,,
"on authority, unranked by all sources",Kamuel Villar,,
"on authority, unranked by all sources",Luke Waddell,,
"on authority, unranked by all sources",Sam Weatherly,,
"on authority, unranked by all sources",Josh Winder,,
"on authority, unranked by all sources",Jeremy Wu-Yelland,,
"on authority, unranked by all sources",Carter Young,,
"on authority, unranked by all sources",Jonah Advincula,,
"on authority, unranked by all sources",Iverson Allen,,
"on authority, unranked by all sources",Ariel Armas,,
"on authority, unranked by all sources",Wilian Bormie,,
"on authority, unranked by all sources",Brooks Bryan,,
"on authority, unranked by all sources",Tyler Cleveland,,
"on authority, unranked by all sources",Connor Cooke,,
"on authority, unranked by all sources",Nick Garcia,,
"on authority, unranked by all sources",Adonys Guzman,,
"on authority, unranked by all sources",Woody Hadeen,,
"on authority, unranked by all sources",Brent Iredale,,
"on authority, unranked by all sources",Nicholas Judice,,
"on authority, unranked by all sources",Ryan Lobus,,
"on authority, unranked by all sources",Aidan Longwell,,
"on authority, unranked by all sources",Mason Martin,,
"on authority, unranked by all sources",Kyle McCoy,,
"on authority, unranked by all sources",Ian Moller,,
"on authority, unranked by all sources",Fidel Montero,,
"on authority, unranked by all sources",Andrew Moore,,
"on authority, unranked by all sources",Rainer Nunez,,
"on authority, unranked by all sources",Connor O'Halloran,,
"on authority, unranked by all sources",Jostin Ogando,,
"on authority, unranked by all sources",Yordalin Pena,,
"on authority, unranked by all sources",Marcelo Perez,,
"on authority, unranked by all sources",Kenny Piper,,
"on authority, unranked by all sources",Peyton Prescott,,
"on authority, unranked by all sources",Chris Rembert,,
"on authority, unranked by all sources",Yeiker Reyes,,
"on authority, unranked by all sources",Jorge Rodriguez,,
"on authority, unranked by all sources",Roberto Salas,,
"on authority, unranked by all sources",Colby Shade,,
"on authority, unranked by all sources",Livan Soto,,
"on authority, unranked by all sources",Jose Suarez,,
"on authority, unranked by all sources",Carson Taylor,,
"on authority, unranked by all sources",Carson Tinney,,
"on authority, unranked by all sources",Blake Adams,,
"on authority, unranked by all sources",Luiyin Alastre,,
"on authority, unranked by all sources",Clark Candiotti,,
"on authority, unranked by all sources",Yeiferth Castillo,,
"on authority, unranked by all sources",Chris Clark,,
"on authority, unranked by all sources",Isaiah Coupet,,
"on authority, unranked by all sources",Jaxon Dalena,,
"on authority, unranked by all sources",Bryson Dudley,,
"on authority, unranked by all sources",Kifraidy Encarnacion,,
"on authority, unranked by all sources",Josh Fleming,,
"on authority, unranked by all sources",Marty Gair,,
"on authority, unranked by all sources",Will Gasparino,,
"on authority, unranked by all sources",Nick Gordon,,
"on authority, unranked by all sources",Garrett Horn,,
"on authority, unranked by all sources",Lebarron Johnson,,
"on authority, unranked by all sources",Josh Kross,,
"on authority, unranked by all sources",Cristofer Lebron,,
"on authority, unranked by all sources",Karson Ligon,,
"on authority, unranked by all sources",Jesus Lopez,,
"on authority, unranked by all sources",Yander Maria,,
"on authority, unranked by all sources",David Mershon,,
"on authority, unranked by all sources",Enyervert Perez,,
"on authority, unranked by all sources",Joyner Perez,,
"on authority, unranked by all sources",Kamdyn Perry,,
"on authority, unranked by all sources",Juan Pinto,,
"on authority, unranked by all sources",Eriandys Ramon,,
"on authority, unranked by all sources",Gabriel Reyes,,
"on authority, unranked by all sources",Caleb Ricketts,,
"on authority, unranked by all sources",Kyle Robinson,,
"on authority, unranked by all sources",Osiel Rodriguez,,
"on authority, unranked by all sources",Samuel Sanchez,,
"on authority, unranked by all sources",Evan Siary,,
"on authority, unranked by all sources",Jean Carlos Sio,,
"on authority, unranked by all sources",Misael Tamarez,,
"on authority, unranked by all sources",Marshall Toole,,
"on authority, unranked by all sources",Ranciel Abreu,,
"on authority, unranked by all sources",Agustin Acosta,,
"on authority, unranked by all sources",Beau Ankeney,,
"on authority, unranked by all sources",Darren Baker,,
"on authority, unranked by all sources",Seth Beer,,
"on authority, unranked by all sources",Werner Blakely,,
"on authority, unranked by all sources",Marwys Cabrera,,
"on authority, unranked by all sources",Connor Caskenette,,
"on authority, unranked by all sources",Emmanuel Cedeno,,
"on authority, unranked by all sources",Jack Costello,,
"on authority, unranked by all sources",Yohairo Cuevas,,
"on authority, unranked by all sources",Erick De La Cruz,,
"on authority, unranked by all sources",Juan De La Cruz,,
"on authority, unranked by all sources",Stiven Flores,,
"on authority, unranked by all sources",Estevan Florial,,
"on authority, unranked by all sources",Cole Foster,,
"on authority, unranked by all sources",Stone Garrett,,
"on authority, unranked by all sources",Nick Goodwin,,
"on authority, unranked by all sources",Joe Gray,,
"on authority, unranked by all sources",Aidan Haugh,,
"on authority, unranked by all sources",Elison Joseph,,
"on authority, unranked by all sources",Cristopher Larez,,
"on authority, unranked by all sources",Sami Manzueta,,
"on authority, unranked by all sources",Sandy Mejia,,
"on authority, unranked by all sources",Brayan Mendoza,,
"on authority, unranked by all sources",Cameron Nelson,,
"on authority, unranked by all sources",Capri Ortiz,,
"on authority, unranked by all sources",Zach Penrod,,
"on authority, unranked by all sources",Caleb Roberts,,
"on authority, unranked by all sources",Gregory Sanchez,,
"on authority, unranked by all sources",Almen Tolentino,,
"on authority, unranked by all sources",Ty Van Dyke,,
"on authority, unranked by all sources",Forrest Wall,,
"on authority, unranked by all sources",Natanael Yuten,,
"on authority, unranked by all sources",Joan Adon,,
"on authority, unranked by all sources",Vaun Brown,,
"on authority, unranked by all sources",Michael Carpenter,,
"on authority, unranked by all sources",Diego Castillo,,
"on authority, unranked by all sources",Frank Elissalt,,
"on authority, unranked by all sources",Shintaro Fujinami,,
"on authority, unranked by all sources",Pierce George,,
"on authority, unranked by all sources",Cristofer Gomez,,
"on authority, unranked by all sources",Juan Guerrero,,
"on authority, unranked by all sources",Sean Hermann,,
"on authority, unranked by all sources",Dany Jimenez,,
"on authority, unranked by all sources",Jimmy Joyce,,
"on authority, unranked by all sources",J.P. Martinez,,
"on authority, unranked by all sources",Carlos Mateo,,
"on authority, unranked by all sources",Ryan McKenna,,
"on authority, unranked by all sources",Hayden Minton,,
"on authority, unranked by all sources",Justin Mitrovich,,
"on authority, unranked by all sources",Elehuris Montero,,
"on authority, unranked by all sources",Luis Morejon,,
"on authority, unranked by all sources",Jaylen Nowlin,,
"on authority, unranked by all sources",Alexfri Planez,,
"on authority, unranked by all sources",Yeferson Portolatin,,
"on authority, unranked by all sources",Braeden Sloan,,
"on authority, unranked by all sources",Yordani Soto,,
"on authority, unranked by all sources",Wyatt Vincent,,
"on authority, unranked by all sources",Ryan Weingartner,,
"on authority, unranked by all sources",Guillo Zuniga,,
"on authority, unranked by all sources",Andy Acevedo,,
"on authority, unranked by all sources",Justin Armbruester,,
"on authority, unranked by all sources",Lazaro Armenteros,,
"on authority, unranked by all sources",Gilberto Batista,,
"on authority, unranked by all sources",Will Brick,,
"on authority, unranked by all sources",Nick Brink,,
"on authority, unranked by all sources",Connor Burns,,
"on authority, unranked by all sources",Rayner Castillo,,
"on authority, unranked by all sources",Enniel Cortez,,
"on authority, unranked by all sources",Ryan Costeiu,,
"on authority, unranked by all sources",Jose Davila,,
"on authority, unranked by all sources",Luis De Leon,,
"on authority, unranked by all sources",Branny De Oleo,,
"on authority, unranked by all sources",Nolan DeVos,,
"on authority, unranked by all sources",Noah Dean,,
"on authority, unranked by all sources",Noah Franco,,
"on authority, unranked by all sources",Zach Franklin,,
"on authority, unranked by all sources",Yorman Galindez,,
"on authority, unranked by all sources",Darick Hall,,
"on authority, unranked by all sources",Calvin Harris,,
"on authority, unranked by all sources",Grant Jay,,
"on authority, unranked by all sources",Eli Jones,,
"on authority, unranked by all sources",Andrew Kachel,,
"on authority, unranked by all sources",Damon Keith,,
"on authority, unranked by all sources",Zach MacDonald,,
"on authority, unranked by all sources",Junior Marin,,
"on authority, unranked by all sources",Jack Martinez,,
"on authority, unranked by all sources",Kyle McCann,,
"on authority, unranked by all sources",Glenn Otto,,
"on authority, unranked by all sources",Sandy Ozuna,,
"on authority, unranked by all sources",Kai Roberts,,
"on authority, unranked by all sources",Jeffry Rosa,,
"on authority, unranked by all sources",Charlie Szykowny,,
"on authority, unranked by all sources",Andrew Tess,,
"on authority, unranked by all sources",Daury Vasquez,,
"on authority, unranked by all sources",Luis Verdugo,,
"on authority, unranked by all sources",Marcelo Alcala,,
"on authority, unranked by all sources",Yency Almonte,,
"on authority, unranked by all sources",Anderson Alvarez,,
"on authority, unranked by all sources",Joe Barlow,,
"on authority, unranked by all sources",Nick Biddison,,
"on authority, unranked by all sources",Anderson Cardenas,,
"on authority, unranked by all sources",Nick Cimillo,,
"on authority, unranked by all sources",Edgar Colon,,
"on authority, unranked by all sources",Elaineiker Coronado,,
"on authority, unranked by all sources",Danyer Cueva,,
"on authority, unranked by all sources",Cade Denton,,
"on authority, unranked by all sources",Matt Duffy,,
"on authority, unranked by all sources",Cameron Foster,,
"on authority, unranked by all sources",Alexander Garcia,,
"on authority, unranked by all sources",Adrian Gil,,
"on authority, unranked by all sources",Payton Graham,,
"on authority, unranked by all sources",Noah Hall,,
"on authority, unranked by all sources",Gilberto Jimenez,,
"on authority, unranked by all sources",Victor Juarez,,
"on authority, unranked by all sources",Owen Kellington,,
"on authority, unranked by all sources",Yorman Licourt,,
"on authority, unranked by all sources",Jared McKenzie,,
"on authority, unranked by all sources",Raymond Mola,,
"on authority, unranked by all sources",David Ortiz,,
"on authority, unranked by all sources",Charlie Pagliarini,,
"on authority, unranked by all sources",Onil Perez,,
"on authority, unranked by all sources",Avinson Pinto,,
"on authority, unranked by all sources",Carlos Renzullo,,
"on authority, unranked by all sources",Erian Rodriguez,,
"on authority, unranked by all sources",Logan Sauve,,
"on authority, unranked by all sources",Jason Savacool,,
"on authority, unranked by all sources",Anthony Scull,,
"on authority, unranked by all sources",Drew Smith,,
"on authority, unranked by all sources",Yoffry Solano,,
"on authority, unranked by all sources",Adrian Sugastey,,
"on authority, unranked by all sources",Deward Tovar,,
"on authority, unranked by all sources",Esmerlin Vinicio,,
"on authority, unranked by all sources",Hunter Allen,,
"on authority, unranked by all sources",Pascual Archila,,
"on authority, unranked by all sources",Emilio Barreras,,
"on authority, unranked by all sources",Alfredo Benzan,,
"on authority, unranked by all sources",Angel Brachi,,
"on authority, unranked by all sources",Kyle Brnovich,,
"on authority, unranked by all sources",Burl Carraway,,
"on authority, unranked by all sources",Mark Coley II,,
"on authority, unranked by all sources",Andrew Dunford,,
"on authority, unranked by all sources",Casan Evans,,
"on authority, unranked by all sources",Adbiel Feliz,,
"on authority, unranked by all sources",Jacob Friend,,
"on authority, unranked by all sources",Jose Gonzalez,,
"on authority, unranked by all sources",Duque Hebbert,,
"on authority, unranked by all sources",Angel Jimenez,,
"on authority, unranked by all sources",Jared Johnson,,
"on authority, unranked by all sources",Evan Justice,,
"on authority, unranked by all sources",Christian Knapczyk,,
"on authority, unranked by all sources",Tanner Kohlhepp,,
"on authority, unranked by all sources",Erick Lara,,
"on authority, unranked by all sources",Hudson Leach,,
"on authority, unranked by all sources",Fabian Lopez,,
"on authority, unranked by all sources",Nick Lorusso,,
"on authority, unranked by all sources",Jacob McCombs,,
"on authority, unranked by all sources",Sean McLain,,
"on authority, unranked by all sources",Armstrong Muhoozi,,
"on authority, unranked by all sources",Hunter Patteson,,
"on authority, unranked by all sources",Jonathan Rangel,,
"on authority, unranked by all sources",Erik Rivera,,
"on authority, unranked by all sources",Angel Rivero,,
"on authority, unranked by all sources",Eduardo Rojas,,
"on authority, unranked by all sources",Will Schomberg,,
"on authority, unranked by all sources",Teddy Sharkey,,
"on authority, unranked by all sources",Eric Snow,,
"on authority, unranked by all sources",Griffin Tobias,,
"on authority, unranked by all sources",Erik Tolman,,
"on authority, unranked by all sources",Wande Torres,,
"on authority, unranked by all sources",Carter Trice,,
"on authority, unranked by all sources",Bryce Warrecker,,
"on authority, unranked by all sources",Eric Yost,,
"on authority, unranked by all sources",Bohan Adderley,,
"on authority, unranked by all sources",Silas Ardoin,,
"on authority, unranked by all sources",Anderson Areinamo,,
"on authority, unranked by all sources",Anson Aroz,,
"on authority, unranked by all sources",Christian Arroyo,,
"on authority, unranked by all sources",Bryce Ball,,
"on authority, unranked by all sources",Jorge Burgos,,
"on authority, unranked by all sources",Luis Castillo,,
"on authority, unranked by all sources",Rodolfo Castro,,
"on authority, unranked by all sources",Dylan Coleman,,
"on authority, unranked by all sources",Luke Dotson,,
"on authority, unranked by all sources",Ty Doucette,,
"on authority, unranked by all sources",Jon Jon Gazdar,,
"on authority, unranked by all sources",Joe Glassey,,
"on authority, unranked by all sources",Christian Gonzalez,,
"on authority, unranked by all sources",Jonathan Heasley,,
"on authority, unranked by all sources",Jacob Jenkins-Cowart,,
"on authority, unranked by all sources",Luis Ramon King,,
"on authority, unranked by all sources",Anthony Marquez,,
"on authority, unranked by all sources",Matthew Miura,,
"on authority, unranked by all sources",Jorgelys Mota,,
"on authority, unranked by all sources",Yonathan Perlaza,,
"on authority, unranked by all sources",Dario Reynoso,,
"on authority, unranked by all sources",Johan Rodriguez,,
"on authority, unranked by all sources",Javier Sanchez,,
"on authority, unranked by all sources",Brett Squires,,
"on authority, unranked by all sources",Andrew Velazquez,,
"on authority, unranked by all sources",Bo Walker,,
"on authority, unranked by all sources",Braylon Whitaker,,
"on authority, unranked by all sources",Rowan Wick,,
"on authority, unranked by all sources",Kendall Williams,,
"on authority, unranked by all sources",Eric Adler,,
"on authority, unranked by all sources",Ismael Agreda,,
"on authority, unranked by all sources",Logan Allen,,
"on authority, unranked by all sources",Alexander Almonte,,
"on authority, unranked by all sources",Nate Baez,,
"on authority, unranked by all sources",Tyler Baum,,
"on authority, unranked by all sources",Christian Bethancourt,,
"on authority, unranked by all sources",Josh Breaux,,
"on authority, unranked by all sources",Julian Brock,,
"on authority, unranked by all sources",Trey Cabbage,,
"on authority, unranked by all sources",Marcos Castanon,,
"on authority, unranked by all sources",Rubel Cespedes,,
"on authority, unranked by all sources",Hyun-il Choi,,
"on authority, unranked by all sources",Carter Cunningham,,
"on authority, unranked by all sources",Daniel Cuvet,,
"on authority, unranked by all sources",Jose De La Cruz,,
"on authority, unranked by all sources",Jose Devers,,
"on authority, unranked by all sources",Mack Estrada,,
"on authority, unranked by all sources",Zach Evans,,
"on authority, unranked by all sources",Greg Farone,,
"on authority, unranked by all sources",Jack Findlay,,
"on authority, unranked by all sources",Luke Gabrysh,,
"on authority, unranked by all sources",Yhoswar Garcia,,
"on authority, unranked by all sources",Douglas Glod,,
"on authority, unranked by all sources",Owen Hackman,,
"on authority, unranked by all sources",Adam Hall,,
"on authority, unranked by all sources",Mitch Haniger,,
"on authority, unranked by all sources",Josh Hansell,,
"on authority, unranked by all sources",Dakota Harris,,
"on authority, unranked by all sources",Ryan Hawks,,
"on authority, unranked by all sources",Cesar Hernandez,,
"on authority, unranked by all sources",Davion Hickson,,
"on authority, unranked by all sources",Brandon Hughes,,
"on authority, unranked by all sources",Osiris Johnson,,
"on authority, unranked by all sources",Janzen Keisel,,
"on authority, unranked by all sources",Christian MacLeod,,
"on authority, unranked by all sources",Estiven Machado,,
"on authority, unranked by all sources",Jaset Martinez,,
"on authority, unranked by all sources",Jacob Mayers,,
"on authority, unranked by all sources",Jake McCutcheon,,
"on authority, unranked by all sources",Dong Ju Moon,,
"on authority, unranked by all sources",Koen Moreno,,
"on authority, unranked by all sources",Edward Olivares,,
"on authority, unranked by all sources",Sann Omosako,,
"on authority, unranked by all sources",Inohan Paniagua,,
"on authority, unranked by all sources",Gerlyn Payano,,
"on authority, unranked by all sources",Gabel Pentecost,,
"on authority, unranked by all sources",Anderson Pilar,,
"on authority, unranked by all sources",Jose Rodriguez,,
"on authority, unranked by all sources",Tony Santa Maria,,
"on authority, unranked by all sources",Enrique Segura,,
"on authority, unranked by all sources",Jhon Simon,,
"on authority, unranked by all sources",Alex Speas,,
"on authority, unranked by all sources",Thomas Szapucki,,
"on authority, unranked by all sources",Naoyuki Uwasawa,,
"on authority, unranked by all sources",Jordan Viars,,
"on authority, unranked by all sources",Geremy Villoria,,
"on authority, unranked by all sources",Cole Waites,,
"on authority, unranked by all sources",Brendan White,,
"on authority, unranked by all sources",Colby White,,
"on authority, unranked by all sources",Ryan Andrade,,
"on authority, unranked by all sources",Charlie Barnes,,
"on authority, unranked by all sources",Ty Blach,,
"on authority, unranked by all sources",Damian Bravo,,
"on authority, unranked by all sources",Jhorman Bravo,,
"on authority, unranked by all sources",Ely Brown,,
"on authority, unranked by all sources",Ryan Brown,,
"on authority, unranked by all sources",Manuel Cabrera,,
"on authority, unranked by all sources",Everett Catlett,,
"on authority, unranked by all sources",Juan Chacon,,
"on authority, unranked by all sources",Justin Chambers,,
"on authority, unranked by all sources",Adisyn Coffey,,
"on authority, unranked by all sources",Alexander Cornielle,,
"on authority, unranked by all sources",J.J. D'Orazio,,
"on authority, unranked by all sources",Casey Dana,,
"on authority, unranked by all sources",Tucker Davidson,,
"on authority, unranked by all sources",Randal Diaz,,
"on authority, unranked by all sources",Jose Dickson,,
"on authority, unranked by all sources",Durbin Feltman,,
"on authority, unranked by all sources",Carter Frederick,,
"on authority, unranked by all sources",Martin Gonzalez,,
"on authority, unranked by all sources",Ethan Hearn,,
"on authority, unranked by all sources",Jacob Humphrey,,
"on authority, unranked by all sources",Steven Jennings,,
"on authority, unranked by all sources",Aiden Jimenez,,
"on authority, unranked by all sources",Tyriq Kemp,,
"on authority, unranked by all sources",Caleb Ketchup,,
"on authority, unranked by all sources",Bryan Lavastida,,
"on authority, unranked by all sources",Cameron Leary,,
"on authority, unranked by all sources",Guy Lipscomb Jr.,,
"on authority, unranked by all sources",Omar Martinez,,
"on authority, unranked by all sources",Miqueas Mercedes,,
"on authority, unranked by all sources",Daniel Montesino,,
"on authority, unranked by all sources",Jack Moroknek,,
"on authority, unranked by all sources",Kyle Nevin,,
"on authority, unranked by all sources",Tyler Nevin,,
"on authority, unranked by all sources",Maikol Orozco,,
"on authority, unranked by all sources",Jose Ortiz,,
"on authority, unranked by all sources",Christopher Paciolla,,
"on authority, unranked by all sources",Fernando Peguero,,
"on authority, unranked by all sources",Nick Peoples,,
"on authority, unranked by all sources",Beau Peterson,,
"on authority, unranked by all sources",Leandro Pineda,,
"on authority, unranked by all sources",Logan Poteet,,
"on authority, unranked by all sources",Wilkin Ramos,,
"on authority, unranked by all sources",Jeremy Rivas,,
"on authority, unranked by all sources",Tyler Rodriguez,,
"on authority, unranked by all sources",Yendry Rojas,,
"on authority, unranked by all sources",Nick Sando,,
"on authority, unranked by all sources",Cody Schrier,,
"on authority, unranked by all sources",Ben Simon,,
"on authority, unranked by all sources",Will Smith,,
"on authority, unranked by all sources",Ryan Stafford,,
"on authority, unranked by all sources",Anthony Stephan,,
"on authority, unranked by all sources",Riley Tirotta,,
"on authority, unranked by all sources",Erick Torres,,
"on authority, unranked by all sources",Ronny Ugarte,,
"on authority, unranked by all sources",Austin Vernon,,
"on authority, unranked by all sources",Luke Voit,,
"on authority, unranked by all sources",Jacob Watters,,
"on authority, unranked by all sources",Ethan Young,,
"on authority, unranked by all sources",Pablo Aldonis,,
"on authority, unranked by all sources",Slate Alford,,
"on authority, unranked by all sources",Heins Brito,,
"on authority, unranked by all sources",Aaron Combs,,
"on authority, unranked by all sources",Omar Damian,,
"on authority, unranked by all sources",Ryan DeSanto,,
"on authority, unranked by all sources",Brody Donay,,
"on authority, unranked by all sources",Juan Espinal,,
"on authority, unranked by all sources",Hunter Fitz-Gerald,,
"on authority, unranked by all sources",Tucker Flint,,
"on authority, unranked by all sources",Jalin Flores,,
"on authority, unranked by all sources",Miguel Flores,,
"on authority, unranked by all sources",Rio Foster,,
"on authority, unranked by all sources",Saul Garcia,,
"on authority, unranked by all sources",Alvin Guzman,,
"on authority, unranked by all sources",Payton Henry,,
"on authority, unranked by all sources",Alberto Hernandez,,
"on authority, unranked by all sources",Wyatt Hudepohl,,
"on authority, unranked by all sources",Ryan Ignoffo,,
"on authority, unranked by all sources",Tyler Ivey,,
"on authority, unranked by all sources",Justin Jarvis,,
"on authority, unranked by all sources",Reiss Knehr,,
"on authority, unranked by all sources",Yerlin Luis,,
"on authority, unranked by all sources",Bligh Madris,,
"on authority, unranked by all sources",Logan Martin,,
"on authority, unranked by all sources",Erick Matos,,
"on authority, unranked by all sources",Gunner Mayer,,
"on authority, unranked by all sources",Will McCausland,,
"on authority, unranked by all sources",Noah Mendlinger,,
"on authority, unranked by all sources",Luis Mieses,,
"on authority, unranked by all sources",Willy Montero,,
"on authority, unranked by all sources",Kyle Muller,,
"on authority, unranked by all sources",Ethan Murray,,
"on authority, unranked by all sources",Simon Muzziotti,,
"on authority, unranked by all sources",Liam Norris,,
"on authority, unranked by all sources",Alberth Palma,,
"on authority, unranked by all sources",Jean Pinto,,
"on authority, unranked by all sources",Grant Richardson,,
"on authority, unranked by all sources",Johnfrank Salazar,,
"on authority, unranked by all sources",R.J. Sales,,
"on authority, unranked by all sources",Aaron Sanchez,,
"on authority, unranked by all sources",Luke Shliger,,
"on authority, unranked by all sources",Nick Solak,,
"on authority, unranked by all sources",Seth Stephenson,,
"on authority, unranked by all sources",Noah Syndergaard,,
"on authority, unranked by all sources",Trenton Wallace,,
"on authority, unranked by all sources",Dylan Wilson,,
"on authority, unranked by all sources",Tanner Witt,,
"on authority, unranked by all sources",Miguel Yajure,,
"on authority, unranked by all sources",Nelfy Ynfante,,
"on authority, unranked by all sources",Donovan Zsak,,
"on authority, unranked by all sources",Nick Zwack,,
"on authority, unranked by all sources",Cesar Acosta,,
"on authority, unranked by all sources",Evan Aschenbeck,,
"on authority, unranked by all sources",Ali Camarillo,,
"on authority, unranked by all sources",Nathanael Cijntje,,
"on authority, unranked by all sources",Harrison Cohen,,
"on authority, unranked by all sources",Jason DeCaro,,
"on authority, unranked by all sources",Jordan Diaz,,
"on authority, unranked by all sources",Yusniel Diaz,,
"on authority, unranked by all sources",Joel Dragoo,,
"on authority, unranked by all sources",Jake Faherty,,
"on authority, unranked by all sources",Daniel Flames,,
"on authority, unranked by all sources",Henry Ford,,
"on authority, unranked by all sources",Luis Frias,,
"on authority, unranked by all sources",Eric Genther,,
"on authority, unranked by all sources",Jordan Gottesman,,
"on authority, unranked by all sources",Tyson Guerrero,,
"on authority, unranked by all sources",Tayden Hall,,
"on authority, unranked by all sources",Roybert Herrera,,
"on authority, unranked by all sources",Miguel Hiraldo,,
"on authority, unranked by all sources",Spencer Howard,,
"on authority, unranked by all sources",Ruben Ibarra,,
"on authority, unranked by all sources",Luke Jackson,,
"on authority, unranked by all sources",Brian Kalmer,,
"on authority, unranked by all sources",Baek-ho Kang,,
"on authority, unranked by all sources",Rhett Kouba,,
"on authority, unranked by all sources",Ty Langenberg,,
"on authority, unranked by all sources",Inmer Lobo,,
"on authority, unranked by all sources",Manuel Mercedes,,
"on authority, unranked by all sources",Frederi Montero,,
"on authority, unranked by all sources",Parker Mushinski,,
"on authority, unranked by all sources",Trent Palmer,,
"on authority, unranked by all sources",Jack Payton,,
"on authority, unranked by all sources",Joe Perez,,
"on authority, unranked by all sources",Milkar Perez,,
"on authority, unranked by all sources",Reylin Perez,,
"on authority, unranked by all sources",Rickardo Perez,,
"on authority, unranked by all sources",Trace Phillips,,
"on authority, unranked by all sources",Michael Plassmeyer,,
"on authority, unranked by all sources",Jurdrick Profar,,
"on authority, unranked by all sources",German Ramirez,,
"on authority, unranked by all sources",Sean Reid-Foley,,
"on authority, unranked by all sources",Tommy Romero,,
"on authority, unranked by all sources",Juan Rujano,,
"on authority, unranked by all sources",Carlos Silva,,
"on authority, unranked by all sources",Josh Staumont,,
"on authority, unranked by all sources",Enry Torres,,
"on authority, unranked by all sources",Austin Troesser,,
"on authority, unranked by all sources",JC Vanek,,
"on authority, unranked by all sources",Jayden Voelker,,
"on authority, unranked by all sources",Austin Voth,,
"on authority, unranked by all sources",Ethan Workinger,,
"on authority, unranked by all sources",Franco Zabaleta,,
"on authority, unranked by all sources",Adrian Acosta,,
"on authority, unranked by all sources",Mike Antico,,
"on authority, unranked by all sources",Meykel Baro,,
"on authority, unranked by all sources",Mike Baumann,,
"on authority, unranked by all sources",Israfell Bautista,,
"on authority, unranked by all sources",Sam Benschoter,,
"on authority, unranked by all sources",Phil Bickford,,
"on authority, unranked by all sources",Marcus Brown,,
"on authority, unranked by all sources",Carlos Castillo,,
"on authority, unranked by all sources",Jose Castro,,
"on authority, unranked by all sources",Jose Cerice,,
"on authority, unranked by all sources",Everett Cooper III,,
"on authority, unranked by all sources",Dayber Cruceta,,
"on authority, unranked by all sources",Jason Delay,,
"on authority, unranked by all sources",Indigo Diaz,,
"on authority, unranked by all sources",Dustin Dickerson,,
"on authority, unranked by all sources",Hayden Durke,,
"on authority, unranked by all sources",Duke Ellis,,
"on authority, unranked by all sources",Trey Faltine,,
"on authority, unranked by all sources",Thomas Farr,,
"on authority, unranked by all sources",Wandi Feliz,,
"on authority, unranked by all sources",Jackson Finley,,
"on authority, unranked by all sources",Cam Fisher,,
"on authority, unranked by all sources",Riley Frey,,
"on authority, unranked by all sources",Hunter Furtado,,
"on authority, unranked by all sources",Will Gagnon,,
"on authority, unranked by all sources",Keagan Gillies,,
"on authority, unranked by all sources",Esteban Gonzalez,,
"on authority, unranked by all sources",Troy Guthrie,,
"on authority, unranked by all sources",Grant Hartwig,,
"on authority, unranked by all sources",Douglas Hodo III,,
"on authority, unranked by all sources",Jack Lines,,
"on authority, unranked by all sources",Sam Mongelli,,
"on authority, unranked by all sources",Bernard Moon,,
"on authority, unranked by all sources",Francisco Morales,,
"on authority, unranked by all sources",Anderson Navas,,
"on authority, unranked by all sources",Douglas Orellana,,
"on authority, unranked by all sources",Jorel Ortega,,
"on authority, unranked by all sources",Braden Osbolt,,
"on authority, unranked by all sources",Spencer Packard,,
"on authority, unranked by all sources",Caedmon Parker,,
"on authority, unranked by all sources",Robert Perez Jr.,,
"on authority, unranked by all sources",Edgar Portes,,
"on authority, unranked by all sources",Manni Ramirez,,
"on authority, unranked by all sources",Richard Ramirez,,
"on authority, unranked by all sources",Dalton Roach,,
"on authority, unranked by all sources",Hayden Robinson,,
"on authority, unranked by all sources",Gabriel Rodriguez,,
"on authority, unranked by all sources",Luis R. Rodriguez,,
"on authority, unranked by all sources",Anderdson Rojas,,
"on authority, unranked by all sources",Victor Santos,,
"on authority, unranked by all sources",James Taussig,,
"on authority, unranked by all sources",Jay Thomason,,
"on authority, unranked by all sources",Will Turner,,
"on authority, unranked by all sources",Bryson Ware,,
"on authority, unranked by all sources",Dylan Watts,,
"on authority, unranked by all sources",Mitch White,,
"on authority, unranked by all sources",Hogan Windish,,
"on authority, unranked by all sources",Carlos Zambrano,,
"on authority, unranked by all sources",Cohen Achen,,
"on authority, unranked by all sources",Edwin Amparo,,
"on authority, unranked by all sources",Frankeli Arias,,
"on authority, unranked by all sources",Vladimir Asencio,,
"on authority, unranked by all sources",Andrew Baker,,
"on authority, unranked by all sources",Alex Barr,,
"on authority, unranked by all sources",Justin Boyd,,
"on authority, unranked by all sources",Edwin Brito,,
"on authority, unranked by all sources",Sam Brown,,
"on authority, unranked by all sources",Santiago Camacho,,
"on authority, unranked by all sources",Jackson Castillo,,
"on authority, unranked by all sources",Maick Collado,,
"on authority, unranked by all sources",Irving Cota,,
"on authority, unranked by all sources",Ricardo Cova,,
"on authority, unranked by all sources",Jatnk Diaz,,
"on authority, unranked by all sources",Rafael Flores,,
"on authority, unranked by all sources",Javier Francisco,,
"on authority, unranked by all sources",Alexander Fuentes,,
"on authority, unranked by all sources",Tyler Guilfoil,,
"on authority, unranked by all sources",Andrew Healy,,
"on authority, unranked by all sources",Yonatan Henriquez,,
"on authority, unranked by all sources",Franyer Herrera,,
"on authority, unranked by all sources",GJ Hill,,
"on authority, unranked by all sources",Manolfi Jimenez,,
"on authority, unranked by all sources",Cameron Johnson,,
"on authority, unranked by all sources",James Kaprielian,,
"on authority, unranked by all sources",Matt Klein,,
"on authority, unranked by all sources",Luke Lashutka,,
"on authority, unranked by all sources",Jonathan Martinez,,
"on authority, unranked by all sources",Ben McLaughlin,,
"on authority, unranked by all sources",Garrett McMillan,,
"on authority, unranked by all sources",Jake Miller,,
"on authority, unranked by all sources",Andruw Musett,,
"on authority, unranked by all sources",Yerald Nin,,
"on authority, unranked by all sources",Thomas Pannone,,
"on authority, unranked by all sources",Jacob Parker,,
"on authority, unranked by all sources",Myles Patton,,
"on authority, unranked by all sources",Queni Pineda,,
"on authority, unranked by all sources",Kaden Polcovich,,
"on authority, unranked by all sources",Roismar Quintana,,
"on authority, unranked by all sources",Henry Ramos,,
"on authority, unranked by all sources",Gabriel Rodriguez,,
"on authority, unranked by all sources",Yoel Roque,,
"on authority, unranked by all sources",Naimer Rosario,,
"on authority, unranked by all sources",Will Rudy,,
"on authority, unranked by all sources",Luis Rujano,,
"on authority, unranked by all sources",Jonathan Russell,,
"on authority, unranked by all sources",Stone Russell,,
"on authority, unranked by all sources",Deivi Villafana,,
"on authority, unranked by all sources",Hayden Vucinovich,,
"on authority, unranked by all sources",Andrew Wantz,,
"on authority, unranked by all sources",Case Williams,,
"on authority, unranked by all sources",Seby Zavala,,
"on authority, unranked by all sources",Adam Zebrowski,,
"on authority, unranked by all sources",Jhorvic Abreus,,
"on authority, unranked by all sources",Fran Alduey,,
"on authority, unranked by all sources",Dayquer Alfonzo,,
"on authority, unranked by all sources",Darwin Almanzar,,
"on authority, unranked by all sources",Tanner Andrews,,
"on authority, unranked by all sources",Roman Angelo,,
"on authority, unranked by all sources",Abraham Bastidas,,
"on authority, unranked by all sources",Bryce Bonnin,,
"on authority, unranked by all sources",Logan Braunschweig,,
"on authority, unranked by all sources",Yojancel Cabrera,,
"on authority, unranked by all sources",Angel Carmona,,
"on authority, unranked by all sources",Michael Chavis,,
"on authority, unranked by all sources",Cole Conn,,
"on authority, unranked by all sources",Zach Daniels,,
"on authority, unranked by all sources",Jose De Jesus,,
"on authority, unranked by all sources",Adam Duvall,,
"on authority, unranked by all sources",Magnus Ellerts,,
"on authority, unranked by all sources",E.J. Exposito,,
"on authority, unranked by all sources",Ettore Giulianelli,,
"on authority, unranked by all sources",Jose Guevara,,
"on authority, unranked by all sources",Edward Guribe,,
"on authority, unranked by all sources",Brady Harris,,
"on authority, unranked by all sources",Merphy Hernandez,,
"on authority, unranked by all sources",Yilber Herrera,,
"on authority, unranked by all sources",Carson Hobbs,,
"on authority, unranked by all sources",Victor Izturis,,
"on authority, unranked by all sources",Keythel Key,,
"on authority, unranked by all sources",D'Shawn Knowles,,
"on authority, unranked by all sources",Marcus Lee Sang,,
"on authority, unranked by all sources",Shugo Maki,,
"on authority, unranked by all sources",Anyelo Marquez,,
"on authority, unranked by all sources",Luis Meza,,
"on authority, unranked by all sources",Darrien Miller,,
"on authority, unranked by all sources",Jose Monzon,,
"on authority, unranked by all sources",Ben Moore,,
"on authority, unranked by all sources",Juan Olmos,,
"on authority, unranked by all sources",Jhailyn Ortiz,,
"on authority, unranked by all sources",Layonel Ovalles,,
"on authority, unranked by all sources",Dominic Pitelli,,
"on authority, unranked by all sources",Harold Ramirez,,
"on authority, unranked by all sources",Keyber Rodriguez,,
"on authority, unranked by all sources",Raimy Rodriguez,,
"on authority, unranked by all sources",Yobal Rodriguez,,
"on authority, unranked by all sources",Zane Russell,,
"on authority, unranked by all sources",Marino Santy,,
"on authority, unranked by all sources",Juan Sierra,,
"on authority, unranked by all sources",Liam Simon,,
"on authority, unranked by all sources",Austin Smith,,
"on authority, unranked by all sources",D'Andre Smith,,
"on authority, unranked by all sources",Nic Swanson,,
"on authority, unranked by all sources",Devin Sweet,,
"on authority, unranked by all sources",Juan Then,,
"on authority, unranked by all sources",Josh Tiedemann,,
"on authority, unranked by all sources",Ethan Wagner,,
"on authority, unranked by all sources",Kyle Walker,,
"on authority, unranked by all sources",Andrew Williamson,,
"on authority, unranked by all sources",Earle Zulueta,,
"on authority, unranked by all sources",Blane Abeyta,,
"on authority, unranked by all sources",Austin Adams,,
"on authority, unranked by all sources",Hyun Min Ahn,,
"on authority, unranked by all sources",Luis Arestigueta,,
"on authority, unranked by all sources",Brandon Bielak,,
"on authority, unranked by all sources",Luichi Casilla,,
"on authority, unranked by all sources",Sam Cozart,,
"on authority, unranked by all sources",Stiven Cruz,,
"on authority, unranked by all sources",Kolton Curtis,,
"on authority, unranked by all sources",Derek Diamond,,
"on authority, unranked by all sources",Kevin Ereu,,
"on authority, unranked by all sources",Carlos Espinosa,,
"on authority, unranked by all sources",Junior Fernandez,,
"on authority, unranked by all sources",Jacob Frost,,
"on authority, unranked by all sources",Ben Gamel,,
"on authority, unranked by all sources",Domingo German,,
"on authority, unranked by all sources",Luke Gold,,
"on authority, unranked by all sources",Cristian Gonzalez,,
"on authority, unranked by all sources",Cayman Goode,,
"on authority, unranked by all sources",Jace Hampson,,
"on authority, unranked by all sources",Bjorn Johnson,,
"on authority, unranked by all sources",Jorge Juan,,
"on authority, unranked by all sources",Jackson Kirkpatrick,,
"on authority, unranked by all sources",Sean Matson,,
"on authority, unranked by all sources",Chris McElvain,,
"on authority, unranked by all sources",Xavier Meachem,,
"on authority, unranked by all sources",Yorfran Medina,,
"on authority, unranked by all sources",Rafael Morel,,
"on authority, unranked by all sources",Demetrio Nadal,,
"on authority, unranked by all sources",Shervyen Newton,,
"on authority, unranked by all sources",Jack O'Connor,,
"on authority, unranked by all sources",Kellan Oakes,,
"on authority, unranked by all sources",Bryce Osmond,,
"on authority, unranked by all sources",Drew Parrish,,
"on authority, unranked by all sources",Francisco Pazos,,
"on authority, unranked by all sources",Coleman Picard,,
"on authority, unranked by all sources",Aldo Ramirez,,
"on authority, unranked by all sources",Yondrei Rojas,,
"on authority, unranked by all sources",Zach Royse,,
"on authority, unranked by all sources",Bryan Sammons,,
"on authority, unranked by all sources",TJ Shook,,
"on authority, unranked by all sources",Kevin Sim,,
"on authority, unranked by all sources",Jared Simpson,,
"on authority, unranked by all sources",Justin Storm,,
"on authority, unranked by all sources",James Tallon,,
"on authority, unranked by all sources",Yereny Teus,,
"on authority, unranked by all sources",Trayce Thompson,,
"on authority, unranked by all sources",Fidel Ulloa,,
"on authority, unranked by all sources",Michael Walsh,,
"on authority, unranked by all sources",Bino Watters,,
"on authority, unranked by all sources",Nate Ackenhausen,,
"on authority, unranked by all sources",Cesar Acosta,,
"on authority, unranked by all sources",Francisco Acuna,,
"on authority, unranked by all sources",Patricio Aquino,,
"on authority, unranked by all sources",Isaac Ayon,,
"on authority, unranked by all sources",Jaime Barria,,
"on authority, unranked by all sources",Braden Barry,,
"on authority, unranked by all sources",Moises Bolivar,,
"on authority, unranked by all sources",Richie Bonomolo,,
"on authority, unranked by all sources",Sean Boyle,,
"on authority, unranked by all sources",Alex Breckheimer,,
"on authority, unranked by all sources",Aiden Butler,,
"on authority, unranked by all sources",Nerwilian Cedeno,,
"on authority, unranked by all sources",Gilberto Celestino,,
"on authority, unranked by all sources",Seth Clausen,,
"on authority, unranked by all sources",Brady Counsell,,
"on authority, unranked by all sources",Alton Davis II,,
"on authority, unranked by all sources",Greylin De La Paz,,
"on authority, unranked by all sources",Nick Dean,,
"on authority, unranked by all sources",Noah Denoyer,,
"on authority, unranked by all sources",Anderson Diaz,,
"on authority, unranked by all sources",Jay Driver,,
"on authority, unranked by all sources",Gavin Dugas,,
"on authority, unranked by all sources",Kent Emanuel,,
"on authority, unranked by all sources",Nixon Encarnacion,,
"on authority, unranked by all sources",Yamal Encarnacion,,
"on authority, unranked by all sources",Carson Fischer,,
"on authority, unranked by all sources",David Garcia,,
"on authority, unranked by all sources",Ryan Garcia,,
"on authority, unranked by all sources",Tres Gonzalez,,
"on authority, unranked by all sources",Eduardo Guerrero,,
"on authority, unranked by all sources",Landon Harper,,
"on authority, unranked by all sources",Devereaux Harrison,,
"on authority, unranked by all sources",Will Holland,,
"on authority, unranked by all sources",Bridger Holmes,,
"on authority, unranked by all sources",Andre Jackson,,
"on authority, unranked by all sources",Marques Johnson,,
"on authority, unranked by all sources",Keith Jones II,,
"on authority, unranked by all sources",Karl Kauffmann,,
"on authority, unranked by all sources",Tommy LaPour,,
"on authority, unranked by all sources",Jorge Lara,,
"on authority, unranked by all sources",Cesar Lares,,
"on authority, unranked by all sources",Carson Laws,,
"on authority, unranked by all sources",Eric Loomis,,
"on authority, unranked by all sources",Alex Makarewich,,
"on authority, unranked by all sources",Brady Marget,,
"on authority, unranked by all sources",Yunior Marte,,
"on authority, unranked by all sources",Orlando Martinez,,
"on authority, unranked by all sources",Cade McGee,,
"on authority, unranked by all sources",Robert Mitchell,,
"on authority, unranked by all sources",Estevan Moreno,,
"on authority, unranked by all sources",Robin Ortiz,,
"on authority, unranked by all sources",Paulshawn Pasqualotto,,
"on authority, unranked by all sources",Zach Peek,,
"on authority, unranked by all sources",Jose Pena Jr.,,
"on authority, unranked by all sources",Jake Peppers,,
"on authority, unranked by all sources",Nelson Quiroz,,
"on authority, unranked by all sources",Josmir Reyes,,
"on authority, unranked by all sources",Julio Rodriguez,,
"on authority, unranked by all sources",Cole Roederer,,
"on authority, unranked by all sources",Corey Rosier,,
"on authority, unranked by all sources",Kleyver Salazar,,
"on authority, unranked by all sources",Thomas Schultz,,
"on authority, unranked by all sources",Avery Short,,
"on authority, unranked by all sources",Kolten Smith,,
"on authority, unranked by all sources",Drew Smyly,,
"on authority, unranked by all sources",Casey Steward,,
"on authority, unranked by all sources",Dashyll Tejeda,,
"on authority, unranked by all sources",Dameivi Tineo,,
"on authority, unranked by all sources",Adrian Torres,,
"on authority, unranked by all sources",Donny Troconis,,
"on authority, unranked by all sources",Tyresse Turner,,
"on authority, unranked by all sources",Grant Umberger,,
"on authority, unranked by all sources",Yordys Valdes,,
"on authority, unranked by all sources",Kevin Valdez,,
"on authority, unranked by all sources",Jacob Walsh,,
"on authority, unranked by all sources",John West,,
"on authority, unranked by all sources",JP Wheat,,
"on authority, unranked by all sources",Alaska Abney,,
"on authority, unranked by all sources",Yeison Acosta,,
"on authority, unranked by all sources",Edgar Alvarez,,
"on authority, unranked by all sources",Justin Anderson,,
"on authority, unranked by all sources",Yhoangel Aponte,,
"on authority, unranked by all sources",Joe Ariola,,
"on authority, unranked by all sources",Anthony Astudillo,,
"on authority, unranked by all sources",Michel Baez,,
"on authority, unranked by all sources",Anthony Baptist,,
"on authority, unranked by all sources",Abel Bastidas,,
"on authority, unranked by all sources",Juan Benjamin,,
"on authority, unranked by all sources",Pedro Blanco,,
"on authority, unranked by all sources",Juan Brown,,
"on authority, unranked by all sources",Ben Brutti,,
"on authority, unranked by all sources",Jesus Carrera,,
"on authority, unranked by all sources",Max Castillo,,
"on authority, unranked by all sources",Yonny Chirinos,,
"on authority, unranked by all sources",Jake DeLeo,,
"on authority, unranked by all sources",Jordan Dissin,,
"on authority, unranked by all sources",Logan Driscoll,,
"on authority, unranked by all sources",Riley Eikhoff,,
"on authority, unranked by all sources",Dylan Floro,,
"on authority, unranked by all sources",Rylan Galvan,,
"on authority, unranked by all sources",Junior Garcia,,
"on authority, unranked by all sources",Luis Garcia,,
"on authority, unranked by all sources",Jhon Gil,,
"on authority, unranked by all sources",Mason Guerra,,
"on authority, unranked by all sources",Abrahan Gutierrez,,
"on authority, unranked by all sources",Trevor Heishman,,
"on authority, unranked by all sources",Jose Hernandez,,
"on authority, unranked by all sources",Yonny Hernandez,,
"on authority, unranked by all sources",Yoslaniel Hernandez,,
"on authority, unranked by all sources",Casey Hintz,,
"on authority, unranked by all sources",Tommy Hopfe,,
"on authority, unranked by all sources",Jefferson Jean,,
"on authority, unranked by all sources",Brodie Johnston,,
"on authority, unranked by all sources",Jean Joseph,,
"on authority, unranked by all sources",Corey Joyce,,
"on authority, unranked by all sources",Chris Kean,,
"on authority, unranked by all sources",Ramon Landaeta,,
"on authority, unranked by all sources",Christian Lopez,,
"on authority, unranked by all sources",Travis MacGregor,,
"on authority, unranked by all sources",Colby Martin,,
"on authority, unranked by all sources",Ryan McCrystal,,
"on authority, unranked by all sources",Manuel Medina,,
"on authority, unranked by all sources",Wyatt Mills,,
"on authority, unranked by all sources",Zane Mills,,
"on authority, unranked by all sources",Livan Moinelo,,
"on authority, unranked by all sources",McKinley Moore,,
"on authority, unranked by all sources",Tyson Moran,,
"on authority, unranked by all sources",Mason Nichols,,
"on authority, unranked by all sources",Josi Novas,,
"on authority, unranked by all sources",Daniel Pena,,
"on authority, unranked by all sources",Angel Perez,,
"on authority, unranked by all sources",Tre Phelps,,
"on authority, unranked by all sources",Dylan Phillips,,
"on authority, unranked by all sources",Luis Pino,,
"on authority, unranked by all sources",Zach Plesac,,
"on authority, unranked by all sources",Owen Proksch,,
"on authority, unranked by all sources",Luis Ravelo,,
"on authority, unranked by all sources",Yensi Rivas,,
"on authority, unranked by all sources",Cam Robinson,,
"on authority, unranked by all sources",Adrian Rodriguez,,
"on authority, unranked by all sources",Shawn Ross,,
"on authority, unranked by all sources",Juan Santander,,
"on authority, unranked by all sources",Yorber Semprun,,
"on authority, unranked by all sources",Adam Shoemaker,,
"on authority, unranked by all sources",Dylan Tate,,
"on authority, unranked by all sources",Riley Thompson,,
"on authority, unranked by all sources",Junior Tilien,,
"on authority, unranked by all sources",Eric Torres,,
"on authority, unranked by all sources",Miguel Ugueto,,
"on authority, unranked by all sources",Felix Valerio,,
"on authority, unranked by all sources",Jhocsuanth Vargas,,
"on authority, unranked by all sources",Jeron Williams,,
"on authority, unranked by all sources",John Wimmer,,
"on authority, unranked by all sources",Kade Woods,,
"on authority, unranked by all sources",Christian Worley,,
"on authority, unranked by all sources",Kelvin Zapata,,
"on authority, unranked by all sources",Jay Abernathy,,
"on authority, unranked by all sources",Gabriel Agostini,,
"on authority, unranked by all sources",Luis Aguilar,,
"on authority, unranked by all sources",Dony Aguilera,,
"on authority, unranked by all sources",Luis Aguilera,,
"on authority, unranked by all sources",A.J. Alexy,,
"on authority, unranked by all sources",Santiago Almao,,
"on authority, unranked by all sources",Felix Amparo,,
"on authority, unranked by all sources",Keyshawn Askew,,
"on authority, unranked by all sources",Nicandro Aybar,,
"on authority, unranked by all sources",Jayson Bass,,
"on authority, unranked by all sources",Nolan Beltran,,
"on authority, unranked by all sources",Braylon Bishop,,
"on authority, unranked by all sources",Alex Bouchard,,
"on authority, unranked by all sources",Alam Bruno,,
"on authority, unranked by all sources",Garrett Burhenn,,
"on authority, unranked by all sources",Noah Cardenas,,
"on authority, unranked by all sources",Diego Castillo,,
"on authority, unranked by all sources",Tim Cate,,
"on authority, unranked by all sources",Drew Compton,,
"on authority, unranked by all sources",Miguel Cordero,,
"on authority, unranked by all sources",Luis De Avila,,
"on authority, unranked by all sources",Nick Decker,,
"on authority, unranked by all sources",Lewin Diaz,,
"on authority, unranked by all sources",Buck Farmer,,
"on authority, unranked by all sources",Ethan Flanagan,,
"on authority, unranked by all sources",Chase Fralick,,
"on authority, unranked by all sources",Isaac Garcia,,
"on authority, unranked by all sources",Aldo Gaxiola,,
"on authority, unranked by all sources",Stephen Gonsalves,,
"on authority, unranked by all sources",Jack Goodman,,
"on authority, unranked by all sources",Robbie Grossman,,
"on authority, unranked by all sources",David Guzman,,
"on authority, unranked by all sources",Jalen Hairston,,
"on authority, unranked by all sources",Matt Halbach,,
"on authority, unranked by all sources",Colby Halter,,
"on authority, unranked by all sources",David Hensley,,
"on authority, unranked by all sources",Melkis Hernandez,,
"on authority, unranked by all sources",Hunter Hines,,
"on authority, unranked by all sources",Colby Holcombe,,
"on authority, unranked by all sources",Ryan Jackson,,
"on authority, unranked by all sources",Antonio Jimenez,,
"on authority, unranked by all sources",Kevin Kilpatrick Jr.,,
"on authority, unranked by all sources",Zach Kokoska,,
"on authority, unranked by all sources",Jimmy Lambert,,
"on authority, unranked by all sources",Bennett Lee,,
"on authority, unranked by all sources",Andy Lugo,,
"on authority, unranked by all sources",Cesar Lugo,,
"on authority, unranked by all sources",Johan Machado,,
"on authority, unranked by all sources",Landon Mack,,
"on authority, unranked by all sources",Niko Mazza,,
"on authority, unranked by all sources",Francisco Mejia,,
"on authority, unranked by all sources",Ramon Mendoza,,
"on authority, unranked by all sources",Bryce Montes de Oca,,
"on authority, unranked by all sources",Jack Moss,,
"on authority, unranked by all sources",Yeuni Munoz,,
"on authority, unranked by all sources",DJ Newman,,
"on authority, unranked by all sources",Casey Opitz,,
"on authority, unranked by all sources",Miguel Palma,,
"on authority, unranked by all sources",Jaylen Palmer,,
"on authority, unranked by all sources",Hoy Park,,
"on authority, unranked by all sources",Erigaldi Perez,,
"on authority, unranked by all sources",Aaron Pinero,,
"on authority, unranked by all sources",Joe Redfield,,
"on authority, unranked by all sources",Jakson Reetz,,
"on authority, unranked by all sources",Logan Rinehart,,
"on authority, unranked by all sources",Luis Rives,,
"on authority, unranked by all sources",Kodey Shojinaga,,
"on authority, unranked by all sources",Kendall Simmons,,
"on authority, unranked by all sources",Brayden Smith,,
"on authority, unranked by all sources",Alerick Soularie,,
"on authority, unranked by all sources",Nolan Sparks,,
"on authority, unranked by all sources",Brock Tibbitts,,
"on authority, unranked by all sources",Shosei Togo,,
"on authority, unranked by all sources",Hyungchan Um,,
"on authority, unranked by all sources",Malvin Valdez,,
"on authority, unranked by all sources",Jordany Ventura,,
"on authority, unranked by all sources",Je'Von Ward,,
"on authority, unranked by all sources",Chandler Welch,,
"on authority, unranked by all sources",Jervis Alfaro,,
"on authority, unranked by all sources",Christopher Alvarado,,
"on authority, unranked by all sources",Jackson Appel,,
"on authority, unranked by all sources",Sam Armstrong,,
"on authority, unranked by all sources",Jake Barbee,,
"on authority, unranked by all sources",Freiker Betencourt,,
"on authority, unranked by all sources",Ethin Bingaman,,
"on authority, unranked by all sources",David Bote,,
"on authority, unranked by all sources",Mario Camilletti,,
"on authority, unranked by all sources",Max Carlson,,
"on authority, unranked by all sources",Carlos Caro,,
"on authority, unranked by all sources",Will Childers,,
"on authority, unranked by all sources",Wallace Clark,,
"on authority, unranked by all sources",Jackson Cluff,,
"on authority, unranked by all sources",Joshua Cornielly,,
"on authority, unranked by all sources",Elijah Dale,,
"on authority, unranked by all sources",Michael Dattalo,,
"on authority, unranked by all sources",Ramsey David,,
"on authority, unranked by all sources",Sebastian De Andrade,,
"on authority, unranked by all sources",Cameron Decker,,
"on authority, unranked by all sources",Joan Delgado,,
"on authority, unranked by all sources",Carter Dorighi,,
"on authority, unranked by all sources",Jacob Dudan,,
"on authority, unranked by all sources",John Estevez,,
"on authority, unranked by all sources",Elijah Farley,,
"on authority, unranked by all sources",Eddy Felix,,
"on authority, unranked by all sources",Cade Fisher,,
"on authority, unranked by all sources",Phil Fox,,
"on authority, unranked by all sources",Darison Garcia,,
"on authority, unranked by all sources",Dermis Garcia,,
"on authority, unranked by all sources",Dan Hammer,,
"on authority, unranked by all sources",Ryan Harbin,,
"on authority, unranked by all sources",Justin Henschel,,
"on authority, unranked by all sources",Javier Herrera,,
"on authority, unranked by all sources",Joel Ibarra,,
"on authority, unranked by all sources",Antoine Jean,,
"on authority, unranked by all sources",Eli Jerzembeck,,
"on authority, unranked by all sources",Keon Johnson,,
"on authority, unranked by all sources",Tanner Jones,,
"on authority, unranked by all sources",Daniel Keaney,,
"on authority, unranked by all sources",Seth Keller,,
"on authority, unranked by all sources",Quinton Low,,
"on authority, unranked by all sources",Danny Macchiarola,,
"on authority, unranked by all sources",Riley Maddox,,
"on authority, unranked by all sources",Luis Maracara,,
"on authority, unranked by all sources",Mark Mathias,,
"on authority, unranked by all sources",DJ McCarty,,
"on authority, unranked by all sources",Ryan McDonagh,,
"on authority, unranked by all sources",Jordarlin Mendoza,,
"on authority, unranked by all sources",Starlin Mieses,,
"on authority, unranked by all sources",Estivenzon Montero,,
"on authority, unranked by all sources",Eddie Park,,
"on authority, unranked by all sources",Orlando Patino,,
"on authority, unranked by all sources",Walter Pennington,,
"on authority, unranked by all sources",Steven Perez,,
"on authority, unranked by all sources",Andy Polanco,,
"on authority, unranked by all sources",Robby Porco,,
"on authority, unranked by all sources",Irwin Ramirez,,
"on authority, unranked by all sources",Jose Ramirez,,
"on authority, unranked by all sources",Nick Rodriguez,,
"on authority, unranked by all sources",Juan Rojas,,
"on authority, unranked by all sources",Adan Sanchez,,
"on authority, unranked by all sources",Eybert Sanchez,,
"on authority, unranked by all sources",Yolbert Sanchez,,
"on authority, unranked by all sources",Nick Sinacola,,
"on authority, unranked by all sources",Cameron Sisneros,,
"on authority, unranked by all sources",Chase Solesky,,
"on authority, unranked by all sources",DJ Stewart,,
"on authority, unranked by all sources",Carlos Tavera,,
"on authority, unranked by all sources",Saul Teran,,
"on authority, unranked by all sources",Gabriel Terrero,,
"on authority, unranked by all sources",Yimy Tovar,,
"on authority, unranked by all sources",Chris Vallimont,,
"on authority, unranked by all sources",Shane Van Dam,,
"on authority, unranked by all sources",Jheremy Vargas,,
"on authority, unranked by all sources",Daniel Vellojin,,
"on authority, unranked by all sources",Cory Wall,,
"on authority, unranked by all sources",Danny Watson,,
"on authority, unranked by all sources",Lucas Wepf,,
"on authority, unranked by all sources",Jamie Westbrook,,
"on authority, unranked by all sources",Kaiden Wilson,,
"on authority, unranked by all sources",Patrick Winkel,,
"on authority, unranked by all sources",Chay Yeager,,
"on authority, unranked by all sources",Alex Young,,
"on authority, unranked by all sources",Julio Acosta,,
"on authority, unranked by all sources",Luke Albright,,
"on authority, unranked by all sources",Eliesbert Alejos,,
"on authority, unranked by all sources",Manuel Almeida,,
"on authority, unranked by all sources",Nathan Archer,,
"on authority, unranked by all sources",Kelly Austin,,
"on authority, unranked by all sources",Jesus Bastidas,,
"on authority, unranked by all sources",Matthew Batten,,
"on authority, unranked by all sources",Blake Beers,,
"on authority, unranked by all sources",Yoxander Benitez,,
"on authority, unranked by all sources",Drew Bowser,,
"on authority, unranked by all sources",Kade Bragg,,
"on authority, unranked by all sources",Mason Burns,,
"on authority, unranked by all sources",Reiver Camacho,,
"on authority, unranked by all sources",Justin Capellan,,
"on authority, unranked by all sources",Christopher Cordero,,
"on authority, unranked by all sources",Jacob Cravey,,
"on authority, unranked by all sources",Michael Curialle,,
"on authority, unranked by all sources",Omari Daniel,,
"on authority, unranked by all sources",Yonathan Daza,,
"on authority, unranked by all sources",Jancory De La Cruz,,
"on authority, unranked by all sources",Fraymi De Leon,,
"on authority, unranked by all sources",Justin DeCriscio,,
"on authority, unranked by all sources",Parker Dunshee,,
"on authority, unranked by all sources",Stevie Emanuels,,
"on authority, unranked by all sources",Mason Erla,,
"on authority, unranked by all sources",Jaydenn Estanista,,
"on authority, unranked by all sources",Jackson Fristoe,,
"on authority, unranked by all sources",Johanse Gomez,,
"on authority, unranked by all sources",Bryan Gonzalez,,
"on authority, unranked by all sources",Luis Gonzalez,,
"on authority, unranked by all sources",Seth Gray,,
"on authority, unranked by all sources",Zach Greene,,
"on authority, unranked by all sources",Vladimir Gutierrez,,
"on authority, unranked by all sources",Diego Guzman,,
"on authority, unranked by all sources",Hunter Haas,,
"on authority, unranked by all sources",Jack Hartman,,
"on authority, unranked by all sources",Jamie Hitt,,
"on authority, unranked by all sources",Colby Jones,,
"on authority, unranked by all sources",Matt Keating,,
"on authority, unranked by all sources",Skylar King,,
"on authority, unranked by all sources",Jacob Kuhn,,
"on authority, unranked by all sources",Denny Larrondo,,
"on authority, unranked by all sources",Ahbram Liendo,,
"on authority, unranked by all sources",Mauricio Llovera,,
"on authority, unranked by all sources",Seth Lonsway,,
"on authority, unranked by all sources",Logan Lunceford,,
"on authority, unranked by all sources",Lucas Mahlstedt,,
"on authority, unranked by all sources",Luke Mann,,
"on authority, unranked by all sources",Raudelis Martinez,,
"on authority, unranked by all sources",Evan McKendry,,
"on authority, unranked by all sources",Matt Moore,,
"on authority, unranked by all sources",Darlin Moquete,,
"on authority, unranked by all sources",Zach Morgan,,
"on authority, unranked by all sources",Ljay Newsome,,
"on authority, unranked by all sources",Cy Nielson,,
"on authority, unranked by all sources",Rodolfo Nolasco,,
"on authority, unranked by all sources",Trennor O'Donnell,,
"on authority, unranked by all sources",Luis Oviedo,,
"on authority, unranked by all sources",Dylan Palmer,,
"on authority, unranked by all sources",Dominic Perachi,,
"on authority, unranked by all sources",Elias Perez,,
"on authority, unranked by all sources",Sebastian Perez,,
"on authority, unranked by all sources",Nate Peterson,,
"on authority, unranked by all sources",Eric Prado,,
"on authority, unranked by all sources",Anthony Prato,,
"on authority, unranked by all sources",Amauri Ramirez,,
"on authority, unranked by all sources",Luis Ramirez,,
"on authority, unranked by all sources",Ryan Ramsey,,
"on authority, unranked by all sources",Oscar Rayo,,
"on authority, unranked by all sources",Heriberto Rincon,,
"on authority, unranked by all sources",Edwin Rios,,
"on authority, unranked by all sources",Christian Rodriguez,,
"on authority, unranked by all sources",Lizandro Rodriguez,,
"on authority, unranked by all sources",Jake Rucker,,
"on authority, unranked by all sources",Dustin Saenz,,
"on authority, unranked by all sources",Gerardo Salas,,
"on authority, unranked by all sources",Logan Samuels,,
"on authority, unranked by all sources",Jacob Shafer,,
"on authority, unranked by all sources",Robinson Smith,,
"on authority, unranked by all sources",Liam Sullivan,,
"on authority, unranked by all sources",Joaquin Tejada,,
"on authority, unranked by all sources",Francis Texido,,
"on authority, unranked by all sources",Brandt Thompson,,
"on authority, unranked by all sources",Tyler Tolve,,
"on authority, unranked by all sources",Luis Torres,,
"on authority, unranked by all sources",Camden Troyer,,
"on authority, unranked by all sources",Anthuan Valencia,,
"on authority, unranked by all sources",Ryan Vanderhei,,
"on authority, unranked by all sources",Yeferson Vargas,,
"on authority, unranked by all sources",Zach Veen,,
"on authority, unranked by all sources",Jared Walsh,,
"on authority, unranked by all sources",Avery Weems,,
"on authority, unranked by all sources",Justin West,,
"on authority, unranked by all sources",Kyle West,,
"on authority, unranked by all sources",Conner Westenburg,,
"on authority, unranked by all sources",Tyler Wilson,,
"on authority, unranked by all sources",Dailoui Abad,,
"on authority, unranked by all sources",Cody Adcock,,
"on authority, unranked by all sources",Casey Anderson,,
"on authority, unranked by all sources",Jonathan Arauz,,
"on authority, unranked by all sources",Junior Barajas,,
"on authority, unranked by all sources",Johan Barrios,,
"on authority, unranked by all sources",Trey Beard,,
"on authority, unranked by all sources",Carlos Bello,,
"on authority, unranked by all sources",Carlos Benavides,,
"on authority, unranked by all sources",Jonatan Bernal,,
"on authority, unranked by all sources",Trent Caraway,,
"on authority, unranked by all sources",Victor Cardoza,,
"on authority, unranked by all sources",Carlos Carrasquel,,
"on authority, unranked by all sources",Jesus Castillo,,
"on authority, unranked by all sources",Manuel Castro,,
"on authority, unranked by all sources",Juan Cazarez,,
"on authority, unranked by all sources",Loidel Chapelli,,
"on authority, unranked by all sources",Gabriel Chinchilla,,
"on authority, unranked by all sources",Efrain Contreras,,
"on authority, unranked by all sources",Aledmys Diaz,,
"on authority, unranked by all sources",Jason Doktorczyk,,
"on authority, unranked by all sources",Justin Dunn,,
"on authority, unranked by all sources",Nick Dunn,,
"on authority, unranked by all sources",Brendan Durfee,,
"on authority, unranked by all sources",Max Durrington,,
"on authority, unranked by all sources",Jeremy Eierman,,
"on authority, unranked by all sources",Brandon Eike,,
"on authority, unranked by all sources",Drew Ellis,,
"on authority, unranked by all sources",Andres Galan,,
"on authority, unranked by all sources",Patrick Galle,,
"on authority, unranked by all sources",Grant Gambrell,,
"on authority, unranked by all sources",Thomas Gavello,,
"on authority, unranked by all sources",Drake George,,
"on authority, unranked by all sources",Victor Gonzalez,,
"on authority, unranked by all sources",Max Hemenway,,
"on authority, unranked by all sources",Alexis Hernandez,,
"on authority, unranked by all sources",Alix Hernandez,,
"on authority, unranked by all sources",Kendrick Herrera,,
"on authority, unranked by all sources",P.J. Hilson,,
"on authority, unranked by all sources",Joe Jacques,,
"on authority, unranked by all sources",Preston Johnson,,
"on authority, unranked by all sources",Jakey Josepha,,
"on authority, unranked by all sources",Cameron Keshock,,
"on authority, unranked by all sources",Chad Kuhl,,
"on authority, unranked by all sources",Cam Lee,,
"on authority, unranked by all sources",Zac Leigh,,
"on authority, unranked by all sources",Tatem Levins,,
"on authority, unranked by all sources",Carter Lovasz,,
"on authority, unranked by all sources",Wilmer Lugo,,
"on authority, unranked by all sources",Angel Macuare,,
"on authority, unranked by all sources",Devin Mann,,
"on authority, unranked by all sources",Jordan McCants,,
"on authority, unranked by all sources",Connor McGinnis,,
"on authority, unranked by all sources",Paul McIntosh,,
"on authority, unranked by all sources",Matt McShane,,
"on authority, unranked by all sources",Alexander Meckley,,
"on authority, unranked by all sources",Chris Meyers,,
"on authority, unranked by all sources",Lyle Miller-Green,,
"on authority, unranked by all sources",Carlos Monteverde,,
"on authority, unranked by all sources",Diego Mosquera,,
"on authority, unranked by all sources",Kole Myers,,
"on authority, unranked by all sources",Ruddy Navarro,,
"on authority, unranked by all sources",Austin Nye,,
"on authority, unranked by all sources",Juan Obispo,,
"on authority, unranked by all sources",Nathaniel Ochoa Leyva,,
"on authority, unranked by all sources",Keshawn Ogans,,
"on authority, unranked by all sources",Ricardo Osorio,,
"on authority, unranked by all sources",Connor Overton,,
"on authority, unranked by all sources",Trendan Parish,,
"on authority, unranked by all sources",Antony Peguero,,
"on authority, unranked by all sources",Israel Pineda,,
"on authority, unranked by all sources",Elio Prado,,
"on authority, unranked by all sources",Braydon Risley,,
"on authority, unranked by all sources",Luke Ritter,,
"on authority, unranked by all sources",Julio Robaina,,
"on authority, unranked by all sources",Victor Rodrigues,,
"on authority, unranked by all sources",Maikol Rodriguez,,
"on authority, unranked by all sources",Yerlin Rodriguez,,
"on authority, unranked by all sources",Braxton Roxby,,
"on authority, unranked by all sources",Adrian Sampson,,
"on authority, unranked by all sources",Edwin Sanchez,,
"on authority, unranked by all sources",Miguel Sano,,
"on authority, unranked by all sources",Luis Santana,,
"on authority, unranked by all sources",Juarlin Soto,,
"on authority, unranked by all sources",Shea Sprague,,
"on authority, unranked by all sources",C.J. Stubbs,,
"on authority, unranked by all sources",Orlando Suarez,,
"on authority, unranked by all sources",Josh Tate,,
"on authority, unranked by all sources",Tyler Vogel,,
"on authority, unranked by all sources",Curtis Washington Jr.,,
"on authority, unranked by all sources",CJ Weins,,
"on authority, unranked by all sources",Kasen Wells,,
"on authority, unranked by all sources",Jaxson West,,
"on authority, unranked by all sources",Holden Wilkerson,,
"on authority, unranked by all sources",Nico Zeglin,,
"on authority, unranked by all sources",Cory Abbott,,
"on authority, unranked by all sources",Albert Abreu,,
"on authority, unranked by all sources",Cristobal Abreu,,
"on authority, unranked by all sources",Stiven Acevedo,,
"on authority, unranked by all sources",Jose Acosta,,
"on authority, unranked by all sources",Gavin Adams,,
"on authority, unranked by all sources",Henry Alcantara,,
"on authority, unranked by all sources",Jesus Alexander,,
"on authority, unranked by all sources",Eliezer Alfonzo,,
"on authority, unranked by all sources",Austin Allen,,
"on authority, unranked by all sources",Armando Alvarez,,
"on authority, unranked by all sources",Joaquin Arias Jr.,,
"on authority, unranked by all sources",Jose Astudillo,,
"on authority, unranked by all sources",Tanner Bauman,,
"on authority, unranked by all sources",Andrew Bechtold,,
"on authority, unranked by all sources",John Michael Bertrand,,
"on authority, unranked by all sources",Gabe Bierman,,
"on authority, unranked by all sources",Jack Blomgren,,
"on authority, unranked by all sources",Colton Book,,
"on authority, unranked by all sources",Julian Bosnic,,
"on authority, unranked by all sources",Adam Boucher,,
"on authority, unranked by all sources",Mike Brosseau,,
"on authority, unranked by all sources",Kelvin Caceres,,
"on authority, unranked by all sources",Oliver Carrillo,,
"on authority, unranked by all sources",Carlos Cauro,,
"on authority, unranked by all sources",Jake Cave,,
"on authority, unranked by all sources",Brady Cerkownyk,,
"on authority, unranked by all sources",Gabriel Cesa,,
"on authority, unranked by all sources",J.T. Chargois,,
"on authority, unranked by all sources",Kendry Chirinos,,
"on authority, unranked by all sources",Jeremy Ciriaco,,
"on authority, unranked by all sources",Derek Clark,,
"on authority, unranked by all sources",Edwar Colina,,
"on authority, unranked by all sources",Jose Colmenares,,
"on authority, unranked by all sources",Franchy Cordero,,
"on authority, unranked by all sources",Luis Cruz,,
"on authority, unranked by all sources",Nathanael Cruz,,
"on authority, unranked by all sources",Johnny Cueto,,
"on authority, unranked by all sources",Colin Daniel,,
"on authority, unranked by all sources",Edwin Darville,,
"on authority, unranked by all sources",Shoei Darvish,,
"on authority, unranked by all sources",Derek Datil,,
"on authority, unranked by all sources",Manuel Davila,,
"on authority, unranked by all sources",Mayki De La Rosa,,
"on authority, unranked by all sources",Isan Diaz,,
"on authority, unranked by all sources",Joey Dixon,,
"on authority, unranked by all sources",Tanner Dodson,,
"on authority, unranked by all sources",Tommy Doyle,,
"on authority, unranked by all sources",Titus Dumitru,,
"on authority, unranked by all sources",Samuel Dutton,,
"on authority, unranked by all sources",Kaden Echeman,,
"on authority, unranked by all sources",Jake Eddington,,
"on authority, unranked by all sources",Kamden Edge,,
"on authority, unranked by all sources",Austin Ehrlicher,,
"on authority, unranked by all sources",Evan Estevez,,
"on authority, unranked by all sources",Drake Fellows,,
"on authority, unranked by all sources",Matt Foster,,
"on authority, unranked by all sources",Bradley Frye,,
"on authority, unranked by all sources",Kyle Funkhouser,,
"on authority, unranked by all sources",Arquimedes Gamboa,,
"on authority, unranked by all sources",John Garcia,,
"on authority, unranked by all sources",Cole Gilley,,
"on authority, unranked by all sources",Bryan Gonzalez,,
"on authority, unranked by all sources",Kevin Gowdy,,
"on authority, unranked by all sources",Conor Grammes,,
"on authority, unranked by all sources",Javy Guerra,,
"on authority, unranked by all sources",Gage Harrelson,,
"on authority, unranked by all sources",Jacob Heatherly,,
"on authority, unranked by all sources",Steven Herrera,,
"on authority, unranked by all sources",Jordan Holloway,,
"on authority, unranked by all sources",Bennett Hostetler,,
"on authority, unranked by all sources",Korry Howell,,
"on authority, unranked by all sources",Diego Infante,,
"on authority, unranked by all sources",Kamren James,,
"on authority, unranked by all sources",Kyle Johnson,,
"on authority, unranked by all sources",Jayson Jones,,
"on authority, unranked by all sources",Matt King,,
"on authority, unranked by all sources",Joey Krehbiel,,
"on authority, unranked by all sources",Sam Kulasingam,,
"on authority, unranked by all sources",Dinelson Lamet,,
"on authority, unranked by all sources",Anyer Laureano,,
"on authority, unranked by all sources",Ethan Lindow,,
"on authority, unranked by all sources",Raily Liriano,,
"on authority, unranked by all sources",Alejo Lopez,,
"on authority, unranked by all sources",Eduardo Lopez,,
"on authority, unranked by all sources",Jordan Lyles,,
"on authority, unranked by all sources",Chusei Mannami,,
"on authority, unranked by all sources",Kevin Martinez,,
"on authority, unranked by all sources",Pedro Martinez,,
"on authority, unranked by all sources",Bryce McGowan,,
"on authority, unranked by all sources",Tyler McLoughlin,,
"on authority, unranked by all sources",Adriander Mejia,,
"on authority, unranked by all sources",Carlos Mendoza,,
"on authority, unranked by all sources",Adolfo Miranda,,
"on authority, unranked by all sources",Daniel Montano,,
"on authority, unranked by all sources",Jose Montero,,
"on authority, unranked by all sources",Francisco Morao,,
"on authority, unranked by all sources",Cody Morse,,
"on authority, unranked by all sources",Patrick Murphy,,
"on authority, unranked by all sources",Austin Murr,,
"on authority, unranked by all sources",Tyler Naquin,,
"on authority, unranked by all sources",Nick Nelson,,
"on authority, unranked by all sources",Jacob Nottingham,,
"on authority, unranked by all sources",Andrews Opata,,
"on authority, unranked by all sources",Rafael Ortega,,
"on authority, unranked by all sources",Angel Ortiz,,
"on authority, unranked by all sources",Alexander Ovalles,,
"on authority, unranked by all sources",Alberto Pacheco,,
"on authority, unranked by all sources",Freddy Pacheco,,
"on authority, unranked by all sources",Kevin Padlo,,
"on authority, unranked by all sources",Cesar Paredes,,
"on authority, unranked by all sources",Cannon Peebles,,
"on authority, unranked by all sources",Viandel Pena,,
"on authority, unranked by all sources",Sandro Pereira,,
"on authority, unranked by all sources",Kai Peterson,,
"on authority, unranked by all sources",Josueth Quinonez,,
"on authority, unranked by all sources",Jawilme Ramirez,,
"on authority, unranked by all sources",Will Riley,,
"on authority, unranked by all sources",Yacksel Rios,,
"on authority, unranked by all sources",Yenrri Rojas,,
"on authority, unranked by all sources",Shai Romero,,
"on authority, unranked by all sources",Caden Rose,,
"on authority, unranked by all sources",Tony Ruiz,,
"on authority, unranked by all sources",Samuell Sanchez,,
"on authority, unranked by all sources",Yosber Sanchez,,
"on authority, unranked by all sources",Shay Schanaman,,
"on authority, unranked by all sources",Anthony Servideo,,
"on authority, unranked by all sources",Davis Sharpe,,
"on authority, unranked by all sources",Seth Shuman,,
"on authority, unranked by all sources",Anthony Silva,,
"on authority, unranked by all sources",Andres Silvera,,
"on authority, unranked by all sources",Marcus Smith,,
"on authority, unranked by all sources",Josh Springer,,
"on authority, unranked by all sources",Drew Strotman,,
"on authority, unranked by all sources",Alexander Suarez,,
"on authority, unranked by all sources",William Sullivan,,
"on authority, unranked by all sources",Alistair Tanner,,
"on authority, unranked by all sources",Raimel Tapia,,
"on authority, unranked by all sources",Terrell Tatum,,
"on authority, unranked by all sources",Cody Thomas,,
"on authority, unranked by all sources",Julian Tonghini,,
"on authority, unranked by all sources",Deivis Velasquez,,
"on authority, unranked by all sources",Dervy Ventura,,
"on authority, unranked by all sources",Brian Walters,,
"on authority, unranked by all sources",Amos Willingham,,
"on authority, unranked by all sources",Taylor Young,,
"on authority, unranked by all sources",Alfredo Zarraga,,
"on authority, unranked by all sources",Peyton Alford,,
"on authority, unranked by all sources",Juan Alva,,
"on authority, unranked by all sources",Bryan Andrade,,
"on authority, unranked by all sources",Jhonny Aranguren,,
"on authority, unranked by all sources",Jesmaylin Arias,,
"on authority, unranked by all sources",Jarol Baez,,
"on authority, unranked by all sources",Tavano Baker,,
"on authority, unranked by all sources",Rylan Bannon,,
"on authority, unranked by all sources",Jose Barrios,,
"on authority, unranked by all sources",Guillermo Batista,,
"on authority, unranked by all sources",Jamari Baylor,,
"on authority, unranked by all sources",Derek Berg,,
"on authority, unranked by all sources",Austin Bergner,,
"on authority, unranked by all sources",Tucker Biven,,
"on authority, unranked by all sources",Steven Brooks,,
"on authority, unranked by all sources",Hector Campusano,,
"on authority, unranked by all sources",Kristian Cardozo,,
"on authority, unranked by all sources",Brayan Castillo,,
"on authority, unranked by all sources",Kenny Castillo,,
"on authority, unranked by all sources",Adler Cecil,,
"on authority, unranked by all sources",Brendan Cellucci,,
"on authority, unranked by all sources",Yu Chang,,
"on authority, unranked by all sources",Jesus Chirinos,,
"on authority, unranked by all sources",B.Y. Choi,,
"on authority, unranked by all sources",Randel Clemente,,
"on authority, unranked by all sources",Kyle Cody,,
"on authority, unranked by all sources",Darryl Collins,,
"on authority, unranked by all sources",Mark Contreras,,
"on authority, unranked by all sources",Felix Cotes,,
"on authority, unranked by all sources",Yan Cruz,,
"on authority, unranked by all sources",Micah Dallas,,
"on authority, unranked by all sources",Drew Davies,,
"on authority, unranked by all sources",Rosniell De Paula,,
"on authority, unranked by all sources",Ricky DeVito,,
"on authority, unranked by all sources",Aidan Deakins,,
"on authority, unranked by all sources",Niko Decolati,,
"on authority, unranked by all sources",Griffin Doersching,,
"on authority, unranked by all sources",Anthony Donofrio,,
"on authority, unranked by all sources",Breidy Encarnacion,,
"on authority, unranked by all sources",Mario Feliciano,,
"on authority, unranked by all sources",Jackson Feltner,,
"on authority, unranked by all sources",Amir Garrett,,
"on authority, unranked by all sources",Feliz Genao,,
"on authority, unranked by all sources",Samuel Gil,,
"on authority, unranked by all sources",Jimmy Glowenke,,
"on authority, unranked by all sources",Quincy Hamilton,,
"on authority, unranked by all sources",Bryson Hammer,,
"on authority, unranked by all sources",Kailen Hamson,,
"on authority, unranked by all sources",Jameson Hannah,,
"on authority, unranked by all sources",Ben Heller,,
"on authority, unranked by all sources",Cristian Hernandez,,
"on authority, unranked by all sources",Diego Hernandez,,
"on authority, unranked by all sources",Mason Hickman,,
"on authority, unranked by all sources",Garrett Hill,,
"on authority, unranked by all sources",Jake Holton,,
"on authority, unranked by all sources",Eiker Huizi,,
"on authority, unranked by all sources",Alex Isola,,
"on authority, unranked by all sources",Andrew Jenkins,,
"on authority, unranked by all sources",Luke Jewett,,
"on authority, unranked by all sources",Albert Jimenez,,
"on authority, unranked by all sources",Carlos Jimenez,,
"on authority, unranked by all sources",Ryan Johnson,,
"on authority, unranked by all sources",Brady Jones,,
"on authority, unranked by all sources",Luis Steven King,,
"on authority, unranked by all sources",Nolan Kingham,,
"on authority, unranked by all sources",Blaine Knight,,
"on authority, unranked by all sources",Jacob Kroeger,,
"on authority, unranked by all sources",Bairon Ledesma,,
"on authority, unranked by all sources",Kade Lewis,,
"on authority, unranked by all sources",Lael Lockhart,,
"on authority, unranked by all sources",Justin Long,,
"on authority, unranked by all sources",William Lugo,,
"on authority, unranked by all sources",Ryan Lynch,,
"on authority, unranked by all sources",Nick Maldonado,,
"on authority, unranked by all sources",Maximo Martinez,,
"on authority, unranked by all sources",Santiago Martinez,,
"on authority, unranked by all sources",J.P. Massey,,
"on authority, unranked by all sources",Dalton McIntyre,,
"on authority, unranked by all sources",Erick Mejia,,
"on authority, unranked by all sources",Ruben Menes,,
"on authority, unranked by all sources",Keynan Middleton,,
"on authority, unranked by all sources",Frank Mieses,,
"on authority, unranked by all sources",Yaikel Mijares,,
"on authority, unranked by all sources",Joe Miller,,
"on authority, unranked by all sources",Marcus Morgan,,
"on authority, unranked by all sources",Cesar Mujica,,
"on authority, unranked by all sources",Jean Munoz,,
"on authority, unranked by all sources",Chandler Murphy,,
"on authority, unranked by all sources",Joe Naranjo,,
"on authority, unranked by all sources",Andrick Nava,,
"on authority, unranked by all sources",Andrew Navigato,,
"on authority, unranked by all sources",Nicholas Northcut,,
"on authority, unranked by all sources",Luke Nowak,,
"on authority, unranked by all sources",Joe Olsavsky,,
"on authority, unranked by all sources",Liam Paddack,,
"on authority, unranked by all sources",Stephen Paolini,,
"on authority, unranked by all sources",Wyatt Parliament,,
"on authority, unranked by all sources",Carlos Pena,,
"on authority, unranked by all sources",Edelvis Perez,,
"on authority, unranked by all sources",Eduardo Ponce,,
"on authority, unranked by all sources",Yimi Presinal,,
"on authority, unranked by all sources",Luis Puello,,
"on authority, unranked by all sources",Cesar Quintas,,
"on authority, unranked by all sources",Trey Rangel,,
"on authority, unranked by all sources",Bodi Rascon,,
"on authority, unranked by all sources",Shai Robinson,,
"on authority, unranked by all sources",Domingo Robles,,
"on authority, unranked by all sources",Jose Rojas,,
"on authority, unranked by all sources",Kenny Rosenberg,,
"on authority, unranked by all sources",Matt Rudick,,
"on authority, unranked by all sources",Noah Ruen,,
"on authority, unranked by all sources",Christian Saez,,
"on authority, unranked by all sources",Lisandro Sanchez,,
"on authority, unranked by all sources",Rafael Sanchez,,
"on authority, unranked by all sources",Wilmy Sanchez,,
"on authority, unranked by all sources",Victor Santana,,
"on authority, unranked by all sources",Nolan Santos,,
"on authority, unranked by all sources",Franchely Silverio,,
"on authority, unranked by all sources",Karson Simas,,
"on authority, unranked by all sources",Ethan Sloan,,
"on authority, unranked by all sources",Gavin Smith,,
"on authority, unranked by all sources",Myles Smith,,
"on authority, unranked by all sources",Kirby Snead,,
"on authority, unranked by all sources",Jared Sprague-Lott,,
"on authority, unranked by all sources",Josh Stowers,,
"on authority, unranked by all sources",Ronny Suarez,,
"on authority, unranked by all sources",Shohei Tomioka,,
"on authority, unranked by all sources",Andres Torres,,
"on authority, unranked by all sources",Blake Townsend,,
"on authority, unranked by all sources",Braydon Tucker,,
"on authority, unranked by all sources",Kyle Tyler,,
"on authority, unranked by all sources",Javier Valdes,,
"on authority, unranked by all sources",Connor Van Scoyoc,,
"on authority, unranked by all sources",Kevin Velasco,,
"on authority, unranked by all sources",Facundo Velasquez,,
"on authority, unranked by all sources",Nick Vespi,,
"on authority, unranked by all sources",Kendeglys Virguez,,
"on authority, unranked by all sources",Mac Wainwright,,
"on authority, unranked by all sources",Art Warren,,
"on authority, unranked by all sources",Andy Weber,,
"on authority, unranked by all sources",Patrick Weigel,,
"on authority, unranked by all sources",Hudson White,,
"on authority, unranked by all sources",Eli Wilson,,
"on authority, unranked by all sources",Wyatt Young,,
"on authority, unranked by all sources",Ryland Zaborowski,,
"on authority, unranked by all sources",Diorland Zambrano,,
"on authority, unranked by all sources",Zane Zielinski,,
"on authority, unranked by all sources",Keegan Zinn,,
"on authority, unranked by all sources",Henniel Alcala,,
"on authority, unranked by all sources",Derik Alcantara,,
"on authority, unranked by all sources",Ryan Ammons,,
"on authority, unranked by all sources",Brayan Amoroso,,
"on authority, unranked by all sources",Cesar Aquino,,
"on authority, unranked by all sources",Pablo Arosemena,,
"on authority, unranked by all sources",Mahki Backstrom,,
"on authority, unranked by all sources",Thomas Balboni Jr.,,
"on authority, unranked by all sources",Edgar Barclay,,
"on authority, unranked by all sources",Andry Batista,,
"on authority, unranked by all sources",Jalen Battles,,
"on authority, unranked by all sources",Sterling Bazil,,
"on authority, unranked by all sources",Tyler Beede,,
"on authority, unranked by all sources",Merritt Beeker,,
"on authority, unranked by all sources",Jeremiah Boyd,,
"on authority, unranked by all sources",Jonathan Brand,,
"on authority, unranked by all sources",Corey Braun,,
"on authority, unranked by all sources",Juan Brima,,
"on authority, unranked by all sources",Jake Brink,,
"on authority, unranked by all sources",Moises Brito,,
"on authority, unranked by all sources",Canyon Brown,,
"on authority, unranked by all sources",Ryan Bruno,,
"on authority, unranked by all sources",Ruben Cardenas,,
"on authority, unranked by all sources",David Carrera,,
"on authority, unranked by all sources",Ross Carver,,
"on authority, unranked by all sources",Humberto Castellanos,,
"on authority, unranked by all sources",Byron Castillo,,
"on authority, unranked by all sources",Walin Castillo,,
"on authority, unranked by all sources",Luis Cessa,,
"on authority, unranked by all sources",Frainyer Chavez,,
"on authority, unranked by all sources",Adam Cimber,,
"on authority, unranked by all sources",Stanley Consuegra,,
"on authority, unranked by all sources",Narbe Cruz,,
"on authority, unranked by all sources",Zach Daudet,,
"on authority, unranked by all sources",Wanderly De La Cruz,,
"on authority, unranked by all sources",Ryan Degges,,
"on authority, unranked by all sources",Enderson Delgado,,
"on authority, unranked by all sources",Luis Devers,,
"on authority, unranked by all sources",Angel Diaz,,
"on authority, unranked by all sources",Yorvit Diaz,,
"on authority, unranked by all sources",Willy Fanas,,
"on authority, unranked by all sources",Callan Fang,,
"on authority, unranked by all sources",Anthony Flores,,
"on authority, unranked by all sources",Michael Flynn,,
"on authority, unranked by all sources",T.J. Fondtain,,
"on authority, unranked by all sources",Peyton Fosher,,
"on authority, unranked by all sources",Pat Gallagher,,
"on authority, unranked by all sources",Reivaj Garcia,,
"on authority, unranked by all sources",Sam Garcia,,
"on authority, unranked by all sources",Andy Garriola,,
"on authority, unranked by all sources",Ruddy Gomez,,
"on authority, unranked by all sources",Cesar Gonzalez,,
"on authority, unranked by all sources",Hunter Gregory,,
"on authority, unranked by all sources",Gabriel Guanchez,,
"on authority, unranked by all sources",Dalton Guthrie,,
"on authority, unranked by all sources",Jeffrey Hakanson,,
"on authority, unranked by all sources",Anthony Hall,,
"on authority, unranked by all sources",Charles Harrison,,
"on authority, unranked by all sources",Lash Henderson,,
"on authority, unranked by all sources",Brian Hendry,,
"on authority, unranked by all sources",Yandro Hernandez,,
"on authority, unranked by all sources",Marcos Herrera,,
"on authority, unranked by all sources",Yordy Herrera,,
"on authority, unranked by all sources",Blake Holub,,
"on authority, unranked by all sources",Tyler Howard,,
"on authority, unranked by all sources",Levi Huesman,,
"on authority, unranked by all sources",Nathan Humphreys,,
"on authority, unranked by all sources",Sean Hunley,,
"on authority, unranked by all sources",Carson Jacobs,,
"on authority, unranked by all sources",Fisher Jameson,,
"on authority, unranked by all sources",Camden Janik,,
"on authority, unranked by all sources",Mike Jarvis,,
"on authority, unranked by all sources",Luke Johnson,,
"on authority, unranked by all sources",Titan Kennedy-Hayes,,
"on authority, unranked by all sources",Danny Kirwin,,
"on authority, unranked by all sources",Austin Kitchen,,
"on authority, unranked by all sources",Aidan Knaak,,
"on authority, unranked by all sources",Bill Knight,,
"on authority, unranked by all sources",Will Koger,,
"on authority, unranked by all sources",Travis Kuhn,,
"on authority, unranked by all sources",Yeniel Laboy,,
"on authority, unranked by all sources",Dane Lais,,
"on authority, unranked by all sources",Luis Lameda,,
"on authority, unranked by all sources",Carson Latimer,,
"on authority, unranked by all sources",Victor Leal,,
"on authority, unranked by all sources",Ariel Lebron,,
"on authority, unranked by all sources",Chen-Hsun Lee,,
"on authority, unranked by all sources",Ben Leeper,,
"on authority, unranked by all sources",Brandon Lewis,,
"on authority, unranked by all sources",Angel Liranzo,,
"on authority, unranked by all sources",Jesus Lizardo,,
"on authority, unranked by all sources",Gavin Logan,,
"on authority, unranked by all sources",Ethan Long,,
"on authority, unranked by all sources",Daniel Lopez,,
"on authority, unranked by all sources",Kyle Luckham,,
"on authority, unranked by all sources",Rylan Lujo,,
"on authority, unranked by all sources",Alexey Lumpuy,,
"on authority, unranked by all sources",Jared Lyons,,
"on authority, unranked by all sources",Andres Machado,,
"on authority, unranked by all sources",Antonis Macias,,
"on authority, unranked by all sources",Dallas Macias,,
"on authority, unranked by all sources",Charles Mack,,
"on authority, unranked by all sources",Kendrey Maduro,,
"on authority, unranked by all sources",Josh Mallitz,,
"on authority, unranked by all sources",Jordan Marks,,
"on authority, unranked by all sources",Chandler Marsh,,
"on authority, unranked by all sources",Jose Marte,,
"on authority, unranked by all sources",Max Martin,,
"on authority, unranked by all sources",Bryce Martin-Grudzielanek,,
"on authority, unranked by all sources",Adrian Martinez,,
"on authority, unranked by all sources",Chazz Martinez,,
"on authority, unranked by all sources",Yohander Martinez,,
"on authority, unranked by all sources",J.J. Matijevic,,
"on authority, unranked by all sources",David McCann,,
"on authority, unranked by all sources",Tommy McCollum,,
"on authority, unranked by all sources",Trey McLoughlin,,
"on authority, unranked by all sources",J.D. McReynolds,,
"on authority, unranked by all sources",Alejandro Melean,,
"on authority, unranked by all sources",Oscar Mercado,,
"on authority, unranked by all sources",Juan Mercedes,,
"on authority, unranked by all sources",Hayden Merda,,
"on authority, unranked by all sources",Daniel Mielcarek,,
"on authority, unranked by all sources",Nick Mikolajchak,,
"on authority, unranked by all sources",Cody Milligan,,
"on authority, unranked by all sources",Aneudis Mordan,,
"on authority, unranked by all sources",Estivel Morillo,,
"on authority, unranked by all sources",Wylan Moss,,
"on authority, unranked by all sources",Dalton Neuschwander,,
"on authority, unranked by all sources",Austin Newton,,
"on authority, unranked by all sources",Jormy Nivar,,
"on authority, unranked by all sources",Conner O'Neal,,
"on authority, unranked by all sources",Chris Okey,,
"on authority, unranked by all sources",Adam Oller,,
"on authority, unranked by all sources",Oliver Ortega,,
"on authority, unranked by all sources",Fredderick Ovalle,,
"on authority, unranked by all sources",Brainerh Palacios,,
"on authority, unranked by all sources",Jesus Palacios,,
"on authority, unranked by all sources",Brady Parker,,
"on authority, unranked by all sources",Eduardo Perez,,
"on authority, unranked by all sources",Beau Philip,,
"on authority, unranked by all sources",Enmanuel Pinales,,
"on authority, unranked by all sources",Narciso Polanco,,
"on authority, unranked by all sources",Ronny Polanco,,
"on authority, unranked by all sources",Joshua Quezada,,
"on authority, unranked by all sources",Yeuri Ramirez,,
"on authority, unranked by all sources",Carter Rasmussen,,
"on authority, unranked by all sources",Eric Rataczak,,
"on authority, unranked by all sources",Cole Raymond,,
"on authority, unranked by all sources",Bladimir Restituyo,,
"on authority, unranked by all sources",Dusty Revis,,
"on authority, unranked by all sources",Howard Reyes,,
"on authority, unranked by all sources",Ricardo Reyes,,
"on authority, unranked by all sources",Alfonso Rivas,,
"on authority, unranked by all sources",Yosneiker Rivas,,
"on authority, unranked by all sources",CJ Rodriguez,,
"on authority, unranked by all sources",Melvin Rodriguez,,
"on authority, unranked by all sources",Si-Hwan Roh,,
"on authority, unranked by all sources",Chris Roller,,
"on authority, unranked by all sources",Jarold Rosado,,
"on authority, unranked by all sources",Rodny Rosario,,
"on authority, unranked by all sources",Luke Russo,,
"on authority, unranked by all sources",Jadiel Sanchez,,
"on authority, unranked by all sources",Juan Sanchez,,
"on authority, unranked by all sources",Dangelo Sarmiento,,
"on authority, unranked by all sources",Matt Scott,,
"on authority, unranked by all sources",Shane Sdao,,
"on authority, unranked by all sources",Kyle Sinzza,,
"on authority, unranked by all sources",Peter Solomon,,
"on authority, unranked by all sources",Tommy Specht,,
"on authority, unranked by all sources",Ethan Storm,,
"on authority, unranked by all sources",Justin Stransky,,
"on authority, unranked by all sources",Garrett Stratton,,
"on authority, unranked by all sources",Colin Summerhill,,
"on authority, unranked by all sources",Drew Swift,,
"on authority, unranked by all sources",Bracewell Taveras,,
"on authority, unranked by all sources",Enmanuel Terrero,,
"on authority, unranked by all sources",Tyler Thornton,,
"on authority, unranked by all sources",Rafhlmil Torres,,
"on authority, unranked by all sources",Jose Varela,,
"on authority, unranked by all sources",Imanol Vargas,,
"on authority, unranked by all sources",Luis Vargas,,
"on authority, unranked by all sources",Chris Veach,,
"on authority, unranked by all sources",Carlos Villarroel,,
"on authority, unranked by all sources",Conner Ware,,
"on authority, unranked by all sources",Alex Williams,,
"on authority, unranked by all sources",Chris Williams,,
"on authority, unranked by all sources",Tyler Woessner,,
"on authority, unranked by all sources",Jay Woolfolk,,
"on authority, unranked by all sources",Luke Young,,
"on authority, unranked by all sources",Tyrone Yulie,,
"on authority, unranked by all sources",Jose Zerpa,,
"on authority, unranked by all sources",Angel Acosta,,
"on authority, unranked by all sources",Joe Adametz,,
"on authority, unranked by all sources",Dash Albus,,
"on authority, unranked by all sources",Raul Alcantara,,
"on authority, unranked by all sources",Brady Allen,,
"on authority, unranked by all sources",Jhan Almeida,,
"on authority, unranked by all sources",Luis Alvarez,,
"on authority, unranked by all sources",Xavier Alvero,,
"on authority, unranked by all sources",Colin Anderson,,
"on authority, unranked by all sources",Gensi Angeles,,
"on authority, unranked by all sources",Eli Ankeney,,
"on authority, unranked by all sources",Cristian Aray,,
"on authority, unranked by all sources",Bryce Archie,,
"on authority, unranked by all sources",Nathan Arends,,
"on authority, unranked by all sources",Cade Arrambide,,
"on authority, unranked by all sources",Yosander Asencio,,
"on authority, unranked by all sources",Christian Astudillo,,
"on authority, unranked by all sources",Zack Austin,,
"on authority, unranked by all sources",Nick Avila,,
"on authority, unranked by all sources",Daniel Avitia,,
"on authority, unranked by all sources",J.T. Bain,,
"on authority, unranked by all sources",Sebastian Baquera,,
"on authority, unranked by all sources",Gabriel Barbosa,,
"on authority, unranked by all sources",Domingo Batista,,
"on authority, unranked by all sources",Edinson Batista,,
"on authority, unranked by all sources",Yadiel Batista,,
"on authority, unranked by all sources",Brock Bell,,
"on authority, unranked by all sources",Rony Bello,,
"on authority, unranked by all sources",Derek Bender,,
"on authority, unranked by all sources",Spencer Bengard,,
"on authority, unranked by all sources",Caleb Bolden,,
"on authority, unranked by all sources",Bo Bonds,,
"on authority, unranked by all sources",Ryan Bourassa,,
"on authority, unranked by all sources",Rio Britton,,
"on authority, unranked by all sources",Jack Bushell,,
"on authority, unranked by all sources",Ben Bybee,,
"on authority, unranked by all sources",Jhon Cabral,,
"on authority, unranked by all sources",Jaeden Calderon,,
"on authority, unranked by all sources",Michael Caldon,,
"on authority, unranked by all sources",Sergio Campana,,
"on authority, unranked by all sources",Dylan Carmouche,,
"on authority, unranked by all sources",Tommy Case,,
"on authority, unranked by all sources",Hung-Leng Chang,,
"on authority, unranked by all sources",Eddison Charles,,
"on authority, unranked by all sources",Wandisson Charles,,
"on authority, unranked by all sources",Isais Chavez,,
"on authority, unranked by all sources",Amilcar Chirinos,,
"on authority, unranked by all sources",Deinis Chourio,,
"on authority, unranked by all sources",Evan Chrest,,
"on authority, unranked by all sources",Luis Cohen,,
"on authority, unranked by all sources",Darnel Collins,,
"on authority, unranked by all sources",Carlos Concepcion,,
"on authority, unranked by all sources",Caden Connor,,
"on authority, unranked by all sources",Nick Conte,,
"on authority, unranked by all sources",Dayson Croes,,
"on authority, unranked by all sources",Nicolas Cruz,,
"on authority, unranked by all sources",Jack Dashwood,,
"on authority, unranked by all sources",Colin Davis,,
"on authority, unranked by all sources",Brady Day,,
"on authority, unranked by all sources",Cam Day,,
"on authority, unranked by all sources",Luis De La Rosa,,
"on authority, unranked by all sources",Luis De Los Santos,,
"on authority, unranked by all sources",Tyler Dearden,,
"on authority, unranked by all sources",Brandon Decker,,
"on authority, unranked by all sources",Cody Delvecchio,,
"on authority, unranked by all sources",Jack Dougherty,,
"on authority, unranked by all sources",Robert Dugger,,
"on authority, unranked by all sources",Cam Eden,,
"on authority, unranked by all sources",J.T. Etheridge,,
"on authority, unranked by all sources",Albert Fabian,,
"on authority, unranked by all sources",Sandro Fabian,,
"on authority, unranked by all sources",Yoyner Fajardo,,
"on authority, unranked by all sources",Christopher Familia,,
"on authority, unranked by all sources",Cristian Feliz,,
"on authority, unranked by all sources",Jeferson Figueroa,,
"on authority, unranked by all sources",Dylan File,,
"on authority, unranked by all sources",Roderick Flores,,
"on authority, unranked by all sources",Sadrac Franco,,
"on authority, unranked by all sources",J.R. Freethy,,
"on authority, unranked by all sources",Garrett Gainey,,
"on authority, unranked by all sources",Jose Garces,,
"on authority, unranked by all sources",Kevin Garcia,,
"on authority, unranked by all sources",Leonard Garcia,,
"on authority, unranked by all sources",Ricardo Genoves,,
"on authority, unranked by all sources",Sam Gerth,,
"on authority, unranked by all sources",Mateo Gil,,
"on authority, unranked by all sources",Daniel Gomez,,
"on authority, unranked by all sources",Cristopfer Gonzalez,,
"on authority, unranked by all sources",James Gonzalez,,
"on authority, unranked by all sources",Josue Gonzalez,,
"on authority, unranked by all sources",Anthony Gose,,
"on authority, unranked by all sources",Jace Grady,,
"on authority, unranked by all sources",Spencer Green,,
"on authority, unranked by all sources",Richard Guasch,,
"on authority, unranked by all sources",Kevin Guerrero,,
"on authority, unranked by all sources",Oliver Guerrero,,
"on authority, unranked by all sources",Garret Guillemette,,
"on authority, unranked by all sources",Johnathan Harmon,,
"on authority, unranked by all sources",Zach Harris,,
"on authority, unranked by all sources",Ryan Harvey,,
"on authority, unranked by all sources",Chase Heath,,
"on authority, unranked by all sources",Ryan Hendrix,,
"on authority, unranked by all sources",Julio Henriquez,,
"on authority, unranked by all sources",Adrian Hernandez,,
"on authority, unranked by all sources",Angelo Hernandez,,
"on authority, unranked by all sources",Zack Hess,,
"on authority, unranked by all sources",Josh Hogue,,
"on authority, unranked by all sources",Braden Holcomb,,
"on authority, unranked by all sources",Jackson Hornung,,
"on authority, unranked by all sources",Dylan Howard,,
"on authority, unranked by all sources",Garrett Howe,,
"on authority, unranked by all sources",Sammy Infante,,
"on authority, unranked by all sources",Wisler Infante,,
"on authority, unranked by all sources",Jose Izarra,,
"on authority, unranked by all sources",Matt Jachec,,
"on authority, unranked by all sources",Brayden Jaksa,,
"on authority, unranked by all sources",Jack Jasiak,,
"on authority, unranked by all sources",Ismael Javier,,
"on authority, unranked by all sources",Brandon Johnson,,
"on authority, unranked by all sources",Kyle Jones,,
"on authority, unranked by all sources",Nick Kahle,,
"on authority, unranked by all sources",Aiden Kearney,,
"on authority, unranked by all sources",Dallas Keuchel,,
"on authority, unranked by all sources",Larson Kindreich,,
"on authority, unranked by all sources",Harrison Kreiling,,
"on authority, unranked by all sources",Andrew Landry,,
"on authority, unranked by all sources",Bryan Lara,,
"on authority, unranked by all sources",Kyle Larsen,,
"on authority, unranked by all sources",Adam Laskey,,
"on authority, unranked by all sources",Enderso Lira,,
"on authority, unranked by all sources",Jesus Liranzo,,
"on authority, unranked by all sources",Griffin Lockwood-Powell,,
"on authority, unranked by all sources",Zach Logue,,
"on authority, unranked by all sources",Ryan Long,,
"on authority, unranked by all sources",Darrel Lunar,,
"on authority, unranked by all sources",Wyatt Lunsford-Shenkman,,
"on authority, unranked by all sources",Juan Macero,,
"on authority, unranked by all sources",Bryan Martinez,,
"on authority, unranked by all sources",Larry Martinez,,
"on authority, unranked by all sources",Brandon Martorano,,
"on authority, unranked by all sources",Carlos Matias,,
"on authority, unranked by all sources",Case Matter,,
"on authority, unranked by all sources",Michael McAvene,,
"on authority, unranked by all sources",LJ McDonough,,
"on authority, unranked by all sources",Daniel McElveny,,
"on authority, unranked by all sources",Justin Meis,,
"on authority, unranked by all sources",Antonio Menendez,,
"on authority, unranked by all sources",Enderson Mercado,,
"on authority, unranked by all sources",Maddox Molony,,
"on authority, unranked by all sources",Brody Moore,,
"on authority, unranked by all sources",Ethan Moore,,
"on authority, unranked by all sources",Nick Morreale,,
"on authority, unranked by all sources",Dawson Netz,,
"on authority, unranked by all sources",Cameron Nickens,,
"on authority, unranked by all sources",Ethan Norby,,
"on authority, unranked by all sources",Branden Noriega,,
"on authority, unranked by all sources",Brayan Orrantia,,
"on authority, unranked by all sources",Ezequiel Pagan,,
"on authority, unranked by all sources",Cole Paplham,,
"on authority, unranked by all sources",Marcos Paz,,
"on authority, unranked by all sources",Bryan Perez,,
"on authority, unranked by all sources",Carlos Perez,,
"on authority, unranked by all sources",Francisco Perez,,
"on authority, unranked by all sources",Drew Pestka,,
"on authority, unranked by all sources",Brandon Pimentel,,
"on authority, unranked by all sources",Rashawn Pinder,,
"on authority, unranked by all sources",Jesus Premoli,,
"on authority, unranked by all sources",Micah Pries,,
"on authority, unranked by all sources",A.J. Puckett,,
"on authority, unranked by all sources",Dariel Ramon,,
"on authority, unranked by all sources",Jackson Rees,,
"on authority, unranked by all sources",Zach Remillard,,
"on authority, unranked by all sources",Bryan Rivera,,
"on authority, unranked by all sources",Brett Roberts,,
"on authority, unranked by all sources",Cole Roberts,,
"on authority, unranked by all sources",Carlos Rodriguez,,
"on authority, unranked by all sources",Gustavo Rodriguez,,
"on authority, unranked by all sources",Joely Rodriguez,,
"on authority, unranked by all sources",Miguel Rodriguez,,
"on authority, unranked by all sources",Zach Rogacki,,
"on authority, unranked by all sources",Christian Romero,,
"on authority, unranked by all sources",Jose Romero,,
"on authority, unranked by all sources",Yael Romero,,
"on authority, unranked by all sources",Michael Ross,,
"on authority, unranked by all sources",Houston Roth,,
"on authority, unranked by all sources",Jaden Rudd,,
"on authority, unranked by all sources",Yermain Ruiz,,
"on authority, unranked by all sources",Yoiber Ruiz,,
"on authority, unranked by all sources",Carter Rustad,,
"on authority, unranked by all sources",Filippo Sabatini,,
"on authority, unranked by all sources",Braian Salazar,,
"on authority, unranked by all sources",Antonio Santos,,
"on authority, unranked by all sources",Nate Savoie,,
"on authority, unranked by all sources",Joe Scarborough,,
"on authority, unranked by all sources",Jacob Sharp,,
"on authority, unranked by all sources",Bryan Shaw,,
"on authority, unranked by all sources",Phillip Sikes,,
"on authority, unranked by all sources",Johan Simon,,
"on authority, unranked by all sources",Edwin Solano,,
"on authority, unranked by all sources",Yeycol Soriano,,
"on authority, unranked by all sources",Isaac Stebens,,
"on authority, unranked by all sources",Austin Strickland,,
"on authority, unranked by all sources",Junior Suriel,,
"on authority, unranked by all sources",Joseph Tailor,,
"on authority, unranked by all sources",Carlos Tavares,,
"on authority, unranked by all sources",Blake Taylor,,
"on authority, unranked by all sources",Andy Thomas,,
"on authority, unranked by all sources",Sam Thoresen,,
"on authority, unranked by all sources",Brian Tiburcio,,
"on authority, unranked by all sources",Keduar Trujillo,,
"on authority, unranked by all sources",Colin Tuft,,
"on authority, unranked by all sources",Adrian Valdez,,
"on authority, unranked by all sources",Jose Vasquez,,
"on authority, unranked by all sources",Nomar Velasquez,,
"on authority, unranked by all sources",Mike Villani,,
"on authority, unranked by all sources",Luis Vizcaino,,
"on authority, unranked by all sources",Jason Vosler,,
"on authority, unranked by all sources",Jacob Webb,,
"on authority, unranked by all sources",Kodi Whitley,,
"on authority, unranked by all sources",Jadon Williamson,,
"on authority, unranked by all sources",Adam Wolf,,
"on authority, unranked by all sources",Blaine Wynk,,
"on authority, unranked by all sources",Andy Yerzy,,
"on authority, unranked by all sources",Chavez Young,,
"on authority, unranked by all sources",Zuher Yousuf,,
"on authority, unranked by all sources",Holden deJong,,
"on authority, unranked by all sources",Jesus Abreu,,
"on authority, unranked by all sources",Aldry Acosta,,
"on authority, unranked by all sources",Cooper Adams,,
"on authority, unranked by all sources",Chase Adkison,,
"on authority, unranked by all sources",Eliander Alcalde,,
"on authority, unranked by all sources",Fabian Alcantara,,
"on authority, unranked by all sources",Austin Aldeano,,
"on authority, unranked by all sources",Carter Aldrete,,
"on authority, unranked by all sources",Bryce Alewine,,
"on authority, unranked by all sources",Anthony Alford,,
"on authority, unranked by all sources",Jeremy Almonte,,
"on authority, unranked by all sources",Jake Anchia,,
"on authority, unranked by all sources",Wilinyer Ardiles,,
"on authority, unranked by all sources",Diosbel Arias,,
"on authority, unranked by all sources",Gregori Arias,,
"on authority, unranked by all sources",Luis Arias,,
"on authority, unranked by all sources",J.T. Arruda,,
"on authority, unranked by all sources",Junior Aybar,,
"on authority, unranked by all sources",Jackson Barberi,,
"on authority, unranked by all sources",Charlie Bates,,
"on authority, unranked by all sources",Matt Beaty,,
"on authority, unranked by all sources",Christian Becerra,,
"on authority, unranked by all sources",Wes Benjamin,,
"on authority, unranked by all sources",Jesse Bergin,,
"on authority, unranked by all sources",Wilner Berroteran,,
"on authority, unranked by all sources",Kyle Bischoff,,
"on authority, unranked by all sources",Bryce Boettcher,,
"on authority, unranked by all sources",Jarrette Bonet,,
"on authority, unranked by all sources",Bradley Brehmer,,
"on authority, unranked by all sources",Yerlin Burgos,,
"on authority, unranked by all sources",Ike Buxton,,
"on authority, unranked by all sources",Sebastian Cadiz,,
"on authority, unranked by all sources",Yorlin Calderon,,
"on authority, unranked by all sources",Frank Camarillo,,
"on authority, unranked by all sources",Jarrod Cande,,
"on authority, unranked by all sources",Will Cannon,,
"on authority, unranked by all sources",Peyton Carr,,
"on authority, unranked by all sources",Carlos Carra,,
"on authority, unranked by all sources",Yanuel Casiano,,
"on authority, unranked by all sources",Darian Castillo,,
"on authority, unranked by all sources",Kleiver Chauran,,
"on authority, unranked by all sources",Parker Chavers,,
"on authority, unranked by all sources",Sheng-Ping Chen,,
"on authority, unranked by all sources",Cade Citelli,,
"on authority, unranked by all sources",Levi Clark,,
"on authority, unranked by all sources",Cam Clayton,,
"on authority, unranked by all sources",Drew Conover,,
"on authority, unranked by all sources",Yohandri Contreras,,
"on authority, unranked by all sources",Daniel Cope,,
"on authority, unranked by all sources",Brayden Corn,,
"on authority, unranked by all sources",Juan Corniel,,
"on authority, unranked by all sources",Matt Coutney,,
"on authority, unranked by all sources",Luke Craig,,
"on authority, unranked by all sources",Jose Cruz,,
"on authority, unranked by all sources",Angel Cuenca,,
"on authority, unranked by all sources",Jonny Cuevas,,
"on authority, unranked by all sources",Dylan Cumming,,
"on authority, unranked by all sources",Pedro Dalmagro,,
"on authority, unranked by all sources",Yuliangel De La Cruz,,
"on authority, unranked by all sources",Darlyn De Leon,,
"on authority, unranked by all sources",Kelvin Diaz,,
"on authority, unranked by all sources",Jose Dicochea,,
"on authority, unranked by all sources",Jay Dill,,
"on authority, unranked by all sources",Nick Dombkowski,,
"on authority, unranked by all sources",Michael Dominguez,,
"on authority, unranked by all sources",Matt Duffy,,
"on authority, unranked by all sources",Noah Edders,,
"on authority, unranked by all sources",Evan Edwards,,
"on authority, unranked by all sources",Luis Encarnacion,,
"on authority, unranked by all sources",Alan Escobar,,
"on authority, unranked by all sources",Mauricio Estrella,,
"on authority, unranked by all sources",Cesar Familia,,
"on authority, unranked by all sources",Jose Familia,,
"on authority, unranked by all sources",Angel Felipe,,
"on authority, unranked by all sources",Ilan Fernandez,,
"on authority, unranked by all sources",Edgardo Figueroa,,
"on authority, unranked by all sources",Danny Flatt,,
"on authority, unranked by all sources",Dariel Florentino,,
"on authority, unranked by all sources",Santiago Florez,,
"on authority, unranked by all sources",Zach Fogell,,
"on authority, unranked by all sources",Yosy Galan,,
"on authority, unranked by all sources",Isaac Gallegos,,
"on authority, unranked by all sources",Irvin Gonzalez,,
"on authority, unranked by all sources",Trevor Gott,,
"on authority, unranked by all sources",Austin Green,,
"on authority, unranked by all sources",Josh Green,,
"on authority, unranked by all sources",Jaxx Groshans,,
"on authority, unranked by all sources",Jose Gutierrez,,
"on authority, unranked by all sources",Adam Hackenberg,,
"on authority, unranked by all sources",Sean Harney,,
"on authority, unranked by all sources",Taylor Hearn,,
"on authority, unranked by all sources",Blair Henley,,
"on authority, unranked by all sources",Freddy Hernandez,,
"on authority, unranked by all sources",Joseph Hernandez,,
"on authority, unranked by all sources",Juan Hernandez,,
"on authority, unranked by all sources",Wilkel Hernandez,,
"on authority, unranked by all sources",Jimmy Herron,,
"on authority, unranked by all sources",Michael Hobbs,,
"on authority, unranked by all sources",TJ Hopkins,,
"on authority, unranked by all sources",Nick Hull,,
"on authority, unranked by all sources",Kolton Ingram,,
"on authority, unranked by all sources",Tyler Jay,,
"on authority, unranked by all sources",Anderson Jimenez,,
"on authority, unranked by all sources",Edwin Jimenez,,
"on authority, unranked by all sources",Brayden Jobert,,
"on authority, unranked by all sources",Cooper Johnson,,
"on authority, unranked by all sources",Harry Chubb Jones Jr.,,
"on authority, unranked by all sources",LJ Jones,,
"on authority, unranked by all sources",Jacob Kendall,,
"on authority, unranked by all sources",Nic Kent,,
"on authority, unranked by all sources",Wenderlyn King,,
"on authority, unranked by all sources",Brandon Knarr,,
"on authority, unranked by all sources",Antonio Knowles,,
"on authority, unranked by all sources",Sam Knowlton,,
"on authority, unranked by all sources",Cam Kozeal,,
"on authority, unranked by all sources",Zac Kristofak,,
"on authority, unranked by all sources",Jackson Lancaster,,
"on authority, unranked by all sources",Colby Langford,,
"on authority, unranked by all sources",Ethan Lanthier,,
"on authority, unranked by all sources",Brandon Leibrandt,,
"on authority, unranked by all sources",Kleimir Lemos,,
"on authority, unranked by all sources",Luis Leon,,
"on authority, unranked by all sources",Luke Leto,,
"on authority, unranked by all sources",Domingo Leyba,,
"on authority, unranked by all sources",Oswaldo Linares,,
"on authority, unranked by all sources",Jeff Lindgren,,
"on authority, unranked by all sources",Joshua Loeschorn,,
"on authority, unranked by all sources",Jack Lopez,,
"on authority, unranked by all sources",Francisco Loreto,,
"on authority, unranked by all sources",Andrew Magno,,
"on authority, unranked by all sources",Jose Marcano,,
"on authority, unranked by all sources",Randy Martinez,,
"on authority, unranked by all sources",Ryan McCarty,,
"on authority, unranked by all sources",Connor McCullough,,
"on authority, unranked by all sources",Jaime Melendez,,
"on authority, unranked by all sources",Gerinton Mendez,,
"on authority, unranked by all sources",Ernesto Mercedes,,
"on authority, unranked by all sources",Michell Miliano,,
"on authority, unranked by all sources",Tucker Mitchell,,
"on authority, unranked by all sources",Gabriel Moncada,,
"on authority, unranked by all sources",Jose Monserrate,,
"on authority, unranked by all sources",Michael Mullinax,,
"on authority, unranked by all sources",Ethan Murray,,
"on authority, unranked by all sources",Vinny Nittoli,,
"on authority, unranked by all sources",Yoiber Ocopio,,
"on authority, unranked by all sources",Joan Ogando,,
"on authority, unranked by all sources",Rafael Ohashi,,
"on authority, unranked by all sources",Brennan Orf,,
"on authority, unranked by all sources",Jankel Ortiz,,
"on authority, unranked by all sources",Ricardo Paez,,
"on authority, unranked by all sources",Davis Palermo,,
"on authority, unranked by all sources",Wilkin Paredes,,
"on authority, unranked by all sources",Engel Paulino,,
"on authority, unranked by all sources",Mark Payton,,
"on authority, unranked by all sources",Odalys Peguero,,
"on authority, unranked by all sources",CD Pelham,,
"on authority, unranked by all sources",Jefferson Pena,,
"on authority, unranked by all sources",Joan Pena,,
"on authority, unranked by all sources",Brayan Perez,,
"on authority, unranked by all sources",Hector Perez,,
"on authority, unranked by all sources",Jose Perez,,
"on authority, unranked by all sources",Ricardo Pinto,,
"on authority, unranked by all sources",Dominic Pipkin,,
"on authority, unranked by all sources",Trey Pooser,,
"on authority, unranked by all sources",Esteban Quiroz,,
"on authority, unranked by all sources",Keiverson Ramirez,,
"on authority, unranked by all sources",Vince Reilly,,
"on authority, unranked by all sources",Chase Renner,,
"on authority, unranked by all sources",Brayden Risedorph,,
"on authority, unranked by all sources",Eryks Rivero,,
"on authority, unranked by all sources",Sam Robertson,,
"on authority, unranked by all sources",Alex Rodriguez,,
"on authority, unranked by all sources",Sebastian Rojas,,
"on authority, unranked by all sources",Pitterson Rosa,,
"on authority, unranked by all sources",Ronald Rosario,,
"on authority, unranked by all sources",Enixon Sanchez,,
"on authority, unranked by all sources",Cristian Santana,,
"on authority, unranked by all sources",Aaron Savary,,
"on authority, unranked by all sources",Frankie Scalzo Jr.,,
"on authority, unranked by all sources",Alex Scherff,,
"on authority, unranked by all sources",Andre Scrubb,,
"on authority, unranked by all sources",Ben Sears,,
"on authority, unranked by all sources",Trent Sellers,,
"on authority, unranked by all sources",Jack Sellinger,,
"on authority, unranked by all sources",Heribert Silva,,
"on authority, unranked by all sources",Justin Sinibaldi,,
"on authority, unranked by all sources",Caleb Smith,,
"on authority, unranked by all sources",Tanner Smith,,
"on authority, unranked by all sources",Hayden Snelsire,,
"on authority, unranked by all sources",Randy Soto,,
"on authority, unranked by all sources",Garrett Spain,,
"on authority, unranked by all sources",Connor Spencer,,
"on authority, unranked by all sources",Dale Stanavich,,
"on authority, unranked by all sources",Brennan Stuprich,,
"on authority, unranked by all sources",Anthony Susac,,
"on authority, unranked by all sources",Dylan Tebrake,,
"on authority, unranked by all sources",D'Marion Terrell,,
"on authority, unranked by all sources",Matt Tiberia,,
"on authority, unranked by all sources",Cole Tolbert,,
"on authority, unranked by all sources",Emile Torres,,
"on authority, unranked by all sources",Luis Tovar,,
"on authority, unranked by all sources",Evan Truitt,,
"on authority, unranked by all sources",Michael Turner,,
"on authority, unranked by all sources",Cole Turney,,
"on authority, unranked by all sources",Erich Uelmen,,
"on authority, unranked by all sources",Riley Unroe,,
"on authority, unranked by all sources",Leonel Valera,,
"on authority, unranked by all sources",Esnaider Vargas,,
"on authority, unranked by all sources",Andrew Vasquez,,
"on authority, unranked by all sources",Mauricio Veliz,,
"on authority, unranked by all sources",Ryan Verdugo,,
"on authority, unranked by all sources",Will Verdung,,
"on authority, unranked by all sources",Thyago Vieira,,
"on authority, unranked by all sources",Will Vierling,,
"on authority, unranked by all sources",Caden Vire,,
"on authority, unranked by all sources",Ethan Walker,,
"on authority, unranked by all sources",Jake Walsh,,
"on authority, unranked by all sources",Michael Watson,,
"on authority, unranked by all sources",Troy Watson,,
"on authority, unranked by all sources",Wilson Weber,,
"on authority, unranked by all sources",Derek West,,
"on authority, unranked by all sources",Logan Whitaker,,
"on authority, unranked by all sources",Reece Wissinger,,
"on authority, unranked by all sources",Daniel Wright,,
"on authority, unranked by all sources",Hayden Wynja,,
"on authority, unranked by all sources",Joseph Yabbour,,
"on authority, unranked by all sources",Eric Yang,,
"on authority, unranked by all sources",Nien-Hsi Yang,,
"on authority, unranked by all sources",Mark Adamiak,,
"on authority, unranked by all sources",Zane Adams,,
"on authority, unranked by all sources",Brady Afthim,,
"on authority, unranked by all sources",Roinny Aguiar,,
"on authority, unranked by all sources",Gabriel Aguilera,,
"on authority, unranked by all sources",Max Alba,,
"on authority, unranked by all sources",Hunter Alberini,,
"on authority, unranked by all sources",Jhon Alcantara,,
"on authority, unranked by all sources",Hancel Almonte,,
"on authority, unranked by all sources",Keuri Almonte,,
"on authority, unranked by all sources",Juan Alonso,,
"on authority, unranked by all sources",Alex Amalfi,,
"on authority, unranked by all sources",Clayton Andrews,,
"on authority, unranked by all sources",Oswaldo Aponte,,
"on authority, unranked by all sources",Luis Ariza,,
"on authority, unranked by all sources",Andru Arthur,,
"on authority, unranked by all sources",Jose Atencio,,
"on authority, unranked by all sources",Trent Baker,,
"on authority, unranked by all sources",Franklin Barreto,,
"on authority, unranked by all sources",Javier Bartolozzi,,
"on authority, unranked by all sources",Jorge Benitez,,
"on authority, unranked by all sources",Adam Berghorst,,
"on authority, unranked by all sources",Jason Bilous,,
"on authority, unranked by all sources",Josh Blum,,
"on authority, unranked by all sources",Mason Bolivar,,
"on authority, unranked by all sources",Peter Bonilla,,
"on authority, unranked by all sources",Mason Brassfield,,
"on authority, unranked by all sources",Jake Brentz,,
"on authority, unranked by all sources",Bryson Brigman,,
"on authority, unranked by all sources",Sam Brodersen,,
"on authority, unranked by all sources",Gavin Bruni,,
"on authority, unranked by all sources",Willie Calhoun,,
"on authority, unranked by all sources",Osiris Calvo,,
"on authority, unranked by all sources",Gabriel Cancel,,
"on authority, unranked by all sources",Hunter Carns,,
"on authority, unranked by all sources",Alan Carpinteiro,,
"on authority, unranked by all sources",Hector Castillo,,
"on authority, unranked by all sources",Zachary Cawyer,,
"on authority, unranked by all sources",Dakota Chalmers,,
"on authority, unranked by all sources",Ethan Chenault,,
"on authority, unranked by all sources",Trevor Clifton,,
"on authority, unranked by all sources",Jose Contreras,,
"on authority, unranked by all sources",Yan Contreras,,
"on authority, unranked by all sources",Daniel Corniel,,
"on authority, unranked by all sources",Jack Crowder,,
"on authority, unranked by all sources",Deivy Cruz,,
"on authority, unranked by all sources",Hayden Cuthbertson,,
"on authority, unranked by all sources",Matthew Dallas,,
"on authority, unranked by all sources",Nicolas De La Cruz,,
"on authority, unranked by all sources",Samil De La Rosa,,
"on authority, unranked by all sources",Ericksson De Los Santos,,
"on authority, unranked by all sources",Anthony Del Angel,,
"on authority, unranked by all sources",Aaron Downs,,
"on authority, unranked by all sources",Tyler Duffey,,
"on authority, unranked by all sources",Hayden Dunhurst,,
"on authority, unranked by all sources",Kenten Egbert,,
"on authority, unranked by all sources",Juan Daniel Encarnacion,,
"on authority, unranked by all sources",Aneudi Escanio,,
"on authority, unranked by all sources",Ricardo Estrada,,
"on authority, unranked by all sources",Albert Feliz,,
"on authority, unranked by all sources",Cade Fergus,,
"on authority, unranked by all sources",Eduarqui Fernandez,,
"on authority, unranked by all sources",Graham Firoved,,
"on authority, unranked by all sources",Stu Flesland III,,
"on authority, unranked by all sources",Yemal Flores,,
"on authority, unranked by all sources",Taylor Floyd,,
"on authority, unranked by all sources",Garrett Frechette,,
"on authority, unranked by all sources",Tadeo Gamez,,
"on authority, unranked by all sources",Carlos Garcia,,
"on authority, unranked by all sources",Yunior Garcia,,
"on authority, unranked by all sources",Kyle Garlick,,
"on authority, unranked by all sources",Ken Giles,,
"on authority, unranked by all sources",Tanner Gillis,,
"on authority, unranked by all sources",Rio Gomez,,
"on authority, unranked by all sources",Lukas Gonzalez,,
"on authority, unranked by all sources",Adari Grant,,
"on authority, unranked by all sources",Jordin Griffin,,
"on authority, unranked by all sources",Harry Gustin,,
"on authority, unranked by all sources",Roque Gutierrez,,
"on authority, unranked by all sources",Carlos Guzman,,
"on authority, unranked by all sources",Jonathan Guzman,,
"on authority, unranked by all sources",Jakob Hall,,
"on authority, unranked by all sources",Dominic Hambley,,
"on authority, unranked by all sources",Ben Hansen,,
"on authority, unranked by all sources",James Hays,,
"on authority, unranked by all sources",Dominic Hellman,,
"on authority, unranked by all sources",Abraham Hernandez,,
"on authority, unranked by all sources",Maxwel Hernandez,,
"on authority, unranked by all sources",Thomas Higgins Jr.,,
"on authority, unranked by all sources",Camron Hill,,
"on authority, unranked by all sources",Gery Holguin,,
"on authority, unranked by all sources",Bo Holloway,,
"on authority, unranked by all sources",Preston Howey,,
"on authority, unranked by all sources",Chance Huff,,
"on authority, unranked by all sources",Riley Huge,,
"on authority, unranked by all sources",Madison Jeffrey,,
"on authority, unranked by all sources",Estibenzon Jimenez,,
"on authority, unranked by all sources",Dom Johnson,,
"on authority, unranked by all sources",Kyle Jones,,
"on authority, unranked by all sources",Anthony Karoly,,
"on authority, unranked by all sources",Rylan Kaufman,,
"on authority, unranked by all sources",Griffin Kilander,,
"on authority, unranked by all sources",Joseph King,,
"on authority, unranked by all sources",Jimmy Kingsbury,,
"on authority, unranked by all sources",Corey Knebel,,
"on authority, unranked by all sources",Aldalay Kolokie,,
"on authority, unranked by all sources",Austin Krob,,
"on authority, unranked by all sources",Jorvorskie Lane Jr.,,
"on authority, unranked by all sources",Davidxon Lara,,
"on authority, unranked by all sources",Conor Larkin,,
"on authority, unranked by all sources",Derwin Laya,,
"on authority, unranked by all sources",Jeremy Lee,,
"on authority, unranked by all sources",Michael Limoncelli,,
"on authority, unranked by all sources",Fulton Lockhart,,
"on authority, unranked by all sources",Jose Lopez,,
"on authority, unranked by all sources",Jordan Luplow,,
"on authority, unranked by all sources",Irvin Machuca,,
"on authority, unranked by all sources",Bryan Magdaleno,,
"on authority, unranked by all sources",Nick Margevicius,,
"on authority, unranked by all sources",Emilio Marquez,,
"on authority, unranked by all sources",Elias Marrero,,
"on authority, unranked by all sources",Duncan Marsten,,
"on authority, unranked by all sources",Robby Martin,,
"on authority, unranked by all sources",Maison Martinez,,
"on authority, unranked by all sources",T.J. McCants,,
"on authority, unranked by all sources",Brennon McNair,,
"on authority, unranked by all sources",Luke McNeillie,,
"on authority, unranked by all sources",Jacob Meador,,
"on authority, unranked by all sources",Kade Mechals,,
"on authority, unranked by all sources",Abel Mercedes,,
"on authority, unranked by all sources",Kendal Meza,,
"on authority, unranked by all sources",Trevin Michael,,
"on authority, unranked by all sources",Jose Miguel Rodriguez,,
"on authority, unranked by all sources",Ryan Miller,,
"on authority, unranked by all sources",Yaki Mondesir,,
"on authority, unranked by all sources",Tayler Montiel,,
"on authority, unranked by all sources",Grayson Moore,,
"on authority, unranked by all sources",Jeferson Morales,,
"on authority, unranked by all sources",Albert Morel,,
"on authority, unranked by all sources",Edgar Moreta,,
"on authority, unranked by all sources",Oddanier Mosqueda,,
"on authority, unranked by all sources",Gabe Mosser,,
"on authority, unranked by all sources",Aaron Munson,,
"on authority, unranked by all sources",Brayan Narvaez,,
"on authority, unranked by all sources",Kay-Lan Nicasia,,
"on authority, unranked by all sources",Frank Nigro,,
"on authority, unranked by all sources",Stephen Nogosek,,
"on authority, unranked by all sources",Jack O'Loughlin,,
"on authority, unranked by all sources",Ryan Och,,
"on authority, unranked by all sources",Braeden Ogle,,
"on authority, unranked by all sources",Carlos Olivo,,
"on authority, unranked by all sources",Nick Paciorek,,
"on authority, unranked by all sources",Nicholas Padilla,,
"on authority, unranked by all sources",Owen Paino,,
"on authority, unranked by all sources",Ronaiker Palma,,
"on authority, unranked by all sources",Jose Pastrano,,
"on authority, unranked by all sources",Naswell Paulino,,
"on authority, unranked by all sources",Emilio Payro,,
"on authority, unranked by all sources",Jonathan Peguero,,
"on authority, unranked by all sources",Christopher Peralta,,
"on authority, unranked by all sources",Fabian Pertuz,,
"on authority, unranked by all sources",Cannon Pickell,,
"on authority, unranked by all sources",Mason Pike,,
"on authority, unranked by all sources",Sam Praytor,,
"on authority, unranked by all sources",Luis Quinones,,
"on authority, unranked by all sources",Blake Ragsdale,,
"on authority, unranked by all sources",Nick Ramirez,,
"on authority, unranked by all sources",Carlos Rey,,
"on authority, unranked by all sources",Luis Reyes,,
"on authority, unranked by all sources",Kendy Richard,,
"on authority, unranked by all sources",Trey Riley,,
"on authority, unranked by all sources",Javier Rivera,,
"on authority, unranked by all sources",Eddy Rodriguez,,
"on authority, unranked by all sources",Gabriel Rodriguez,,
"on authority, unranked by all sources",Luis Rodriguez,,
"on authority, unranked by all sources",Richard Rodriguez,,
"on authority, unranked by all sources",Wuilliams Rodriguez,,
"on authority, unranked by all sources",Santiago Rojas,,
"on authority, unranked by all sources",Dalvy Rosario,,
"on authority, unranked by all sources",Nick Roselli,,
"on authority, unranked by all sources",Jason Ruffcorn,,
"on authority, unranked by all sources",Milo Rushford,,
"on authority, unranked by all sources",Ruben Salinas,,
"on authority, unranked by all sources",Denison Sanchez,,
"on authority, unranked by all sources",Dominic Scheffler,,
"on authority, unranked by all sources",Garrett Schoenle,,
"on authority, unranked by all sources",Andrew Schultz,,
"on authority, unranked by all sources",Justus Sheffield,,
"on authority, unranked by all sources",Wooyeoul Shin,,
"on authority, unranked by all sources",RJ Shunck,,
"on authority, unranked by all sources",Devin Smeltzer,,
"on authority, unranked by all sources",Austin Smith,,
"on authority, unranked by all sources",Noah Smith,,
"on authority, unranked by all sources",Jared Solomon,,
"on authority, unranked by all sources",Jackson Stephens,,
"on authority, unranked by all sources",Kellen Strahm,,
"on authority, unranked by all sources",Ted Stuka,,
"on authority, unranked by all sources",Ezequiel Surun,,
"on authority, unranked by all sources",Junior Tavera,,
"on authority, unranked by all sources",Jhonly Taveras,,
"on authority, unranked by all sources",Evan Taylor,,
"on authority, unranked by all sources",Felix Tena,,
"on authority, unranked by all sources",Benny Thompson,,
"on authority, unranked by all sources",Landon Tomkins,,
"on authority, unranked by all sources",Sam Tookoian,,
"on authority, unranked by all sources",Alejandro Torres,,
"on authority, unranked by all sources",Adam Tulloch,,
"on authority, unranked by all sources",John Valle,,
"on authority, unranked by all sources",Luis Velasquez,,
"on authority, unranked by all sources",Cade Vernon,,
"on authority, unranked by all sources",Dominic Voegele,,
"on authority, unranked by all sources",Joe Vogatsky,,
"on authority, unranked by all sources",Cam Walty,,
"on authority, unranked by all sources",Joshua Whritenour,,
"on authority, unranked by all sources",Patrick Wicklander,,
"on authority, unranked by all sources",Taylor Widener,,
"on authority, unranked by all sources",Nate Williams,,
"on authority, unranked by all sources",Rixon Wingrove,,
"on authority, unranked by all sources",Chris Wright,,
"on authority, unranked by all sources",Garrett Wright,,
"on authority, unranked by all sources",Jack Young,,
"on authority, unranked by all sources",Gijs van den Brink,,
"on authority, unranked by all sources",Allen Ajoti,,
"on authority, unranked by all sources",Benjamin Arias,,
"on authority, unranked by all sources",Brady Ballinger,,
"on authority, unranked by all sources",Caleb Baragar,,
"on authority, unranked by all sources",Aiverson Barazarte,,
"on authority, unranked by all sources",Noah Barber,,
"on authority, unranked by all sources",Jack Barker,,
"on authority, unranked by all sources",Nicolas Barrios,,
"on authority, unranked by all sources",John Bay,,
"on authority, unranked by all sources",Nick Bennett,,
"on authority, unranked by all sources",Jax Biggers,,
"on authority, unranked by all sources",Erick Brito,,
"on authority, unranked by all sources",Robbie Burnett,,
"on authority, unranked by all sources",Yamvier Carrero,,
"on authority, unranked by all sources",Brett Crossland,,
"on authority, unranked by all sources",Breyias Dean,,
"on authority, unranked by all sources",Clay Dungan,,
"on authority, unranked by all sources",Chris Ellis,,
"on authority, unranked by all sources",Andy Encarnacion,,
"on authority, unranked by all sources",Trent Farquhar,,
"on authority, unranked by all sources",Jealmy Frias,,
"on authority, unranked by all sources",Luis Galan,,
"on authority, unranked by all sources",Angel Garcia,,
"on authority, unranked by all sources",Manuel German,,
"on authority, unranked by all sources",Saul Gomez,,
"on authority, unranked by all sources",Vladi Gomez,,
"on authority, unranked by all sources",Dylan Grego,,
"on authority, unranked by all sources",Jesus Hernandez,,
"on authority, unranked by all sources",Jorge Hernandez,,
"on authority, unranked by all sources",Omar Hernandez,,
"on authority, unranked by all sources",Nick Hollifield,,
"on authority, unranked by all sources",Max Holy,,
"on authority, unranked by all sources",Anthony Hoopii-Tuionetoa,,
"on authority, unranked by all sources",Jordan Jackson,,
"on authority, unranked by all sources",Frederik Jimenez,,
"on authority, unranked by all sources",Levi Jordan,,
"on authority, unranked by all sources",Dylan King,,
"on authority, unranked by all sources",Mark Kolozsvary,,
"on authority, unranked by all sources",Jake Lankie,,
"on authority, unranked by all sources",Cortland Lawson,,
"on authority, unranked by all sources",Yojackson Laya,,
"on authority, unranked by all sources",Matthew Linskey,,
"on authority, unranked by all sources",Denton Lord,,
"on authority, unranked by all sources",Steven Madero,,
"on authority, unranked by all sources",Alec Makarewicz,,
"on authority, unranked by all sources",Eddy Marmolejos,,
"on authority, unranked by all sources",Elih Marrero,,
"on authority, unranked by all sources",Modeifi Marte,,
"on authority, unranked by all sources",Richie Martin,,
"on authority, unranked by all sources",Carlos Martinez,,
"on authority, unranked by all sources",Logan Maxwell,,
"on authority, unranked by all sources",Shane McGuire,,
"on authority, unranked by all sources",Caden Merritt,,
"on authority, unranked by all sources",Jose Montilla,,
"on authority, unranked by all sources",Chase Mora,,
"on authority, unranked by all sources",Noah Myers,,
"on authority, unranked by all sources",Luis Parababire,,
"on authority, unranked by all sources",Ty Peeples,,
"on authority, unranked by all sources",Sebastian Pena,,
"on authority, unranked by all sources",Garrett Pennington,,
"on authority, unranked by all sources",Ryan Picollo,,
"on authority, unranked by all sources",Antonio Pimentel,,
"on authority, unranked by all sources",Jack Pineda,,
"on authority, unranked by all sources",Jose Pitre,,
"on authority, unranked by all sources",Blake Rambusch,,
"on authority, unranked by all sources",Adam Retzbach,,
"on authority, unranked by all sources",Luis Rodriguez,,
"on authority, unranked by all sources",Ramon Rodriguez,,
"on authority, unranked by all sources",Guillermo Rosario,,
"on authority, unranked by all sources",Kadil Rubio,,
"on authority, unranked by all sources",Mason Russell,,
"on authority, unranked by all sources",Hector Salas,,
"on authority, unranked by all sources",Anson Seibert,,
"on authority, unranked by all sources",Austin St. Laurent,,
"on authority, unranked by all sources",Cody Stashak,,
"on authority, unranked by all sources",Rodney Theophile,,
"on authority, unranked by all sources",Wuinder Torres,,
"on authority, unranked by all sources",Omar Urbina,,
"on authority, unranked by all sources",Casey Yamauchi,,
"on authority, unranked by all sources",Fernando Abad,,
"on authority, unranked by all sources",Eduardo Acevedo,,
"on authority, unranked by all sources",Ross Adolph,,
"on authority, unranked by all sources",Stanly Alcantara,,
"on authority, unranked by all sources",Pedro Alfonseca,,
"on authority, unranked by all sources",Bubba Alleyne,,
"on authority, unranked by all sources",Leandro Alsinois,,
"on authority, unranked by all sources",Nick Altermatt,,
"on authority, unranked by all sources",Jose Alvarado,,
"on authority, unranked by all sources",Jhosmer Alvarez,,
"on authority, unranked by all sources",Austin Amaral,,
"on authority, unranked by all sources",Juan Amarante,,
"on authority, unranked by all sources",Chase Anderson,,
"on authority, unranked by all sources",Derik Aquino,,
"on authority, unranked by all sources",Isael Arias,,
"on authority, unranked by all sources",Esmeiquel Arrieche,,
"on authority, unranked by all sources",Gregori Arrieche,,
"on authority, unranked by all sources",Samuel Arroyo,,
"on authority, unranked by all sources",Kyle Ayers,,
"on authority, unranked by all sources",Manuel Baez,,
"on authority, unranked by all sources",Teo Banks,,
"on authority, unranked by all sources",Seamus Barrett,,
"on authority, unranked by all sources",Andersson Barvosa,,
"on authority, unranked by all sources",Carlos Batista,,
"on authority, unranked by all sources",Noah Beal,,
"on authority, unranked by all sources",Brandon Beckel,,
"on authority, unranked by all sources",David Beckles,,
"on authority, unranked by all sources",Cristian Benavides,,
"on authority, unranked by all sources",Cooper Benson,,
"on authority, unranked by all sources",Yelinson Betances,,
"on authority, unranked by all sources",George Bilecki,,
"on authority, unranked by all sources",JoJo Blackmon,,
"on authority, unranked by all sources",Wilmer Blanca,,
"on authority, unranked by all sources",Adam Bloebaum,,
"on authority, unranked by all sources",Luis Bolivar,,
"on authority, unranked by all sources",Skye Bolt,,
"on authority, unranked by all sources",Yander Bonaci,,
"on authority, unranked by all sources",Ethan Bosacker,,
"on authority, unranked by all sources",Sam Bower,,
"on authority, unranked by all sources",Davis Bradshaw,,
"on authority, unranked by all sources",Jhose Brea,,
"on authority, unranked by all sources",Will Brian,,
"on authority, unranked by all sources",Jose Briceno,,
"on authority, unranked by all sources",Aaron Brooks,,
"on authority, unranked by all sources",Cam Brown,,
"on authority, unranked by all sources",Anielson Buten,,
"on authority, unranked by all sources",Jonny Butler,,
"on authority, unranked by all sources",Omar Calcurian,,
"on authority, unranked by all sources",Blair Calvo,,
"on authority, unranked by all sources",Jose Camacho,,
"on authority, unranked by all sources",Kevin Camacho,,
"on authority, unranked by all sources",Clayton Campbell,,
"on authority, unranked by all sources",Wilmin Candelario,,
"on authority, unranked by all sources",Edelson Canelon,,
"on authority, unranked by all sources",Xavier Cardenas,,
"on authority, unranked by all sources",Deury Carrasco,,
"on authority, unranked by all sources",Harold Castro,,
"on authority, unranked by all sources",Frank Chessman,,
"on authority, unranked by all sources",Sam Clay,,
"on authority, unranked by all sources",Harold Coll,,
"on authority, unranked by all sources",Samuel Colmenares,,
"on authority, unranked by all sources",Sam Coonrod,,
"on authority, unranked by all sources",Michael Cordero,,
"on authority, unranked by all sources",Jose Cordova,,
"on authority, unranked by all sources",Luis Corobo,,
"on authority, unranked by all sources",Jesus Cova,,
"on authority, unranked by all sources",Dylan Covey,,
"on authority, unranked by all sources",Dustin Crenshaw,,
"on authority, unranked by all sources",Kyle Crigger,,
"on authority, unranked by all sources",Michael Cuevas,,
"on authority, unranked by all sources",Dylan Cupp,,
"on authority, unranked by all sources",Mathieu Curtis,,
"on authority, unranked by all sources",Joey Danielson,,
"on authority, unranked by all sources",Darwin De Leon,,
"on authority, unranked by all sources",Alexander De Los Santos,,
"on authority, unranked by all sources",Bailey Dees,,
"on authority, unranked by all sources",Antonio Delgado,,
"on authority, unranked by all sources",Dencer Diaz,,
"on authority, unranked by all sources",Gleiner Diaz,,
"on authority, unranked by all sources",Jairo Diaz,,
"on authority, unranked by all sources",Victor Diaz,,
"on authority, unranked by all sources",Jairon Digon,,
"on authority, unranked by all sources",Vicarte Domingo,,
"on authority, unranked by all sources",Brandon Downer,,
"on authority, unranked by all sources",Ryan Dromboski,,
"on authority, unranked by all sources",Brody Drost,,
"on authority, unranked by all sources",Fernando Duarte,,
"on authority, unranked by all sources",Kevin Dume,,
"on authority, unranked by all sources",Matt Dunaway,,
"on authority, unranked by all sources",Carlos Duran,,
"on authority, unranked by all sources",Edinson Duran,,
"on authority, unranked by all sources",Connor Dykstra,,
"on authority, unranked by all sources",Marco Eluscat,,
"on authority, unranked by all sources",Alan Espinal,,
"on authority, unranked by all sources",Ewry Espinal,,
"on authority, unranked by all sources",Jeury Espinal,,
"on authority, unranked by all sources",Leonel Espinoza,,
"on authority, unranked by all sources",Rainer Espinoza,,
"on authority, unranked by all sources",Ian Farrow,,
"on authority, unranked by all sources",Braeden Fausnaught,,
"on authority, unranked by all sources",Enmanuel Figuereo,,
"on authority, unranked by all sources",Jake Fitzgibbons,,
"on authority, unranked by all sources",Randy Flores,,
"on authority, unranked by all sources",J.C. Flowers,,
"on authority, unranked by all sources",Logan Forsythe,,
"on authority, unranked by all sources",Brody Fowler,,
"on authority, unranked by all sources",Joshua Francis,,
"on authority, unranked by all sources",Brent Francisco,,
"on authority, unranked by all sources",Lucas Franco,,
"on authority, unranked by all sources",Tomas Frick,,
"on authority, unranked by all sources",Abel Fuerte,,
"on authority, unranked by all sources",Cole Gabrielson,,
"on authority, unranked by all sources",Jesus Gamez,,
"on authority, unranked by all sources",Jonierbis Garces,,
"on authority, unranked by all sources",Daniel Garcia,,
"on authority, unranked by all sources",Dariel Garcia,,
"on authority, unranked by all sources",Leury Garcia,,
"on authority, unranked by all sources",Roni Garcia,,
"on authority, unranked by all sources",Yirer Garcia,,
"on authority, unranked by all sources",Jake Garland,,
"on authority, unranked by all sources",Joey Gartrell,,
"on authority, unranked by all sources",Jhostin Genao,,
"on authority, unranked by all sources",Max Gieg,,
"on authority, unranked by all sources",Geoffrey Gilbert,,
"on authority, unranked by all sources",Brett Gillis,,
"on authority, unranked by all sources",Angel Gonzalez,,
"on authority, unranked by all sources",Carlos Gonzalez,,
"on authority, unranked by all sources",Deiry Gonzalez,,
"on authority, unranked by all sources",Rafael Gonzalez,,
"on authority, unranked by all sources",Conner Greene,,
"on authority, unranked by all sources",Owen Gregg,,
"on authority, unranked by all sources",Omar Guadamuz,,
"on authority, unranked by all sources",Alfredo Guanchez,,
"on authority, unranked by all sources",Jose Guedez,,
"on authority, unranked by all sources",Diego Guevara,,
"on authority, unranked by all sources",Frandy Guillen,,
"on authority, unranked by all sources",Eric Gutierrez,,
"on authority, unranked by all sources",Jorge Guzman,,
"on authority, unranked by all sources",Ronald Guzman,,
"on authority, unranked by all sources",Zach Haake,,
"on authority, unranked by all sources",Patrick Halligan,,
"on authority, unranked by all sources",Daniel Harper,,
"on authority, unranked by all sources",Aiden Harris,,
"on authority, unranked by all sources",Hobie Harris,,
"on authority, unranked by all sources",Ben Hartl,,
"on authority, unranked by all sources",Osvaldo Heredia,,
"on authority, unranked by all sources",Cristian Hernandez,,
"on authority, unranked by all sources",Elier Hernandez,,
"on authority, unranked by all sources",Miguel Hernandez,,
"on authority, unranked by all sources",Danny Hilario,,
"on authority, unranked by all sources",Paul Hoff,,
"on authority, unranked by all sources",Jonathan Hogart,,
"on authority, unranked by all sources",Matthew Hoskins,,
"on authority, unranked by all sources",Nolan Hughes,,
"on authority, unranked by all sources",Thomas Ireland,,
"on authority, unranked by all sources",Chase Isbell,,
"on authority, unranked by all sources",Josh James,,
"on authority, unranked by all sources",Justin Janas,,
"on authority, unranked by all sources",Juan Jerez,,
"on authority, unranked by all sources",Marco Jimenez,,
"on authority, unranked by all sources",Stephen Jones,,
"on authority, unranked by all sources",Rob Kaminsky,,
"on authority, unranked by all sources",Mikey Kane,,
"on authority, unranked by all sources",Ricky Karcher,,
"on authority, unranked by all sources",Trevor Kelley,,
"on authority, unranked by all sources",Kade Kern,,
"on authority, unranked by all sources",Lucas Knowles,,
"on authority, unranked by all sources",Xavier Kolhosser,,
"on authority, unranked by all sources",Luke Kovach,,
"on authority, unranked by all sources",Evan Kravetz,,
"on authority, unranked by all sources",Lisnerkin Lantigua,,
"on authority, unranked by all sources",Brady Lindsly,,
"on authority, unranked by all sources",Daniel Lloyd,,
"on authority, unranked by all sources",Robert Lopez,,
"on authority, unranked by all sources",Cesar Maiz,,
"on authority, unranked by all sources",Aidan Maldonado,,
"on authority, unranked by all sources",Thomas Mangus,,
"on authority, unranked by all sources",Marco Manzano,,
"on authority, unranked by all sources",Jose Marcano,,
"on authority, unranked by all sources",Edinzo Marquez,,
"on authority, unranked by all sources",Luis Marquez,,
"on authority, unranked by all sources",Izaak Martinez,,
"on authority, unranked by all sources",Shendrion Martinus,,
"on authority, unranked by all sources",Charlie McDaniel,,
"on authority, unranked by all sources",Ethan McElvain,,
"on authority, unranked by all sources",Donovan McIntyre,,
"on authority, unranked by all sources",Morgan McSweeney,,
"on authority, unranked by all sources",Sam McWilliams,,
"on authority, unranked by all sources",Ismael Mejia,,
"on authority, unranked by all sources",J.C. Mejia,,
"on authority, unranked by all sources",Samuel Mejia,,
"on authority, unranked by all sources",Alberto Mendez,,
"on authority, unranked by all sources",Franyer Mendez,,
"on authority, unranked by all sources",Damian Mendoza,,
"on authority, unranked by all sources",Richard Meran,,
"on authority, unranked by all sources",Estarling Mercado,,
"on authority, unranked by all sources",Jeffrey Mercedes,,
"on authority, unranked by all sources",Nick Merkel,,
"on authority, unranked by all sources",Chase Meyer,,
"on authority, unranked by all sources",Tyler Miller,,
"on authority, unranked by all sources",Josh Mollerus,,
"on authority, unranked by all sources",Nate Mondou,,
"on authority, unranked by all sources",Bo-gyeong Moon,,
"on authority, unranked by all sources",Mason Moore,,
"on authority, unranked by all sources",Brian Moran,,
"on authority, unranked by all sources",Gerson Moreno,,
"on authority, unranked by all sources",Luis Moreno,,
"on authority, unranked by all sources",Kadon Morton,,
"on authority, unranked by all sources",Brady Neal,,
"on authority, unranked by all sources",Franyer Noria,,
"on authority, unranked by all sources",Elijah Nunez,,
"on authority, unranked by all sources",Gerald Ogando,,
"on authority, unranked by all sources",Connor Oliver,,
"on authority, unranked by all sources",Christian Olivo,,
"on authority, unranked by all sources",Johnny Olmstead,,
"on authority, unranked by all sources",Jon Olsen,,
"on authority, unranked by all sources",Victor Ortega,,
"on authority, unranked by all sources",Devin Ortiz,,
"on authority, unranked by all sources",Fran Oschell,,
"on authority, unranked by all sources",Graham Osman,,
"on authority, unranked by all sources",Jordan Ouanyou,,
"on authority, unranked by all sources",Leider Padilla,,
"on authority, unranked by all sources",Manuel Palencia,,
"on authority, unranked by all sources",Aaron Palensky,,
"on authority, unranked by all sources",Yovannki Pascual,,
"on authority, unranked by all sources",Josh Pearson,,
"on authority, unranked by all sources",Jhoan Peguero,,
"on authority, unranked by all sources",Rafy Peguero,,
"on authority, unranked by all sources",Ezequiel Pena,,
"on authority, unranked by all sources",Joandrew Pena,,
"on authority, unranked by all sources",Angel Peralta,,
"on authority, unranked by all sources",Ramon Peralta,,
"on authority, unranked by all sources",Wily Peralta,,
"on authority, unranked by all sources",Angel Perez,,
"on authority, unranked by all sources",Carlos Perez,,
"on authority, unranked by all sources",Roberto Perez,,
"on authority, unranked by all sources",Vincent Perozo,,
"on authority, unranked by all sources",Bladimir Pichardo,,
"on authority, unranked by all sources",Fidel Pinango,,
"on authority, unranked by all sources",Moises Polanco,,
"on authority, unranked by all sources",Sean Poppen,,
"on authority, unranked by all sources",Roiner Quintana,,
"on authority, unranked by all sources",Alexi Quiroz,,
"on authority, unranked by all sources",Christopher Quiroz,,
"on authority, unranked by all sources",Baron Radcliff,,
"on authority, unranked by all sources",Shane Rademacher,,
"on authority, unranked by all sources",Stefan Raeth,,
"on authority, unranked by all sources",Emmanuel Ramirez,,
"on authority, unranked by all sources",Lane Ramsey,,
"on authority, unranked by all sources",Michael Reed,,
"on authority, unranked by all sources",Jacob Remily,,
"on authority, unranked by all sources",Denyi Reyes,,
"on authority, unranked by all sources",Franyerson Reyes,,
"on authority, unranked by all sources",Maicol Reyes,,
"on authority, unranked by all sources",Victor Reyes,,
"on authority, unranked by all sources",Grant Richardson,,
"on authority, unranked by all sources",Dennys Riera,,
"on authority, unranked by all sources",Kollin Ritchie,,
"on authority, unranked by all sources",Austin Roberts,,
"on authority, unranked by all sources",Blake Robertson,,
"on authority, unranked by all sources",Kevin Robledo,,
"on authority, unranked by all sources",Carlos Rodriguez,,
"on authority, unranked by all sources",Julio Rodriguez,,
"on authority, unranked by all sources",Maximo Rodriguez,,
"on authority, unranked by all sources",Jack Rogers,,
"on authority, unranked by all sources",Carlos Rondon,,
"on authority, unranked by all sources",Dilan Rosario,,
"on authority, unranked by all sources",Connor Sadzeck,,
"on authority, unranked by all sources",Carlos Sanchez,,
"on authority, unranked by all sources",Luis Sanchez,,
"on authority, unranked by all sources",Yobanny Sanchez,,
"on authority, unranked by all sources",Jose Santana,,
"on authority, unranked by all sources",Yoander Santana,,
"on authority, unranked by all sources",Glenn Santiago,,
"on authority, unranked by all sources",Connor Schultz,,
"on authority, unranked by all sources",Stephen Scott,,
"on authority, unranked by all sources",Trey Seeley,,
"on authority, unranked by all sources",Brock Sell,,
"on authority, unranked by all sources",Reidis Sena,,
"on authority, unranked by all sources",Omar Serna,,
"on authority, unranked by all sources",Evan Shaw,,
"on authority, unranked by all sources",Aaron Shortridge,,
"on authority, unranked by all sources",Tommy Sommer,,
"on authority, unranked by all sources",Alex Sosa,,
"on authority, unranked by all sources",Miguel Sosa,,
"on authority, unranked by all sources",Jared Southard,,
"on authority, unranked by all sources",Lamar Sparks,,
"on authority, unranked by all sources",Riley Stanford,,
"on authority, unranked by all sources",John Stankiewicz,,
"on authority, unranked by all sources",Felix Stevens,,
"on authority, unranked by all sources",Ethan Stewart,,
"on authority, unranked by all sources",Jayden Stroman,,
"on authority, unranked by all sources",Ryan Sublette,,
"on authority, unranked by all sources",Logan Tabeling,,
"on authority, unranked by all sources",Enmanuel Talavera,,
"on authority, unranked by all sources",Graysen Tarlow,,
"on authority, unranked by all sources",Curtis Taylor,,
"on authority, unranked by all sources",Shane Telfer,,
"on authority, unranked by all sources",Ronald Terrero,,
"on authority, unranked by all sources",Jacob Teter,,
"on authority, unranked by all sources",Jackson Tetreault,,
"on authority, unranked by all sources",Jhosman Theran,,
"on authority, unranked by all sources",Jhoan Thomas,,
"on authority, unranked by all sources",Jordan Thompson,,
"on authority, unranked by all sources",Josh Timmerman,,
"on authority, unranked by all sources",Jonathan Todd,,
"on authority, unranked by all sources",Osmar Torrealba,,
"on authority, unranked by all sources",Carlos Torres,,
"on authority, unranked by all sources",River Town,,
"on authority, unranked by all sources",Michael Trautwein,,
"on authority, unranked by all sources",Caeden Trenkle,,
"on authority, unranked by all sources",Stanley Tucker,,
"on authority, unranked by all sources",Duane Underwood Jr.,,
"on authority, unranked by all sources",Jose Urbina,,
"on authority, unranked by all sources",Nestor Urbina,,
"on authority, unranked by all sources",Jesus Valdez,,
"on authority, unranked by all sources",Luisberth Valdez,,
"on authority, unranked by all sources",Jonathan Vastine,,
"on authority, unranked by all sources",Melky Ventura,,
"on authority, unranked by all sources",Miguel Villarroel,,
"on authority, unranked by all sources",Nate Voss,,
"on authority, unranked by all sources",Chad Wallach,,
"on authority, unranked by all sources",Anthony Watts,,
"on authority, unranked by all sources",Jacob Widener,,
"on authority, unranked by all sources",Collin Wiles,,
"on authority, unranked by all sources",Trace Willhoite,,
"on authority, unranked by all sources",Junior William,,
"on authority, unranked by all sources",Donta' Williams,,
"on authority, unranked by all sources",Noah Williams,,
"on authority, unranked by all sources",Guillermo Williamson,,
"on authority, unranked by all sources",Trey Wingenter,,
"on authority, unranked by all sources",Nick Wissman,,
"on authority, unranked by all sources",Garrett Wright,,
"on authority, unranked by all sources",Aneurys Zabala,,
"on authority, unranked by all sources",Alison Zacarias,,
"on authority, unranked by all sources",Albert Alberto,,
"on authority, unranked by all sources",Moises Alcala,,
"on authority, unranked by all sources",Delvis Alegre,,
"on authority, unranked by all sources",Efren Alvarez,,
"on authority, unranked by all sources",Alexander Alzi,,
"on authority, unranked by all sources",Carlos Amaya,,
"on authority, unranked by all sources",Ben Anderson,,
"on authority, unranked by all sources",Alan Angulo,,
"on authority, unranked by all sources",Tomohiro Anraku,,
"on authority, unranked by all sources",Donovan Antonia,,
"on authority, unranked by all sources",Garrett Apker,,
"on authority, unranked by all sources",Joneiker Arellano,,
"on authority, unranked by all sources",Bryan Arendt,,
"on authority, unranked by all sources",Dariel Arias,,
"on authority, unranked by all sources",Daury Arias,,
"on authority, unranked by all sources",Bryce Arnold,,
"on authority, unranked by all sources",Johnny Ascanio,,
"on authority, unranked by all sources",Albertson Asigen,,
"on authority, unranked by all sources",Paulo Asprilla,,
"on authority, unranked by all sources",Brett Auerbach,,
"on authority, unranked by all sources",Morris Austin,,
"on authority, unranked by all sources",Malvin Baez,,
"on authority, unranked by all sources",Alec Baker,,
"on authority, unranked by all sources",Trace Baker,,
"on authority, unranked by all sources",Merrick Baldo,,
"on authority, unranked by all sources",Jordy Barley,,
"on authority, unranked by all sources",Zane Barnhart,,
"on authority, unranked by all sources",Sadiel Baro,,
"on authority, unranked by all sources",Chris Barraza,,
"on authority, unranked by all sources",Cameron Barstad,,
"on authority, unranked by all sources",Hudson Barton,,
"on authority, unranked by all sources",Andy Basora,,
"on authority, unranked by all sources",Erick Batista,,
"on authority, unranked by all sources",Freuddy Batista,,
"on authority, unranked by all sources",Jared Beck,,
"on authority, unranked by all sources",Colton Becker,,
"on authority, unranked by all sources",Gustavo Beltran,,
"on authority, unranked by all sources",Donovan Benoit,,
"on authority, unranked by all sources",Alvaro Benua,,
"on authority, unranked by all sources",Jadon Bercovich,,
"on authority, unranked by all sources",Jonathan Bermudez,,
"on authority, unranked by all sources",Liam Best,,
"on authority, unranked by all sources",Calvin Bickerstaff,,
"on authority, unranked by all sources",Merlin Bido,,
"on authority, unranked by all sources",Jacob Bimbi,,
"on authority, unranked by all sources",Dario Borrero,,
"on authority, unranked by all sources",TT Bowens,,
"on authority, unranked by all sources",Ryan Boyer,,
"on authority, unranked by all sources",Silvino Bracho,,
"on authority, unranked by all sources",Tyler Bradt,,
"on authority, unranked by all sources",Colten Brewer,,
"on authority, unranked by all sources",Trevor Brigden,,
"on authority, unranked by all sources",Bryan Broecker,,
"on authority, unranked by all sources",Devonte Brown,,
"on authority, unranked by all sources",Thomas Bruss,,
"on authority, unranked by all sources",Luis Burgos,,
"on authority, unranked by all sources",Jimmy Burnette,,
"on authority, unranked by all sources",Jan Cabrera,,
"on authority, unranked by all sources",Jeisson Cabrera,,
"on authority, unranked by all sources",Romtres Cabrera,,
"on authority, unranked by all sources",Tegan Cain,,
"on authority, unranked by all sources",Austin Callahan,,
"on authority, unranked by all sources",Jeison Calvo,,
"on authority, unranked by all sources",Paul Campbell,,
"on authority, unranked by all sources",Elio Campos,,
"on authority, unranked by all sources",Jack Carey,,
"on authority, unranked by all sources",Donovan Casey,,
"on authority, unranked by all sources",Brandon Cassedy,,
"on authority, unranked by all sources",Neyfy Castillo,,
"on authority, unranked by all sources",Lorenzo Cedrola,,
"on authority, unranked by all sources",Chase Centala,,
"on authority, unranked by all sources",Felix Cepeda,,
"on authority, unranked by all sources",Edwin Cervantes,,
"on authority, unranked by all sources",Ivan Cespedes,,
"on authority, unranked by all sources",Javier Chacon,,
"on authority, unranked by all sources",Brady Choban,,
"on authority, unranked by all sources",Jose Cisnero,,
"on authority, unranked by all sources",KK Clark,,
"on authority, unranked by all sources",Kashon Conliffe,,
"on authority, unranked by all sources",Riley Cooper,,
"on authority, unranked by all sources",Jose Cordoba,,
"on authority, unranked by all sources",Jamdrick Cornelia,,
"on authority, unranked by all sources",Enmanuel Corniel,,
"on authority, unranked by all sources",Harold Cortijo,,
"on authority, unranked by all sources",Gabriel Cotto,,
"on authority, unranked by all sources",Trendon Craig,,
"on authority, unranked by all sources",Dylan Crooks,,
"on authority, unranked by all sources",Aleiman Cruz,,
"on authority, unranked by all sources",Steven Cruz,,
"on authority, unranked by all sources",Luis Cuevas,,
"on authority, unranked by all sources",Jack Cushing,,
"on authority, unranked by all sources",Tyler Danish,,
"on authority, unranked by all sources",Kyle Datres,,
"on authority, unranked by all sources",Austin Davis,,
"on authority, unranked by all sources",Dalton Davis,,
"on authority, unranked by all sources",Caden Dawson,,
"on authority, unranked by all sources",Joshua Day,,
"on authority, unranked by all sources",Alex De Goti,,
"on authority, unranked by all sources",Angel De Jesus,,
"on authority, unranked by all sources",Alejandro De La Cruz,,
"on authority, unranked by all sources",Daneurys De La Cruz,,
"on authority, unranked by all sources",Raimundo De Los Santos,,
"on authority, unranked by all sources",Sebastian De Los Santos,,
"on authority, unranked by all sources",Jaycob Deese,,
"on authority, unranked by all sources",Angel Del Rosario,,
"on authority, unranked by all sources",Joe Delossantos,,
"on authority, unranked by all sources",Austin Deming,,
"on authority, unranked by all sources",Theo Denlinger,,
"on authority, unranked by all sources",Blayberg Diaz,,
"on authority, unranked by all sources",Franyel Diaz,,
"on authority, unranked by all sources",Miguel Diaz,,
"on authority, unranked by all sources",Oniel Diaz,,
"on authority, unranked by all sources",Carlos Done,,
"on authority, unranked by all sources",Dylan Driessen,,
"on authority, unranked by all sources",Jorge Drullard,,
"on authority, unranked by all sources",Steven Duran,,
"on authority, unranked by all sources",Derrick Edington,,
"on authority, unranked by all sources",Jimmy Endersby,,
"on authority, unranked by all sources",Luis Espinoza,,
"on authority, unranked by all sources",Victor Espiritu,,
"on authority, unranked by all sources",Andy Fabian,,
"on authority, unranked by all sources",German Fajardo,,
"on authority, unranked by all sources",Connor Fenlong,,
"on authority, unranked by all sources",Jesus Fernandez,,
"on authority, unranked by all sources",Malvin Fernandez,,
"on authority, unranked by all sources",William Fleming,,
"on authority, unranked by all sources",Diego Flores,,
"on authority, unranked by all sources",Jesus Flores,,
"on authority, unranked by all sources",Dalton Fowler,,
"on authority, unranked by all sources",Hayden Frank,,
"on authority, unranked by all sources",Jesus Freitez,,
"on authority, unranked by all sources",Madinson Frias,,
"on authority, unranked by all sources",Hayden Friese,,
"on authority, unranked by all sources",Matt Frisbee,,
"on authority, unranked by all sources",Daniel Gaitor,,
"on authority, unranked by all sources",Alonso Gallegos,,
"on authority, unranked by all sources",Alex Galvan,,
"on authority, unranked by all sources",Raul Garayzar,,
"on authority, unranked by all sources",Carlos Garces,,
"on authority, unranked by all sources",Travis Garnett,,
"on authority, unranked by all sources",Evan Gates,,
"on authority, unranked by all sources",Jake Gatewood,,
"on authority, unranked by all sources",Connor Gatwood,,
"on authority, unranked by all sources",Grant Gavin,,
"on authority, unranked by all sources",Jose Geraldo,,
"on authority, unranked by all sources",Luis German,,
"on authority, unranked by all sources",Josh Gibbs,,
"on authority, unranked by all sources",Santiago Gil,,
"on authority, unranked by all sources",Matt Givin,,
"on authority, unranked by all sources",Raudy Gomez,,
"on authority, unranked by all sources",Santiago Gomez,,
"on authority, unranked by all sources",Alvaro Gonzalez,,
"on authority, unranked by all sources",Anferni Gonzalez,,
"on authority, unranked by all sources",Diego Gonzalez,,
"on authority, unranked by all sources",Fernando Gonzalez,,
"on authority, unranked by all sources",Ricardo Gonzalez,,
"on authority, unranked by all sources",Gunner Gouldsmith,,
"on authority, unranked by all sources",Regi Grace,,
"on authority, unranked by all sources",Landon Green,,
"on authority, unranked by all sources",Jeison Guzman,,
"on authority, unranked by all sources",Ricardo Guzman,,
"on authority, unranked by all sources",Kevin Hacen,,
"on authority, unranked by all sources",Shinnosuke Hada,,
"on authority, unranked by all sources",Jim Haley,,
"on authority, unranked by all sources",Jake Hanley,,
"on authority, unranked by all sources",Dylan Heid,,
"on authority, unranked by all sources",Clay Helvey,,
"on authority, unranked by all sources",Josh Hendrickson,,
"on authority, unranked by all sources",Lincoln Henzman,,
"on authority, unranked by all sources",Sean Heppner,,
"on authority, unranked by all sources",Adrian Heredia,,
"on authority, unranked by all sources",Alex Hernandez,,
"on authority, unranked by all sources",Diomedes Hernandez,,
"on authority, unranked by all sources",Evelio Hernandez,,
"on authority, unranked by all sources",Angel Herrera,,
"on authority, unranked by all sources",Eduardo Herrera,,
"on authority, unranked by all sources",Brady Hill,,
"on authority, unranked by all sources",Juan Hillman,,
"on authority, unranked by all sources",Korey Holland,,
"on authority, unranked by all sources",Jo-Hsi Hsu,,
"on authority, unranked by all sources",Cristian Jauregui,,
"on authority, unranked by all sources",Yanki Jean-Baptiste,,
"on authority, unranked by all sources",Jake Jekielek,,
"on authority, unranked by all sources",Wil Jensen,,
"on authority, unranked by all sources",Justin Johnson,,
"on authority, unranked by all sources",MD Johnson,,
"on authority, unranked by all sources",Jackson Kelley,,
"on authority, unranked by all sources",Ju Won Kim,,
"on authority, unranked by all sources",Seo Hyeon Kim,,
"on authority, unranked by all sources",Kotaro Kiyomiya,,
"on authority, unranked by all sources",Hunter Kublick,,
"on authority, unranked by all sources",Cash Kuiper,,
"on authority, unranked by all sources",Trevor Kuncl,,
"on authority, unranked by all sources",Frandy Lafond,,
"on authority, unranked by all sources",Rafael Lasorsa,,
"on authority, unranked by all sources",Aaron Leasher,,
"on authority, unranked by all sources",Pedro Lemos,,
"on authority, unranked by all sources",Josh Lester,,
"on authority, unranked by all sources",Adam Leverett,,
"on authority, unranked by all sources",Valentin Linarez,,
"on authority, unranked by all sources",Carlos Linárez,,
"on authority, unranked by all sources",Hector Liriano,,
"on authority, unranked by all sources",Justin Loer,,
"on authority, unranked by all sources",Aneury Lora,,
"on authority, unranked by all sources",Ismael Luciano,,
"on authority, unranked by all sources",Drew Lugbauer,,
"on authority, unranked by all sources",Erick Lugo,,
"on authority, unranked by all sources",Jesus Lugo,,
"on authority, unranked by all sources",Reese Lumpkin,,
"on authority, unranked by all sources",Jorge Luna,,
"on authority, unranked by all sources",Diago Machado,,
"on authority, unranked by all sources",Zack Mack,,
"on authority, unranked by all sources",Ryan Magdic,,
"on authority, unranked by all sources",Carlos Marcano,,
"on authority, unranked by all sources",Orlando Marcelin,,
"on authority, unranked by all sources",Manuel Marchan,,
"on authority, unranked by all sources",Wendell Marrero,,
"on authority, unranked by all sources",Jason Martin,,
"on authority, unranked by all sources",Rudy Martin,,
"on authority, unranked by all sources",Alexander Martinez,,
"on authority, unranked by all sources",Emmanuel Martinez,,
"on authority, unranked by all sources",Yordani Martinez,,
"on authority, unranked by all sources",Richer Mata,,
"on authority, unranked by all sources",Dylan Mathiesen,,
"on authority, unranked by all sources",Shinya Matsuyama,,
"on authority, unranked by all sources",Ben McCabe,,
"on authority, unranked by all sources",Ryan McCoy,,
"on authority, unranked by all sources",Logan McGuire,,
"on authority, unranked by all sources",Johandi Medina,,
"on authority, unranked by all sources",Juan Medina,,
"on authority, unranked by all sources",Roberto Medina,,
"on authority, unranked by all sources",Enmanuel Mejia,,
"on authority, unranked by all sources",Alvaro Mejias,,
"on authority, unranked by all sources",Luis Mendez,,
"on authority, unranked by all sources",Teofilo Mendez,,
"on authority, unranked by all sources",Edwin Mendoza,,
"on authority, unranked by all sources",Dylan Mercado,,
"on authority, unranked by all sources",LJ Mercurius,,
"on authority, unranked by all sources",Frankeli Mesta,,
"on authority, unranked by all sources",Brian Metoyer,,
"on authority, unranked by all sources",Jose Meza,,
"on authority, unranked by all sources",Justin Militello,,
"on authority, unranked by all sources",Ryan Minckler,,
"on authority, unranked by all sources",Daniel Missaki,,
"on authority, unranked by all sources",Tommy Molsky,,
"on authority, unranked by all sources",Omar Montano,,
"on authority, unranked by all sources",Neurelin Montero,,
"on authority, unranked by all sources",Torin Montgomery,,
"on authority, unranked by all sources",Moises Morales,,
"on authority, unranked by all sources",Jefferson Moran,,
"on authority, unranked by all sources",Alfred Morillo,,
"on authority, unranked by all sources",Jonathan Moya,,
"on authority, unranked by all sources",Josh Moylan,,
"on authority, unranked by all sources",Rui Muneyama,,
"on authority, unranked by all sources",Izeah Muniz,,
"on authority, unranked by all sources",Albert Munoz,,
"on authority, unranked by all sources",Tanner Myatt,,
"on authority, unranked by all sources",Carson Myers,,
"on authority, unranked by all sources",James Naile,,
"on authority, unranked by all sources",Jackson Nicklaus,,
"on authority, unranked by all sources",Peyton Niksch,,
"on authority, unranked by all sources",Dominic Niman,,
"on authority, unranked by all sources",Jaden Noot,,
"on authority, unranked by all sources",Tucker Novotny,,
"on authority, unranked by all sources",Jorge Nunez,,
"on authority, unranked by all sources",Pedro Nunez,,
"on authority, unranked by all sources",Brian O'Keefe,,
"on authority, unranked by all sources",Carlos Ochoa,,
"on authority, unranked by all sources",Michell Ojeda,,
"on authority, unranked by all sources",Mat Olsen,,
"on authority, unranked by all sources",Bryant Olson,,
"on authority, unranked by all sources",Mason Olson,,
"on authority, unranked by all sources",Erny Orellana,,
"on authority, unranked by all sources",Andres Ortiz,,
"on authority, unranked by all sources",Azaeel Pacheco,,
"on authority, unranked by all sources",Trey Paige,,
"on authority, unranked by all sources",Brandon Parker,,
"on authority, unranked by all sources",Nic Partridge,,
"on authority, unranked by all sources",Samuel Pateti,,
"on authority, unranked by all sources",Jeison Payano,,
"on authority, unranked by all sources",Shaddon Peavyhouse,,
"on authority, unranked by all sources",Mason Pelio,,
"on authority, unranked by all sources",David Pena,,
"on authority, unranked by all sources",Jose Peraza,,
"on authority, unranked by all sources",Josh Perez,,
"on authority, unranked by all sources",Manuel Perez,,
"on authority, unranked by all sources",Roberto Perez,,
"on authority, unranked by all sources",Yeri Perez,,
"on authority, unranked by all sources",Carlton Perkins,,
"on authority, unranked by all sources",Connery Peters,,
"on authority, unranked by all sources",Jackson Phipps,,
"on authority, unranked by all sources",Kervin Pichardo,,
"on authority, unranked by all sources",Yostin Pinales,,
"on authority, unranked by all sources",Yander Pinero,,
"on authority, unranked by all sources",Broedy Poppell,,
"on authority, unranked by all sources",Sandy Presbot,,
"on authority, unranked by all sources",William Privette,,
"on authority, unranked by all sources",Owen Puk,,
"on authority, unranked by all sources",Luis Quesada,,
"on authority, unranked by all sources",Braden Quinn,,
"on authority, unranked by all sources",Marlon Quintana,,
"on authority, unranked by all sources",Enmanuel Ramirez,,
"on authority, unranked by all sources",Josias Ramirez,,
"on authority, unranked by all sources",Jose Ramos,,
"on authority, unranked by all sources",Raylin Ramos,,
"on authority, unranked by all sources",Nick Raposo,,
"on authority, unranked by all sources",Tyler Ras,,
"on authority, unranked by all sources",Rangel Ravelo,,
"on authority, unranked by all sources",Livan Reinoso,,
"on authority, unranked by all sources",Peson Revierre,,
"on authority, unranked by all sources",Christofer Reyes,,
"on authority, unranked by all sources",Jan Luis Reyes,,
"on authority, unranked by all sources",Jake Rice,,
"on authority, unranked by all sources",Riangelo Richardson,,
"on authority, unranked by all sources",Jesus Rios,,
"on authority, unranked by all sources",Erik Ritchie,,
"on authority, unranked by all sources",Angel Rivera,,
"on authority, unranked by all sources",Eliezer Rivero,,
"on authority, unranked by all sources",Jonathan Rivero,,
"on authority, unranked by all sources",Roy Rivero,,
"on authority, unranked by all sources",Robert Robertis,,
"on authority, unranked by all sources",Tyler Robertson,,
"on authority, unranked by all sources",Adrian Rodriguez,,
"on authority, unranked by all sources",Andy Rodriguez,,
"on authority, unranked by all sources",Cristhian Rodriguez,,
"on authority, unranked by all sources",Johnathan Rogers,,
"on authority, unranked by all sources",Shnaider Rojas,,
"on authority, unranked by all sources",Ricardo Roman,,
"on authority, unranked by all sources",Kiko Romero,,
"on authority, unranked by all sources",Noelberth Romero,,
"on authority, unranked by all sources",Kelvin Rosario,,
"on authority, unranked by all sources",Jackson Ross,,
"on authority, unranked by all sources",Aaron Rozek,,
"on authority, unranked by all sources",Harrison Ruiz,,
"on authority, unranked by all sources",Poncho Ruiz,,
"on authority, unranked by all sources",Lexer Saduy,,
"on authority, unranked by all sources",Andruw Salcedo,,
"on authority, unranked by all sources",AJ Salgado,,
"on authority, unranked by all sources",Carlos Salmeron,,
"on authority, unranked by all sources",Mariano Salomon,,
"on authority, unranked by all sources",Bryan Sanchez,,
"on authority, unranked by all sources",Franklin Sanchez,,
"on authority, unranked by all sources",Heison Sanchez,,
"on authority, unranked by all sources",J.J. Sanchez,,
"on authority, unranked by all sources",Julius Sanchez,,
"on authority, unranked by all sources",Donny Sands,,
"on authority, unranked by all sources",Jancel Santana,,
"on authority, unranked by all sources",Kevin Santana,,
"on authority, unranked by all sources",Victor Santos,,
"on authority, unranked by all sources",Kelena Sauer,,
"on authority, unranked by all sources",Eli Saul,,
"on authority, unranked by all sources",Ryan Schiefer,,
"on authority, unranked by all sources",T.J. Schofield-Sam,,
"on authority, unranked by all sources",Austin Schulfer,,
"on authority, unranked by all sources",Kyle Scott,,
"on authority, unranked by all sources",Matt Seelinger,,
"on authority, unranked by all sources",Jose Serrano,,
"on authority, unranked by all sources",Carlos Severino,,
"on authority, unranked by all sources",Noah Sheffield,,
"on authority, unranked by all sources",Jake Shelagowski,,
"on authority, unranked by all sources",Rouselle Shepard,,
"on authority, unranked by all sources",Carter Shouse,,
"on authority, unranked by all sources",Givian Sirvania,,
"on authority, unranked by all sources",Noah Skirrow,,
"on authority, unranked by all sources",Ryan Slater,,
"on authority, unranked by all sources",Jackson Smeltz,,
"on authority, unranked by all sources",Darien Smith,,
"on authority, unranked by all sources",Michael Snyder,,
"on authority, unranked by all sources",Jack Sokol,,
"on authority, unranked by all sources",Hunter Stanley,,
"on authority, unranked by all sources",Gabe Starks,,
"on authority, unranked by all sources",Jake Steels,,
"on authority, unranked by all sources",Andrew Stevenson,,
"on authority, unranked by all sources",Travis Sthele,,
"on authority, unranked by all sources",Cole Stokes,,
"on authority, unranked by all sources",Adam Stone,,
"on authority, unranked by all sources",Hunter Stovall,,
"on authority, unranked by all sources",Samuel Strickland,,
"on authority, unranked by all sources",Jeicol Surumay,,
"on authority, unranked by all sources",Romer Taveras,,
"on authority, unranked by all sources",Angel Tejada,,
"on authority, unranked by all sources",Efren Teran,,
"on authority, unranked by all sources",Frank Thomas III,,
"on authority, unranked by all sources",Evan Thompson,,
"on authority, unranked by all sources",Humberto Tiberi,,
"on authority, unranked by all sources",Heitor Tokar,,
"on authority, unranked by all sources",Jeral Toledo,,
"on authority, unranked by all sources",Gavin Tonkel,,
"on authority, unranked by all sources",Noe Toribio,,
"on authority, unranked by all sources",Erich Tovar,,
"on authority, unranked by all sources",Michael Trausch,,
"on authority, unranked by all sources",Derek True,,
"on authority, unranked by all sources",Jyun Yue Tseng,,
"on authority, unranked by all sources",Trent Turzenski,,
"on authority, unranked by all sources",Giomar Ubiera,,
"on authority, unranked by all sources",Francisco Urbaez,,
"on authority, unranked by all sources",Ryan Ure,,
"on authority, unranked by all sources",Antoni Urena,,
"on authority, unranked by all sources",Giovanni Vargas,,
"on authority, unranked by all sources",Andre Vasquez,,
"on authority, unranked by all sources",Alfredo Velasquez,,
"on authority, unranked by all sources",Antonio Velez,,
"on authority, unranked by all sources",Tommy Ventimiglia,,
"on authority, unranked by all sources",Yoandys Veraza,,
"on authority, unranked by all sources",Cam Vieaux,,
"on authority, unranked by all sources",Chris Villaman,,
"on authority, unranked by all sources",Mason Vinyard,,
"on authority, unranked by all sources",Nico Wagner,,
"on authority, unranked by all sources",Jean Walters,,
"on authority, unranked by all sources",Kevin Warunek,,
"on authority, unranked by all sources",Kevin Watson,,
"on authority, unranked by all sources",Matthew Watson,,
"on authority, unranked by all sources",Zack Weiss,,
"on authority, unranked by all sources",Lachlan Wells,,
"on authority, unranked by all sources",Kyle Whitten,,
"on authority, unranked by all sources",Jarret Whorff,,
"on authority, unranked by all sources",Tejahari Wilson,,
"on authority, unranked by all sources",Justin Yeager,,
"on authority, unranked by all sources",R.J. Yeager,,
"on authority, unranked by all sources",Kenyon Yovan,,
"on authority, unranked by all sources",Mario Zabala,,
"on authority, unranked by all sources",Charlie Zink,,
"on authority, unranked by all sources",Jose Adames,,
"on authority, unranked by all sources",Erlin Aguero,,
"on authority, unranked by all sources",Tayler Aguilar,,
"on authority, unranked by all sources",Lou Albrecht,,
"on authority, unranked by all sources",Damian Alcala,,
"on authority, unranked by all sources",Eudry Alcantara,,
"on authority, unranked by all sources",Ismael Alcantara,,
"on authority, unranked by all sources",Frailin Alejo,,
"on authority, unranked by all sources",Cam Alldred,,
"on authority, unranked by all sources",Jay Allmer,,
"on authority, unranked by all sources",Kuhio Aloy,,
"on authority, unranked by all sources",Ryan Anderson,,
"on authority, unranked by all sources",EJ Andrews,,
"on authority, unranked by all sources",Luis Andujar,,
"on authority, unranked by all sources",Dayeison Arias,,
"on authority, unranked by all sources",Jordy Arias,,
"on authority, unranked by all sources",Erubiel Armenta,,
"on authority, unranked by all sources",Eldridge Armstrong III,,
"on authority, unranked by all sources",Ivan Armstrong,,
"on authority, unranked by all sources",Erick Arosemena,,
"on authority, unranked by all sources",Cade Austin,,
"on authority, unranked by all sources",Trevor Austin,,
"on authority, unranked by all sources",Carlos Avila,,
"on authority, unranked by all sources",Yelserth Ayala,,
"on authority, unranked by all sources",Karim Ayubi,,
"on authority, unranked by all sources",Carson Bailey,,
"on authority, unranked by all sources",Yorsua Balanta,,
"on authority, unranked by all sources",Dayker Baldallo,,
"on authority, unranked by all sources",Kyle Barraclough,,
"on authority, unranked by all sources",Diego Barrera,,
"on authority, unranked by all sources",Marco Barrios,,
"on authority, unranked by all sources",Beycker Barroso,,
"on authority, unranked by all sources",Justin Barry,,
"on authority, unranked by all sources",Caleb Bartolero,,
"on authority, unranked by all sources",Edgar Basabe,,
"on authority, unranked by all sources",Adam Bates,,
"on authority, unranked by all sources",Danny Bautista,,
"on authority, unranked by all sources",Max Bayles,,
"on authority, unranked by all sources",Jarod Bayless,,
"on authority, unranked by all sources",Austin Becker,,
"on authority, unranked by all sources",Matthew Becker,,
"on authority, unranked by all sources",Adrian Bello,,
"on authority, unranked by all sources",Cade Belyeu,,
"on authority, unranked by all sources",Michael Berglund,,
"on authority, unranked by all sources",Wynton Bernard,,
"on authority, unranked by all sources",Luke Berryhill,,
"on authority, unranked by all sources",Jhostin Betances,,
"on authority, unranked by all sources",Denton Biller,,
"on authority, unranked by all sources",Alec Blair,,
"on authority, unranked by all sources",Hader Blanco,,
"on authority, unranked by all sources",A.J. Block,,
"on authority, unranked by all sources",Miguelangel Boadas,,
"on authority, unranked by all sources",Jake Bockenstedt,,
"on authority, unranked by all sources",Andrew Bolivar,,
"on authority, unranked by all sources",Tim Borden,,
"on authority, unranked by all sources",Tyler Bowen,,
"on authority, unranked by all sources",Greg Bozzo,,
"on authority, unranked by all sources",Spencer Bramwell,,
"on authority, unranked by all sources",Anthwan Brea,,
"on authority, unranked by all sources",Austin Breedlove,,
"on authority, unranked by all sources",Miguel Briceno,,
"on authority, unranked by all sources",Rhett Britt,,
"on authority, unranked by all sources",Ricardo Brizuela,,
"on authority, unranked by all sources",Jesus Broca,,
"on authority, unranked by all sources",Luke Broderick,,
"on authority, unranked by all sources",Archer Brookman,,
"on authority, unranked by all sources",Aaron Brown,,
"on authority, unranked by all sources",Colin Burgess,,
"on authority, unranked by all sources",Deivid Burgos,,
"on authority, unranked by all sources",Alex Bustamante,,
"on authority, unranked by all sources",Myles Caba,,
"on authority, unranked by all sources",Jorge Caballero,,
"on authority, unranked by all sources",Riquelmin Cabral,,
"on authority, unranked by all sources",Jose Cabrera,,
"on authority, unranked by all sources",Luis Caicuto,,
"on authority, unranked by all sources",Fernando Caldera,,
"on authority, unranked by all sources",Yojanser Calzado,,
"on authority, unranked by all sources",Daniel Campos,,
"on authority, unranked by all sources",Gregori Cano,,
"on authority, unranked by all sources",Samuel Capellan,,
"on authority, unranked by all sources",Balian Caraballo,,
"on authority, unranked by all sources",Brandy Caraballo,,
"on authority, unranked by all sources",Heriberto Caraballo,,
"on authority, unranked by all sources",Ryan Cardona,,
"on authority, unranked by all sources",Enmanuel Carela,,
"on authority, unranked by all sources",Leny Carela,,
"on authority, unranked by all sources",Carlos Caripa,,
"on authority, unranked by all sources",Parker Carlson,,
"on authority, unranked by all sources",D.J. Carpenter,,
"on authority, unranked by all sources",Samuel Carpio,,
"on authority, unranked by all sources",Luis Carrasco,,
"on authority, unranked by all sources",Lorenzo Carrier,,
"on authority, unranked by all sources",Xavier Casserilla,,
"on authority, unranked by all sources",Deuri Castillo,,
"on authority, unranked by all sources",Jesus Castro,,
"on authority, unranked by all sources",Kendry Castro,,
"on authority, unranked by all sources",Ricky Castro,,
"on authority, unranked by all sources",Jose Cedeno,,
"on authority, unranked by all sources",Luis Cepeda,,
"on authority, unranked by all sources",Ryan Cepero,,
"on authority, unranked by all sources",Logan Cerny,,
"on authority, unranked by all sources",Luis Cesar,,
"on authority, unranked by all sources",Paul Chacon,,
"on authority, unranked by all sources",Robinson Chacon,,
"on authority, unranked by all sources",Emmanuel Chapman,,
"on authority, unranked by all sources",Connor Charping,,
"on authority, unranked by all sources",Frainner Chirinos,,
"on authority, unranked by all sources",Jancarlos Cintron,,
"on authority, unranked by all sources",Bryce Clavon,,
"on authority, unranked by all sources",Hendrik Clementina,,
"on authority, unranked by all sources",Owen Cobb,,
"on authority, unranked by all sources",Spence Coffman,,
"on authority, unranked by all sources",Deion Cole,,
"on authority, unranked by all sources",Ethan Cole,,
"on authority, unranked by all sources",Jesus Colina,,
"on authority, unranked by all sources",Jeffrey Colon,,
"on authority, unranked by all sources",Anderson Comas,,
"on authority, unranked by all sources",Bryce Conley,,
"on authority, unranked by all sources",Thomas Conrad,,
"on authority, unranked by all sources",Kaleb Corbett,,
"on authority, unranked by all sources",Billy Corcoran,,
"on authority, unranked by all sources",Jimmy Cordero,,
"on authority, unranked by all sources",Alex Cornwell,,
"on authority, unranked by all sources",Eccel Correa,,
"on authority, unranked by all sources",Yanzel Correa,,
"on authority, unranked by all sources",Magdiel Cotto,,
"on authority, unranked by all sources",Chase Cotton,,
"on authority, unranked by all sources",Kyle Crick,,
"on authority, unranked by all sources",Angel Cruz,,
"on authority, unranked by all sources",Fadriel Cruz,,
"on authority, unranked by all sources",Jesus Cruz,,
"on authority, unranked by all sources",Reynardo Cruz,,
"on authority, unranked by all sources",Brad Cumbest,,
"on authority, unranked by all sources",Ace Daigle,,
"on authority, unranked by all sources",Nick Dalesandro,,
"on authority, unranked by all sources",Caleb Daniel,,
"on authority, unranked by all sources",Jackson Dannelley,,
"on authority, unranked by all sources",Jared Davis,,
"on authority, unranked by all sources",Nathaneal Davis,,
"on authority, unranked by all sources",Ernie Day,,
"on authority, unranked by all sources",Manuel De Cesare,,
"on authority, unranked by all sources",Justice De Jong,,
"on authority, unranked by all sources",Alexis De La Cruz,,
"on authority, unranked by all sources",Marlon De La Cruz,,
"on authority, unranked by all sources",Misael De La Cruz,,
"on authority, unranked by all sources",Willmer De La Cruz,,
"on authority, unranked by all sources",David De Los Santos,,
"on authority, unranked by all sources",Omar De Los Santos,,
"on authority, unranked by all sources",Chad Delancey,,
"on authority, unranked by all sources",Jesus Delgado,,
"on authority, unranked by all sources",Parker Detmers,,
"on authority, unranked by all sources",Alexis Dominguez,,
"on authority, unranked by all sources",Liam Doolan,,
"on authority, unranked by all sources",Vinicius Dos Santos,,
"on authority, unranked by all sources",Jhojan Downer,,
"on authority, unranked by all sources",Brandon Dufault,,
"on authority, unranked by all sources",Julian Duran,,
"on authority, unranked by all sources",Jayce Easley,,
"on authority, unranked by all sources",Reid Easterly,,
"on authority, unranked by all sources",Weston Eberly,,
"on authority, unranked by all sources",Hunter Elliott,,
"on authority, unranked by all sources",Austin Emener,,
"on authority, unranked by all sources",Edwin Escobar,,
"on authority, unranked by all sources",Edwardo Espinal,,
"on authority, unranked by all sources",Eiver Espinoza,,
"on authority, unranked by all sources",Donye Evans,,
"on authority, unranked by all sources",Edrick Felix,,
"on authority, unranked by all sources",Ignacio Feliz,,
"on authority, unranked by all sources",Johan Fernandez,,
"on authority, unranked by all sources",Richard Fernandez,,
"on authority, unranked by all sources",Yosmi Fernandez,,
"on authority, unranked by all sources",Leiker Figueroa,,
"on authority, unranked by all sources",Kevin Fitzer,,
"on authority, unranked by all sources",Randy Florentino,,
"on authority, unranked by all sources",Brooks Fowler,,
"on authority, unranked by all sources",Dariel Francia,,
"on authority, unranked by all sources",Estarlin Francisco,,
"on authority, unranked by all sources",Jason Franks,,
"on authority, unranked by all sources",Nick Fraze,,
"on authority, unranked by all sources",Ross Friedrick,,
"on authority, unranked by all sources",Davirik Fuenmayor,,
"on authority, unranked by all sources",Masahiro Fukuda,,
"on authority, unranked by all sources",Emiliano Galan,,
"on authority, unranked by all sources",Ruben Galindo,,
"on authority, unranked by all sources",Gavin Gallaher,,
"on authority, unranked by all sources",Gilbel Galvan,,
"on authority, unranked by all sources",Natanael Garabitos,,
"on authority, unranked by all sources",Carlos Garcia,,
"on authority, unranked by all sources",Keiver Garcia,,
"on authority, unranked by all sources",Domingo Geronimo,,
"on authority, unranked by all sources",Isiah Gilliam,,
"on authority, unranked by all sources",Hayden Gilliland,,
"on authority, unranked by all sources",Ben Gobbel,,
"on authority, unranked by all sources",Antony Gomez,,
"on authority, unranked by all sources",Redinson Gomez,,
"on authority, unranked by all sources",Alex Gonzalez,,
"on authority, unranked by all sources",Angel Gonzalez,,
"on authority, unranked by all sources",Erik Gonzalez,,
"on authority, unranked by all sources",Luis Gonzalez,,
"on authority, unranked by all sources",Rodrigo Gonzalez,,
"on authority, unranked by all sources",Yohandry Gonzalez,,
"on authority, unranked by all sources",Shawn Goosenberg,,
"on authority, unranked by all sources",Evan Gray,,
"on authority, unranked by all sources",Mason Green,,
"on authority, unranked by all sources",Max Green,,
"on authority, unranked by all sources",Robert Gsellman,,
"on authority, unranked by all sources",Fernando Guanare,,
"on authority, unranked by all sources",Anderson Guevara,,
"on authority, unranked by all sources",Gavin Guidry,,
"on authority, unranked by all sources",Xavier Guillen,,
"on authority, unranked by all sources",Mac Guscette,,
"on authority, unranked by all sources",Jean Gutierrez,,
"on authority, unranked by all sources",Adam Hachman,,
"on authority, unranked by all sources",Billy Hamilton,,
"on authority, unranked by all sources",Blake Hammond,,
"on authority, unranked by all sources",Tyler Hampu,,
"on authority, unranked by all sources",Austin Hansen,,
"on authority, unranked by all sources",Josh Harlow,,
"on authority, unranked by all sources",Kalae Harrison,,
"on authority, unranked by all sources",Josh Hatcher,,
"on authority, unranked by all sources",Dakota Hawkins,,
"on authority, unranked by all sources",Hunter Hayes,,
"on authority, unranked by all sources",Wyatt Hendrie,,
"on authority, unranked by all sources",Henry Henry,,
"on authority, unranked by all sources",Ryan Heppner,,
"on authority, unranked by all sources",Nathanael Heredia,,
"on authority, unranked by all sources",Hojans Hernandez,,
"on authority, unranked by all sources",Jakob Hernandez,,
"on authority, unranked by all sources",Kendrick Hernandez,,
"on authority, unranked by all sources",Maikel Hernandez,,
"on authority, unranked by all sources",Adrian Herrera,,
"on authority, unranked by all sources",Herlinton Herrera,,
"on authority, unranked by all sources",Diomar Hidalgo,,
"on authority, unranked by all sources",Ryan Higgins,,
"on authority, unranked by all sources",Jovensly Hilaire,,
"on authority, unranked by all sources",Darius Hill,,
"on authority, unranked by all sources",Jamison Hill,,
"on authority, unranked by all sources",Hunter Hoopes,,
"on authority, unranked by all sources",Maddux Houghton,,
"on authority, unranked by all sources",Gus Hughes,,
"on authority, unranked by all sources",Riely Hunsaker,,
"on authority, unranked by all sources",Jerry Huntzinger,,
"on authority, unranked by all sources",Jun Seo Hwang,,
"on authority, unranked by all sources",Luis Ilarraza,,
"on authority, unranked by all sources",Anthony Imhoff,,
"on authority, unranked by all sources",Isaiah Jackson,,
"on authority, unranked by all sources",Bryce Jenkins,,
"on authority, unranked by all sources",Edgar Jimenez,,
"on authority, unranked by all sources",Linbel Jimenez,,
"on authority, unranked by all sources",Ronaldys Jimenez,,
"on authority, unranked by all sources",Yeuris Jimenez,,
"on authority, unranked by all sources",Kobe Kato,,
"on authority, unranked by all sources",Sebastian Keane,,
"on authority, unranked by all sources",Aidan Keenan,,
"on authority, unranked by all sources",Boston Kellner,,
"on authority, unranked by all sources",Terrence Kiel II,,
"on authority, unranked by all sources",Tanner Kiest,,
"on authority, unranked by all sources",Jayden Kim,,
"on authority, unranked by all sources",Chuck King,,
"on authority, unranked by all sources",Justin King,,
"on authority, unranked by all sources",Zach King,,
"on authority, unranked by all sources",Caleb Knight,,
"on authority, unranked by all sources",Connor Knox,,
"on authority, unranked by all sources",Connor Kokx,,
"on authority, unranked by all sources",Cade Kurland,,
"on authority, unranked by all sources",P.J. Labriola,,
"on authority, unranked by all sources",Jack Lafflam,,
"on authority, unranked by all sources",Travis Lakins Sr.,,
"on authority, unranked by all sources",Garrett Langrell,,
"on authority, unranked by all sources",Robert Lantigua,,
"on authority, unranked by all sources",Armando Lao,,
"on authority, unranked by all sources",Johnathan Lavallee,,
"on authority, unranked by all sources",Antawn Leal,,
"on authority, unranked by all sources",David Leal,,
"on authority, unranked by all sources",Erick Leal,,
"on authority, unranked by all sources",Justin Lee,,
"on authority, unranked by all sources",Zack Lee,,
"on authority, unranked by all sources",Klendy Leen,,
"on authority, unranked by all sources",Luis Liberato,,
"on authority, unranked by all sources",Jecsua Liborius,,
"on authority, unranked by all sources",Janderson Linares,,
"on authority, unranked by all sources",Jonathan Linares,,
"on authority, unranked by all sources",Bradley Loftin,,
"on authority, unranked by all sources",Jackson Loftin,,
"on authority, unranked by all sources",Anthony Longo,,
"on authority, unranked by all sources",Gerardo Lopez,,
"on authority, unranked by all sources",Jesus Lopez,,
"on authority, unranked by all sources",John Lopez,,
"on authority, unranked by all sources",Moises Lopez,,
"on authority, unranked by all sources",David Lorduy,,
"on authority, unranked by all sources",Abel Lorenzo,,
"on authority, unranked by all sources",Sandy Luciano,,
"on authority, unranked by all sources",Nick Lucky,,
"on authority, unranked by all sources",Moises Lugo,,
"on authority, unranked by all sources",Yoneiker Lugo,,
"on authority, unranked by all sources",Burke-Lee Mabeus,,
"on authority, unranked by all sources",Anderson Machado,,
"on authority, unranked by all sources",Solomon Maguire,,
"on authority, unranked by all sources",Chance Mako,,
"on authority, unranked by all sources",Alexander Mambel,,
"on authority, unranked by all sources",Joey Mancini,,
"on authority, unranked by all sources",Mikell Manzano,,
"on authority, unranked by all sources",Rafael Marcano,,
"on authority, unranked by all sources",Jahir Marin,,
"on authority, unranked by all sources",Liosward Marin,,
"on authority, unranked by all sources",Michael Mariot,,
"on authority, unranked by all sources",Jake Marisnick,,
"on authority, unranked by all sources",Gustavo Marquez,,
"on authority, unranked by all sources",Jesus Marquez,,
"on authority, unranked by all sources",Andrew Marrero,,
"on authority, unranked by all sources",David Martin,,
"on authority, unranked by all sources",Alex Martinez,,
"on authority, unranked by all sources",Alfonzo Martinez,,
"on authority, unranked by all sources",Juan Martinez,,
"on authority, unranked by all sources",Rodolfo Martinez,,
"on authority, unranked by all sources",Jason Matthews,,
"on authority, unranked by all sources",Nik McClaughry,,
"on authority, unranked by all sources",Cole McConnell,,
"on authority, unranked by all sources",Drew McDaniel,,
"on authority, unranked by all sources",Micah McDowell,,
"on authority, unranked by all sources",Max McGwire,,
"on authority, unranked by all sources",Tyler McKay,,
"on authority, unranked by all sources",Hunter McMahon,,
"on authority, unranked by all sources",Kyler Meccage,,
"on authority, unranked by all sources",Amilcar Medina,,
"on authority, unranked by all sources",Raimel Medina,,
"on authority, unranked by all sources",Omar Mejia,,
"on authority, unranked by all sources",Manuel Mejias,,
"on authority, unranked by all sources",Oscar Melgarejo,,
"on authority, unranked by all sources",Leandy Mella,,
"on authority, unranked by all sources",Bryan Mena,,
"on authority, unranked by all sources",Walvin Mena,,
"on authority, unranked by all sources",Jesus Mendez,,
"on authority, unranked by all sources",Lenin Mendez,,
"on authority, unranked by all sources",Wady Mendez,,
"on authority, unranked by all sources",Daniel Mengden,,
"on authority, unranked by all sources",Kevin Miranda,,
"on authority, unranked by all sources",Andrew Misiaszek,,
"on authority, unranked by all sources",Juan Monso,,
"on authority, unranked by all sources",Daonil Montero,,
"on authority, unranked by all sources",Juan Montero,,
"on authority, unranked by all sources",Rafi Montesino,,
"on authority, unranked by all sources",Jhonny Morao,,
"on authority, unranked by all sources",Zane Morehouse,,
"on authority, unranked by all sources",Andrew Morones,,
"on authority, unranked by all sources",Hayden Morris,,
"on authority, unranked by all sources",Gary Morse,,
"on authority, unranked by all sources",Deivis Mosquera,,
"on authority, unranked by all sources",Hayden Murphy,,
"on authority, unranked by all sources",Cesar Muzziotti,,
"on authority, unranked by all sources",Cristopher Navarro,,
"on authority, unranked by all sources",Mitch Neunborn,,
"on authority, unranked by all sources",Haruki Nishikawa,,
"on authority, unranked by all sources",Maika Niu,,
"on authority, unranked by all sources",Andres Nolaya,,
"on authority, unranked by all sources",Jackson Nove,,
"on authority, unranked by all sources",Juan Nunez,,
"on authority, unranked by all sources",Zeus Nunez,,
"on authority, unranked by all sources",Tommy O'Rourke,,
"on authority, unranked by all sources",Jhonger Ochoa,,
"on authority, unranked by all sources",Shawndrick Oduber,,
"on authority, unranked by all sources",Steven Ondina,,
"on authority, unranked by all sources",Edgardo Ordonez,,
"on authority, unranked by all sources",German Ortiz,,
"on authority, unranked by all sources",Orlando Ortiz-Mayr,,
"on authority, unranked by all sources",Ryan Osinski,,
"on authority, unranked by all sources",Isaac Osorio,,
"on authority, unranked by all sources",Erik Ostberg,,
"on authority, unranked by all sources",Taisei Ota,,
"on authority, unranked by all sources",Peniel Otano,,
"on authority, unranked by all sources",Daniel Ouderkirk,,
"on authority, unranked by all sources",Adolfo Oviedo,,
"on authority, unranked by all sources",Eduardo Oviedo,,
"on authority, unranked by all sources",Harry Owen,,
"on authority, unranked by all sources",Nathaniel Palacios,,
"on authority, unranked by all sources",Noah Palmese,,
"on authority, unranked by all sources",Erik Parker,,
"on authority, unranked by all sources",David Parkinson,,
"on authority, unranked by all sources",Nixon Parra,,
"on authority, unranked by all sources",Duncan Pastore,,
"on authority, unranked by all sources",Oswaldo Patino,,
"on authority, unranked by all sources",Andrew Patrick,,
"on authority, unranked by all sources",Wilmis Paulino,,
"on authority, unranked by all sources",Nelfri Payano,,
"on authority, unranked by all sources",Limanol Payero,,
"on authority, unranked by all sources",Juanfel Peguero,,
"on authority, unranked by all sources",Emmanuel Pena,,
"on authority, unranked by all sources",Ricardo Pena,,
"on authority, unranked by all sources",Dayne Pengelly,,
"on authority, unranked by all sources",Pedro Peralta,,
"on authority, unranked by all sources",Adonys Perez,,
"on authority, unranked by all sources",Juan Perez,,
"on authority, unranked by all sources",Railin Perez,,
"on authority, unranked by all sources",Jose Peroza,,
"on authority, unranked by all sources",Leonardo Pestana,,
"on authority, unranked by all sources",Mathew Peters,,
"on authority, unranked by all sources",Jorger Petri,,
"on authority, unranked by all sources",Alex Philpott,,
"on authority, unranked by all sources",Carson Pierce,,
"on authority, unranked by all sources",Mauricio Pierre,,
"on authority, unranked by all sources",Luis Pimentel,,
"on authority, unranked by all sources",Yorvi Pirela,,
"on authority, unranked by all sources",C.J. Pittaro,,
"on authority, unranked by all sources",Geovanny Planchart,,
"on authority, unranked by all sources",Nick Podkul,,
"on authority, unranked by all sources",Blaze Pontes,,
"on authority, unranked by all sources",Roilan Portuondo,,
"on authority, unranked by all sources",Abis Prado,,
"on authority, unranked by all sources",Karniel Pratt,,
"on authority, unranked by all sources",Christian Pregent,,
"on authority, unranked by all sources",Blake Purnell,,
"on authority, unranked by all sources",Kenyi Pérez,,
"on authority, unranked by all sources",Junior Quezada,,
"on authority, unranked by all sources",Adrian Quintana,,
"on authority, unranked by all sources",Adolfo Ramirez,,
"on authority, unranked by all sources",Jean Ramirez,,
"on authority, unranked by all sources",Raynier Ramirez,,
"on authority, unranked by all sources",Javier Ramos,,
"on authority, unranked by all sources",Santiago Ramos,,
"on authority, unranked by all sources",Yaisel Ramos,,
"on authority, unranked by all sources",Johnny Ray,,
"on authority, unranked by all sources",Joe Record,,
"on authority, unranked by all sources",Tom Reisinger,,
"on authority, unranked by all sources",Angel Requena,,
"on authority, unranked by all sources",Alan Reyes,,
"on authority, unranked by all sources",Gerardo Reyes,,
"on authority, unranked by all sources",Ripken Reyes,,
"on authority, unranked by all sources",Emanuel Reyna,,
"on authority, unranked by all sources",Elias Reyno,,
"on authority, unranked by all sources",Juan Reynoso,,
"on authority, unranked by all sources",Alonzo Richardson,,
"on authority, unranked by all sources",Leonard Rijo,,
"on authority, unranked by all sources",Alexander Rincon,,
"on authority, unranked by all sources",Alejandro Rios,,
"on authority, unranked by all sources",Laz Rivera,,
"on authority, unranked by all sources",Raudy Rivera,,
"on authority, unranked by all sources",Marwin Rivero,,
"on authority, unranked by all sources",Jean Robles,,
"on authority, unranked by all sources",Sean Roby,,
"on authority, unranked by all sources",Dylan Rock,,
"on authority, unranked by all sources",Angel Rodriguez,,
"on authority, unranked by all sources",Christian Rodriguez,,
"on authority, unranked by all sources",Darwin Rodriguez,,
"on authority, unranked by all sources",David Rodriguez,,
"on authority, unranked by all sources",Dionys Rodriguez,,
"on authority, unranked by all sources",Freddy Rodriguez,,
"on authority, unranked by all sources",Jose Rodriguez,,
"on authority, unranked by all sources",Leyvi Rodriguez,,
"on authority, unranked by all sources",Maikel Rodriguez,,
"on authority, unranked by all sources",Pedro Rodriguez,,
"on authority, unranked by all sources",Wuilliams Rodriguez,,
"on authority, unranked by all sources",Daniel Rojas,,
"on authority, unranked by all sources",Freider Rojas,,
"on authority, unranked by all sources",Nate Rombach,,
"on authority, unranked by all sources",Ivran Romero,,
"on authority, unranked by all sources",Gabriel Rosado,,
"on authority, unranked by all sources",Enyel Rosario,,
"on authority, unranked by all sources",Collin Rothermel,,
"on authority, unranked by all sources",Xavier Ruiz,,
"on authority, unranked by all sources",Yirber Ruiz,,
"on authority, unranked by all sources",Tommy Sacco Jr.,,
"on authority, unranked by all sources",Jhoanjel Saez,,
"on authority, unranked by all sources",Dionmy Salon,,
"on authority, unranked by all sources",Noah Samol,,
"on authority, unranked by all sources",Yehizon Sanchez,,
"on authority, unranked by all sources",Yolmer Sanchez,,
"on authority, unranked by all sources",Yeriel Santos,,
"on authority, unranked by all sources",Boris Sarduy,,
"on authority, unranked by all sources",Joel Sarver,,
"on authority, unranked by all sources",Luke Scherrer,,
"on authority, unranked by all sources",Nick Schwartz,,
"on authority, unranked by all sources",Parker Seay,,
"on authority, unranked by all sources",Gabriel Sequeira,,
"on authority, unranked by all sources",Florencio Serrano,,
"on authority, unranked by all sources",Sterling Sharp,,
"on authority, unranked by all sources",Jake Shirk,,
"on authority, unranked by all sources",Chasen Shreve,,
"on authority, unranked by all sources",Garrett Shull,,
"on authority, unranked by all sources",Magneuris Sierra,,
"on authority, unranked by all sources",Dylan Simmons,,
"on authority, unranked by all sources",Anthony Simonelli,,
"on authority, unranked by all sources",Jack Sinclair,,
"on authority, unranked by all sources",Colby Smelley,,
"on authority, unranked by all sources",Adam Smith,,
"on authority, unranked by all sources",David Smith,,
"on authority, unranked by all sources",Derrick Smith,,
"on authority, unranked by all sources",Josh Smith,,
"on authority, unranked by all sources",Ryan Smith,,
"on authority, unranked by all sources",Justim Sojo,,
"on authority, unranked by all sources",Angel Soriano,,
"on authority, unranked by all sources",Andrews Sosa,,
"on authority, unranked by all sources",Ivan Sosa,,
"on authority, unranked by all sources",Raymond Sosa,,
"on authority, unranked by all sources",Carter Spivey,,
"on authority, unranked by all sources",Teddy Stankiewicz,,
"on authority, unranked by all sources",Kevin Stevens,,
"on authority, unranked by all sources",Owen Stevenson,,
"on authority, unranked by all sources",Will Stewart,,
"on authority, unranked by all sources",Peyton Stumbo,,
"on authority, unranked by all sources",Christian Suarez,,
"on authority, unranked by all sources",Juan Sulbaran,,
"on authority, unranked by all sources",Anderson Suriel,,
"on authority, unranked by all sources",Kevin Tamburini,,
"on authority, unranked by all sources",Haruya Tanaka,,
"on authority, unranked by all sources",Feldi Tavarez,,
"on authority, unranked by all sources",Jonathan Taveras,,
"on authority, unranked by all sources",Leonardo Taveras,,
"on authority, unranked by all sources",Henry Tejada,,
"on authority, unranked by all sources",Ronald Tejada,,
"on authority, unranked by all sources",Nico Tellache,,
"on authority, unranked by all sources",Mikey Tepper,,
"on authority, unranked by all sources",Matthew Tippie,,
"on authority, unranked by all sources",Joe Tiroly,,
"on authority, unranked by all sources",Anders Tolhurst,,
"on authority, unranked by all sources",Anthony Tomczak,,
"on authority, unranked by all sources",Miguel Toscano,,
"on authority, unranked by all sources",Jose Tovar,,
"on authority, unranked by all sources",Wilian Trinidad,,
"on authority, unranked by all sources",Nick Trogrlic-Iverson,,
"on authority, unranked by all sources",Eli Trop,,
"on authority, unranked by all sources",Tevin Tucker,,
"on authority, unranked by all sources",Tanner Tully,,
"on authority, unranked by all sources",Matt Turner,,
"on authority, unranked by all sources",Mitchell Tyranski,,
"on authority, unranked by all sources",Krishan Ulacio,,
"on authority, unranked by all sources",Cooper Underwood,,
"on authority, unranked by all sources",Rayner Urbaez,,
"on authority, unranked by all sources",Manuel Urias,,
"on authority, unranked by all sources",Delni Uribe,,
"on authority, unranked by all sources",Santiago Ustariz,,
"on authority, unranked by all sources",Tommy Vail,,
"on authority, unranked by all sources",Jonawel Valdez,,
"on authority, unranked by all sources",Jefferson Valladares,,
"on authority, unranked by all sources",Alexander Vallecillo,,
"on authority, unranked by all sources",Stijn Van Der Schaaf,,
"on authority, unranked by all sources",Raul Vargas,,
"on authority, unranked by all sources",Brandon Vasquez,,
"on authority, unranked by all sources",Samuel Vasquez,,
"on authority, unranked by all sources",Manuel Veloz,,
"on authority, unranked by all sources",Angel Ventura,,
"on authority, unranked by all sources",Eli Villalobos,,
"on authority, unranked by all sources",Elkyns Villarreal,,
"on authority, unranked by all sources",Kevin Villavicencio,,
"on authority, unranked by all sources",Ian Villers,,
"on authority, unranked by all sources",Jake Walkinshaw,,
"on authority, unranked by all sources",Reece Walling,,
"on authority, unranked by all sources",Nayerich Waterfort,,
"on authority, unranked by all sources",Ty Weatherly,,
"on authority, unranked by all sources",Jared Wegner,,
"on authority, unranked by all sources",J.B. Wendelken,,
"on authority, unranked by all sources",Jacob Wetzel,,
"on authority, unranked by all sources",Brady Whalen,,
"on authority, unranked by all sources",Ethan Wheeler,,
"on authority, unranked by all sources",Jack White,,
"on authority, unranked by all sources",Sam Whiting,,
"on authority, unranked by all sources",Andrew Wiggins,,
"on authority, unranked by all sources",Dawson Willis,,
"on authority, unranked by all sources",Bryce Willits,,
"on authority, unranked by all sources",A.J. Wilson,,
"on authority, unranked by all sources",Ryan Wilson,,
"on authority, unranked by all sources",Owen Woodward,,
"on authority, unranked by all sources",Kai Wynyard,,
"on authority, unranked by all sources",Iori Yamasaki,,
"on authority, unranked by all sources",Rene Yrish,,
"on authority, unranked by all sources",Fabian Ysalla,,
"on authority, unranked by all sources",Cole Zaffiro,,
"on authority, unranked by all sources",T.J. Zeuch,,
"on authority, unranked by all sources",Jhosmmel Zue,,
"on authority, unranked by all sources",Zac Addkison,,
"on authority, unranked by all sources",Yuto Akihiro,,
"on authority, unranked by all sources",Dawil Almonte,,
"on authority, unranked by all sources",Carlos Altuve,,
"on authority, unranked by all sources",Andres Alvarez,,
"on authority, unranked by all sources",Erick Alvarez,,
"on authority, unranked by all sources",Nelson Alvarez,,
"on authority, unranked by all sources",Daniel Amaral,,
"on authority, unranked by all sources",Luis Amoroso,,
"on authority, unranked by all sources",Aidan Anderson,,
"on authority, unranked by all sources",Luke Anderson,,
"on authority, unranked by all sources",Kleyderve Andrade,,
"on authority, unranked by all sources",Axel Andueza,,
"on authority, unranked by all sources",Juan Araujo,,
"on authority, unranked by all sources",Jack Arcamone,,
"on authority, unranked by all sources",Derek Arellan,,
"on authority, unranked by all sources",Angel Arevalo,,
"on authority, unranked by all sources",Anthony Arguelles,,
"on authority, unranked by all sources",Cruzmel Arias,,
"on authority, unranked by all sources",Eligio Arias,,
"on authority, unranked by all sources",Jaime Arias,,
"on authority, unranked by all sources",Yeimison Arias,,
"on authority, unranked by all sources",Zach Arnold,,
"on authority, unranked by all sources",Enderson Asencio,,
"on authority, unranked by all sources",Konnor Ash,,
"on authority, unranked by all sources",Jose Aular,,
"on authority, unranked by all sources",Luis Avila,,
"on authority, unranked by all sources",Katsuki Azuma,,
"on authority, unranked by all sources",Tyler Baca,,
"on authority, unranked by all sources",Andrew Bash,,
"on authority, unranked by all sources",Arfeni Batista,,
"on authority, unranked by all sources",Reminton Batista,,
"on authority, unranked by all sources",Nick Bautista III,,
"on authority, unranked by all sources",Erick Bautista,,
"on authority, unranked by all sources",Jorge Bautista,,
"on authority, unranked by all sources",Kelvin Bautista,,
"on authority, unranked by all sources",Adrian Belen,,
"on authority, unranked by all sources",Marcos Belen,,
"on authority, unranked by all sources",Angel Bello,,
"on authority, unranked by all sources",Luis Beltran,,
"on authority, unranked by all sources",Colton Bender,,
"on authority, unranked by all sources",Logan Berrier,,
"on authority, unranked by all sources",Osvaldo Berrios,,
"on authority, unranked by all sources",Joswal Betancourt,,
"on authority, unranked by all sources",Wilson Betemit Jr.,,
"on authority, unranked by all sources",Dylan Bice,,
"on authority, unranked by all sources",Anderson Bido,,
"on authority, unranked by all sources",Nolan Blackwood,,
"on authority, unranked by all sources",Nathan Blasick,,
"on authority, unranked by all sources",Jake Bold,,
"on authority, unranked by all sources",Trevor Boone,,
"on authority, unranked by all sources",Jacob Bosiokovic,,
"on authority, unranked by all sources",Pier-Olivier Boucher,,
"on authority, unranked by all sources",Kaleb Bowman,,
"on authority, unranked by all sources",Logan Boyer,,
"on authority, unranked by all sources",Michael Boyle,,
"on authority, unranked by all sources",Stevie Branche,,
"on authority, unranked by all sources",Ayendy Bravo,,
"on authority, unranked by all sources",Hunter Breault,,
"on authority, unranked by all sources",Payton Brennan,,
"on authority, unranked by all sources",Hoss Brewer,,
"on authority, unranked by all sources",Michael Brewer,,
"on authority, unranked by all sources",Endrys Briceno,,
"on authority, unranked by all sources",Biembenido Brito,,
"on authority, unranked by all sources",Taylor Broadway,,
"on authority, unranked by all sources",Dawson Brown,,
"on authority, unranked by all sources",Ryan Brown,,
"on authority, unranked by all sources",Daniel Bruzual,,
"on authority, unranked by all sources",Tyler Bryant,,
"on authority, unranked by all sources",Zach Bryant,,
"on authority, unranked by all sources",David Buchanan,,
"on authority, unranked by all sources",Tony Bullard,,
"on authority, unranked by all sources",Grant Burleson,,
"on authority, unranked by all sources",Braden Burress,,
"on authority, unranked by all sources",Max Burt,,
"on authority, unranked by all sources",Alan Busenitz,,
"on authority, unranked by all sources",Omar Bustamante,,
"on authority, unranked by all sources",Connor Butler,,
"on authority, unranked by all sources",Ryan Cabarcas,,
"on authority, unranked by all sources",Johan Cabeza,,
"on authority, unranked by all sources",Jose Caguana,,
"on authority, unranked by all sources",Johan Calcano,,
"on authority, unranked by all sources",Augusto Calderon,,
"on authority, unranked by all sources",Gerson Calzadilla,,
"on authority, unranked by all sources",Angel Camacho,,
"on authority, unranked by all sources",Daniel Camarena,,
"on authority, unranked by all sources",Uilfe Caraballo,,
"on authority, unranked by all sources",Leonardo Carpio,,
"on authority, unranked by all sources",Brad Case,,
"on authority, unranked by all sources",Jiorgeny Casimiri,,
"on authority, unranked by all sources",Juan Castillo,,
"on authority, unranked by all sources",Raymi Castillo,,
"on authority, unranked by all sources",Ruben Castillo,,
"on authority, unranked by all sources",Felix Castro,,
"on authority, unranked by all sources",Sebastian Castro,,
"on authority, unranked by all sources",Neraldo Catalina,,
"on authority, unranked by all sources",Edward Cedano,,
"on authority, unranked by all sources",Keywill Cedeno,,
"on authority, unranked by all sources",Juan Centeno,,
"on authority, unranked by all sources",Geisel Cepeda,,
"on authority, unranked by all sources",Gavin Chakar,,
"on authority, unranked by all sources",Chase Chaney,,
"on authority, unranked by all sources",Ryan Chasse,,
"on authority, unranked by all sources",Yoelvin Chirino,,
"on authority, unranked by all sources",Jordany Chirinos,,
"on authority, unranked by all sources",Nixon Chirinos,,
"on authority, unranked by all sources",Ian Churchill,,
"on authority, unranked by all sources",AJ Ciscar,,
"on authority, unranked by all sources",Logun Clark,,
"on authority, unranked by all sources",Nick Clarno,,
"on authority, unranked by all sources",Nolan Clenney,,
"on authority, unranked by all sources",Franny Cobos,,
"on authority, unranked by all sources",Chase Cohen,,
"on authority, unranked by all sources",Parker Coil,,
"on authority, unranked by all sources",Greider Colina,,
"on authority, unranked by all sources",Lazaro Collera,,
"on authority, unranked by all sources",Brendan Collins,,
"on authority, unranked by all sources",Bryce Collins,,
"on authority, unranked by all sources",Jack Collins,,
"on authority, unranked by all sources",Ty Collins,,
"on authority, unranked by all sources",Ilmerson Colon,,
"on authority, unranked by all sources",Juan Colorado,,
"on authority, unranked by all sources",Justin Connell,,
"on authority, unranked by all sources",Jonah Conradt,,
"on authority, unranked by all sources",Bjay Cooke,,
"on authority, unranked by all sources",Albert Cordero,,
"on authority, unranked by all sources",Danis Correa,,
"on authority, unranked by all sources",Jesus Correa,,
"on authority, unranked by all sources",Chase Costello,,
"on authority, unranked by all sources",Marty Costes,,
"on authority, unranked by all sources",Cameron Cotter,,
"on authority, unranked by all sources",Wyatt Crenshaw,,
"on authority, unranked by all sources",Anthony Crespo,,
"on authority, unranked by all sources",Ricardo Crespo,,
"on authority, unranked by all sources",Will Cresswell,,
"on authority, unranked by all sources",Narciso Crook,,
"on authority, unranked by all sources",Angel Cruz,,
"on authority, unranked by all sources",Luis Cruz,,
"on authority, unranked by all sources",Rey Cruz,,
"on authority, unranked by all sources",Candido Cuevas,,
"on authority, unranked by all sources",Connor Curlis,,
"on authority, unranked by all sources",AJ Curry,,
"on authority, unranked by all sources",Jake Curtis,,
"on authority, unranked by all sources",Blake Cyr,,
"on authority, unranked by all sources",T.J. Czyz,,
"on authority, unranked by all sources",Jarryd Dale,,
"on authority, unranked by all sources",Garrett Davila,,
"on authority, unranked by all sources",Tyler Davis,,
"on authority, unranked by all sources",Jose De La Cruz,,
"on authority, unranked by all sources",Jose De La Cruz,,
"on authority, unranked by all sources",Luis De La Cruz,,
"on authority, unranked by all sources",Franklin De La Paz,,
"on authority, unranked by all sources",Jose De La Rosa,,
"on authority, unranked by all sources",Manuel De La Rosa,,
"on authority, unranked by all sources",Moises De La Rosa,,
"on authority, unranked by all sources",Adrian De Leon,,
"on authority, unranked by all sources",Meylin De Leon,,
"on authority, unranked by all sources",Juan De Los Santos,,
"on authority, unranked by all sources",Raudy De Los Santos,,
"on authority, unranked by all sources",Carlos De Sousa,,
"on authority, unranked by all sources",Jacob DeLabio,,
"on authority, unranked by all sources",Delino DeShields,,
"on authority, unranked by all sources",Fineas Del Bonta-Smith,,
"on authority, unranked by all sources",Ismael Del Rosario,,
"on authority, unranked by all sources",Richel Del Rosario,,
"on authority, unranked by all sources",Adrian Delgado,,
"on authority, unranked by all sources",Jordan DiValerio,,
"on authority, unranked by all sources",Edwin Diaz,,
"on authority, unranked by all sources",Jhiancarlos Diaz,,
"on authority, unranked by all sources",Joseph Diaz,,
"on authority, unranked by all sources",Reudis Diaz,,
"on authority, unranked by all sources",Victor Diaz,,
"on authority, unranked by all sources",Yidel Diaz,,
"on authority, unranked by all sources",Yoljeldriz Diaz,,
"on authority, unranked by all sources",Sayer Diederich,,
"on authority, unranked by all sources",Tyler Dietz,,
"on authority, unranked by all sources",Wilmer Difo,,
"on authority, unranked by all sources",Trey Dillard,,
"on authority, unranked by all sources",Isaias Dipre,,
"on authority, unranked by all sources",Brenden Dixon,,
"on authority, unranked by all sources",Hunter Dobbins,,
"on authority, unranked by all sources",Diego Dominguez,,
"on authority, unranked by all sources",Eric Dominguez,,
"on authority, unranked by all sources",Johan Dominguez,,
"on authority, unranked by all sources",Manuel Dos Passos,,
"on authority, unranked by all sources",Christian Doty,,
"on authority, unranked by all sources",Kevin Dowdell,,
"on authority, unranked by all sources",Athanael Duarte,,
"on authority, unranked by all sources",Damon Dues,,
"on authority, unranked by all sources",Alessandro Duran,,
"on authority, unranked by all sources",Juan Duran,,
"on authority, unranked by all sources",Bryce Eblin,,
"on authority, unranked by all sources",Matthew Ellis,,
"on authority, unranked by all sources",Kale Emshoff,,
"on authority, unranked by all sources",Scott Engler,,
"on authority, unranked by all sources",Haden Erbe,,
"on authority, unranked by all sources",Yhoan Escalona,,
"on authority, unranked by all sources",Samuel Escudero,,
"on authority, unranked by all sources",Cesar Espinal,,
"on authority, unranked by all sources",Christopher Espinola,,
"on authority, unranked by all sources",Luke Esquivel,,
"on authority, unranked by all sources",Claudio Estelie,,
"on authority, unranked by all sources",Samuel Estevez,,
"on authority, unranked by all sources",Phillip Evans,,
"on authority, unranked by all sources",Deric Fabian,,
"on authority, unranked by all sources",Samuel Fabian,,
"on authority, unranked by all sources",Christian Fagnant,,
"on authority, unranked by all sources",Nick Falter,,
"on authority, unranked by all sources",Nomar Fana,,
"on authority, unranked by all sources",Ryne Farber,,
"on authority, unranked by all sources",Sawyer Farr,,
"on authority, unranked by all sources",Moises Febrillet,,
"on authority, unranked by all sources",Diego Felix,,
"on authority, unranked by all sources",Jomar Fernandez,,
"on authority, unranked by all sources",Jose Fernandez,,
"on authority, unranked by all sources",Juan Fernandez,,
"on authority, unranked by all sources",Colin Fields,,
"on authority, unranked by all sources",Claudio Finol,,
"on authority, unranked by all sources",Colin Fisher,,
"on authority, unranked by all sources",Jason Flores,,
"on authority, unranked by all sources",Grant Ford,,
"on authority, unranked by all sources",Michael Fowler,,
"on authority, unranked by all sources",Juan Frances,,
"on authority, unranked by all sources",Carlos Franco,,
"on authority, unranked by all sources",Arij Fransen,,
"on authority, unranked by all sources",Dominic Freeberger,,
"on authority, unranked by all sources",Anderson French,,
"on authority, unranked by all sources",Wander Frias,,
"on authority, unranked by all sources",Colby Frieda,,
"on authority, unranked by all sources",Paul Fry,,
"on authority, unranked by all sources",Johandry Fuente,,
"on authority, unranked by all sources",Josh Fuentes,,
"on authority, unranked by all sources",Yadimir Fuentes,,
"on authority, unranked by all sources",Luke Gaffney,,
"on authority, unranked by all sources",Ray Gaither,,
"on authority, unranked by all sources",Jovi Galvez,,
"on authority, unranked by all sources",John Gant,,
"on authority, unranked by all sources",Carter Garate,,
"on authority, unranked by all sources",Roel Garcia III,,
"on authority, unranked by all sources",Hector Garcia Jr.,,
"on authority, unranked by all sources",Adrian Garcia,,
"on authority, unranked by all sources",Anderson Garcia,,
"on authority, unranked by all sources",Benito Garcia,,
"on authority, unranked by all sources",Cristian Garcia,,
"on authority, unranked by all sources",Francisco Garcia,,
"on authority, unranked by all sources",Yassel Garcia,,
"on authority, unranked by all sources",Tristan Garnett,,
"on authority, unranked by all sources",Drew Garrett,,
"on authority, unranked by all sources",Jordan Geber,,
"on authority, unranked by all sources",Jose Godoy,,
"on authority, unranked by all sources",Cesar Gomez,,
"on authority, unranked by all sources",Jacob Gomez,,
"on authority, unranked by all sources",Jose Gomez,,
"on authority, unranked by all sources",Luis Gomez,,
"on authority, unranked by all sources",Miguel Gomez,,
"on authority, unranked by all sources",Danny Gonzalez,,
"on authority, unranked by all sources",Diego Gonzalez,,
"on authority, unranked by all sources",Howard Gonzalez,,
"on authority, unranked by all sources",Javier Gonzalez,,
"on authority, unranked by all sources",Joangel Gonzalez,,
"on authority, unranked by all sources",Juan Gonzalez,,
"on authority, unranked by all sources",Luis Gonzalez,,
"on authority, unranked by all sources",Robert Gonzalez,,
"on authority, unranked by all sources",Yoendris Gonzalez,,
"on authority, unranked by all sources",Christian Gordon,,
"on authority, unranked by all sources",Aaron Graeber,,
"on authority, unranked by all sources",Kevin Graham,,
"on authority, unranked by all sources",Donte Grant,,
"on authority, unranked by all sources",Tanner Gresham,,
"on authority, unranked by all sources",Rob Griswold,,
"on authority, unranked by all sources",Xiomer Guacache,,
"on authority, unranked by all sources",Jeiker Gudino,,
"on authority, unranked by all sources",Albert Gutierrez,,
"on authority, unranked by all sources",Gerardo Gutierrez,,
"on authority, unranked by all sources",Joan Gutierrez,,
"on authority, unranked by all sources",Luis Gutierrez,,
"on authority, unranked by all sources",Carlos Gutiérrez,,
"on authority, unranked by all sources",Cade Halemanu,,
"on authority, unranked by all sources",Mike Hallquist,,
"on authority, unranked by all sources",Xander Hamilton,,
"on authority, unranked by all sources",Ethan Hammerberg,,
"on authority, unranked by all sources",Brendan Hardy,,
"on authority, unranked by all sources",Theo Hardy,,
"on authority, unranked by all sources",Alex Harrington,,
"on authority, unranked by all sources",Luke Heefner,,
"on authority, unranked by all sources",Brayden Heidel,,
"on authority, unranked by all sources",Lou Helmig,,
"on authority, unranked by all sources",Juan Henriquez,,
"on authority, unranked by all sources",Spencer Henson,,
"on authority, unranked by all sources",Christian Herberholz,,
"on authority, unranked by all sources",Allan Hernandez,,
"on authority, unranked by all sources",Diego Hernandez,,
"on authority, unranked by all sources",Edinson Hernandez,,
"on authority, unranked by all sources",Jommy Hernandez,,
"on authority, unranked by all sources",Luigi Hernandez,,
"on authority, unranked by all sources",Kyle Hess,,
"on authority, unranked by all sources",Stone Hewlett,,
"on authority, unranked by all sources",Matt Higgins,,
"on authority, unranked by all sources",Ross Highfill,,
"on authority, unranked by all sources",C.J. Hinojosa,,
"on authority, unranked by all sources",Caleb Hobson,,
"on authority, unranked by all sources",Trent Hodgdon,,
"on authority, unranked by all sources",Hunter Hodges,,
"on authority, unranked by all sources",Connor Hollis,,
"on authority, unranked by all sources",Peyton Holt,,
"on authority, unranked by all sources",Connor Housley,,
"on authority, unranked by all sources",Stephen Hrustich,,
"on authority, unranked by all sources",Grif Hughes,,
"on authority, unranked by all sources",Zach Humphreys,,
"on authority, unranked by all sources",Drew Hutchison,,
"on authority, unranked by all sources",Braxton Hyde,,
"on authority, unranked by all sources",Eddy Isturiz,,
"on authority, unranked by all sources",Zach Jacobs,,
"on authority, unranked by all sources",Odalvi Javier,,
"on authority, unranked by all sources",Robinson Javier,,
"on authority, unranked by all sources",Yaury Jimenez,,
"on authority, unranked by all sources",Woo-Young Jin,,
"on authority, unranked by all sources",Kyle Johnston,,
"on authority, unranked by all sources",Holt Jones,,
"on authority, unranked by all sources",Nick Jones,,
"on authority, unranked by all sources",Daniel Juarez,,
"on authority, unranked by all sources",Hyeong Jun So,,
"on authority, unranked by all sources",Yoerny Junco,,
"on authority, unranked by all sources",Tommy Kane,,
"on authority, unranked by all sources",Keone Kela,,
"on authority, unranked by all sources",Tyler Kennedy,,
"on authority, unranked by all sources",Min Suk Kim,,
"on authority, unranked by all sources",Will King,,
"on authority, unranked by all sources",William Kirk,,
"on authority, unranked by all sources",Brady Kirtner,,
"on authority, unranked by all sources",Kole Klecker,,
"on authority, unranked by all sources",Gabe Klobosits,,
"on authority, unranked by all sources",Ian Koenig,,
"on authority, unranked by all sources",Taylor Kohlwey,,
"on authority, unranked by all sources",Nick Krauth,,
"on authority, unranked by all sources",Matt Kroon,,
"on authority, unranked by all sources",Robert Kwiatkowski,,
"on authority, unranked by all sources",Tyler LaPorte,,
"on authority, unranked by all sources",A.J. Labas,,
"on authority, unranked by all sources",Nathan Landry,,
"on authority, unranked by all sources",Miles Langhorne,,
"on authority, unranked by all sources",Brandon Langley,,
"on authority, unranked by all sources",Mac Lardner,,
"on authority, unranked by all sources",Colson Lawrence,,
"on authority, unranked by all sources",Jose Ledesma,,
"on authority, unranked by all sources",David Lee,,
"on authority, unranked by all sources",Patrick Lee,,
"on authority, unranked by all sources",Edgar Leon,,
"on authority, unranked by all sources",Luis Leon,,
"on authority, unranked by all sources",Carlos Lequerica,,
"on authority, unranked by all sources",Justin Lewis,,
"on authority, unranked by all sources",David León,,
"on authority, unranked by all sources",Lyle Lin,,
"on authority, unranked by all sources",Yohander Linarez,,
"on authority, unranked by all sources",Jordan Little,,
"on authority, unranked by all sources",Matt Lloyd,,
"on authority, unranked by all sources",Alejandro Loaiza,,
"on authority, unranked by all sources",Drake Logan,,
"on authority, unranked by all sources",Sean Loggie,,
"on authority, unranked by all sources",Jimmy Loper,,
"on authority, unranked by all sources",Carlos Lopez,,
"on authority, unranked by all sources",Chris Lopez,,
"on authority, unranked by all sources",Gabriel Lopez,,
"on authority, unranked by all sources",Jesus Lopez,,
"on authority, unranked by all sources",Josue Lopez,,
"on authority, unranked by all sources",Juan Lopez,,
"on authority, unranked by all sources",Geuri Lubo,,
"on authority, unranked by all sources",Gil Luna Jr.,,
"on authority, unranked by all sources",Mason Lytle,,
"on authority, unranked by all sources",JT Mabry,,
"on authority, unranked by all sources",Austin Machado,,
"on authority, unranked by all sources",Johan Macias,,
"on authority, unranked by all sources",Emannoel Madeira,,
"on authority, unranked by all sources",Ben Madison,,
"on authority, unranked by all sources",Bryce Madron,,
"on authority, unranked by all sources",Cam Magee,,
"on authority, unranked by all sources",Jack Mahoney,,
"on authority, unranked by all sources",Hunter Mann,,
"on authority, unranked by all sources",Anyel Manzueta,,
"on authority, unranked by all sources",Jake Marciano,,
"on authority, unranked by all sources",Alexis Marin,,
"on authority, unranked by all sources",Manny Marin,,
"on authority, unranked by all sources",Easton Marks,,
"on authority, unranked by all sources",Austin Marozas,,
"on authority, unranked by all sources",Noslen Marquez,,
"on authority, unranked by all sources",Victor Marquez,,
"on authority, unranked by all sources",Tatum Marsh,,
"on authority, unranked by all sources",Francis Marte,,
"on authority, unranked by all sources",Emil Martinez,,
"on authority, unranked by all sources",Eric Martinez,,
"on authority, unranked by all sources",Jose Martinez,,
"on authority, unranked by all sources",Raidel Martinez,,
"on authority, unranked by all sources",Yeral Martinez,,
"on authority, unranked by all sources",Daniel Mateo,,
"on authority, unranked by all sources",Jack Mathey,,
"on authority, unranked by all sources",Zac McCleve,,
"on authority, unranked by all sources",Mac McCroskey,,
"on authority, unranked by all sources",Jonny McGill,,
"on authority, unranked by all sources",Aaron McKeithan,,
"on authority, unranked by all sources",Rylan McMahan,,
"on authority, unranked by all sources",Albert Medina,,
"on authority, unranked by all sources",Alver Medina,,
"on authority, unranked by all sources",Dilan Medina,,
"on authority, unranked by all sources",Jhon Medina,,
"on authority, unranked by all sources",Jose Medina,,
"on authority, unranked by all sources",James Meeker,,
"on authority, unranked by all sources",Jose Mejia,,
"on authority, unranked by all sources",Chipper Menard,,
"on authority, unranked by all sources",Bryant Mendez,,
"on authority, unranked by all sources",Jeshua Mendez,,
"on authority, unranked by all sources",Joel Mendez,,
"on authority, unranked by all sources",Jorge Mendez,,
"on authority, unranked by all sources",Wuilberth Mendez,,
"on authority, unranked by all sources",Joseph Menefee,,
"on authority, unranked by all sources",Logan Mercado,,
"on authority, unranked by all sources",Miguel Mesa,,
"on authority, unranked by all sources",Skyler Messinger,,
"on authority, unranked by all sources",John Michael Faile,,
"on authority, unranked by all sources",Garrett Michel,,
"on authority, unranked by all sources",Justin Miknis,,
"on authority, unranked by all sources",Bobby Milacki,,
"on authority, unranked by all sources",Steven Milam,,
"on authority, unranked by all sources",Abrahan Milan,,
"on authority, unranked by all sources",Andrew Miller,,
"on authority, unranked by all sources",Jacob Miller,,
"on authority, unranked by all sources",Tommy Milone,,
"on authority, unranked by all sources",Maykel Minoso,,
"on authority, unranked by all sources",Derrick Mitchell,,
"on authority, unranked by all sources",Jeremy Molero,,
"on authority, unranked by all sources",Miguel Molina,,
"on authority, unranked by all sources",Caden Monke,,
"on authority, unranked by all sources",Angel Montero,,
"on authority, unranked by all sources",Jesus Morales,,
"on authority, unranked by all sources",Luis Morellis,,
"on authority, unranked by all sources",Dariel Morillo,,
"on authority, unranked by all sources",Hueston Morrill,,
"on authority, unranked by all sources",Elias Moscoso,,
"on authority, unranked by all sources",Isaac Moscote,,
"on authority, unranked by all sources",Drew Mount,,
"on authority, unranked by all sources",Jeyson Moya,,
"on authority, unranked by all sources",Chris Muller,,
"on authority, unranked by all sources",Kai Murphy,,
"on authority, unranked by all sources",Mitch Myers,,
"on authority, unranked by all sources",Anderson Nance,,
"on authority, unranked by all sources",Bryce Navarre,,
"on authority, unranked by all sources",Cristian Navarro,,
"on authority, unranked by all sources",Keaton Neal,,
"on authority, unranked by all sources",Ben Newton,,
"on authority, unranked by all sources",Cherif Neymour,,
"on authority, unranked by all sources",Quincy Nieporte,,
"on authority, unranked by all sources",Aaron Nixon,,
"on authority, unranked by all sources",Yordan Nodal,,
"on authority, unranked by all sources",Cameron Nohos,,
"on authority, unranked by all sources",Yohemy Nolasco,,
"on authority, unranked by all sources",Sean Nolin,,
"on authority, unranked by all sources",Kevin Novoa,,
"on authority, unranked by all sources",Daniel Nunez,,
"on authority, unranked by all sources",Darien Nunez,,
"on authority, unranked by all sources",Irvin Nunez,,
"on authority, unranked by all sources",James Nunnallee,,
"on authority, unranked by all sources",Matt O'Neill,,
"on authority, unranked by all sources",Tanner O'Tremba,,
"on authority, unranked by all sources",Shuto Ogata,,
"on authority, unranked by all sources",Ronny Oliver,,
"on authority, unranked by all sources",Kleiber Olmedo,,
"on authority, unranked by all sources",Diego Omana,,
"on authority, unranked by all sources",Hunter Omlid,,
"on authority, unranked by all sources",Josnaider Orellana,,
"on authority, unranked by all sources",Rafael Oropeza,,
"on authority, unranked by all sources",Juan Ortega,,
"on authority, unranked by all sources",Raynerd Ortega,,
"on authority, unranked by all sources",Nicolas Ortiz,,
"on authority, unranked by all sources",Manuel Osorio,,
"on authority, unranked by all sources",Noah Owen,,
"on authority, unranked by all sources",Jo Oyama,,
"on authority, unranked by all sources",Juan Pablo Cabrera,,
"on authority, unranked by all sources",Moises Palma,,
"on authority, unranked by all sources",Michael Papierski,,
"on authority, unranked by all sources",Abraham Parra,,
"on authority, unranked by all sources",Enzo Paulino,,
"on authority, unranked by all sources",Jose Paulino,,
"on authority, unranked by all sources",Tyler Payne,,
"on authority, unranked by all sources",Alain Pena,,
"on authority, unranked by all sources",Fernando Pena,,
"on authority, unranked by all sources",Jhonny Perdomo,,
"on authority, unranked by all sources",Alejandro Pereira,,
"on authority, unranked by all sources",Wilfredo Pereira,,
"on authority, unranked by all sources",Alfonso Perez,,
"on authority, unranked by all sources",Axel Perez,,
"on authority, unranked by all sources",Carlos Perez,,
"on authority, unranked by all sources",Darling Perez,,
"on authority, unranked by all sources",Michael Perez,,
"on authority, unranked by all sources",Michael Perez,,
"on authority, unranked by all sources",Dustin Peterson,,
"on authority, unranked by all sources",Todd Peterson,,
"on authority, unranked by all sources",Zion Pettigrew,,
"on authority, unranked by all sources",Tyler Pettorini,,
"on authority, unranked by all sources",Jank Pichardo,,
"on authority, unranked by all sources",Starlyn Pichardo,,
"on authority, unranked by all sources",Domenic Picone,,
"on authority, unranked by all sources",Darlin Pinales,,
"on authority, unranked by all sources",Alen Pineda,,
"on authority, unranked by all sources",Yassel Pino,,
"on authority, unranked by all sources",Nick Pinto,,
"on authority, unranked by all sources",Andrew Pogue,,
"on authority, unranked by all sources",Albert Polanco,,
"on authority, unranked by all sources",Dariel Polanco,,
"on authority, unranked by all sources",Leuris Portorreal,,
"on authority, unranked by all sources",Owen Pote,,
"on authority, unranked by all sources",Peyton Powell,,
"on authority, unranked by all sources",Miguel Pozo,,
"on authority, unranked by all sources",Patrick Pridgen,,
"on authority, unranked by all sources",Jorge Puerta,,
"on authority, unranked by all sources",Juniel Querecuto,,
"on authority, unranked by all sources",Andrew Quezada,,
"on authority, unranked by all sources",Yunior Quezada,,
"on authority, unranked by all sources",Felix Ramires,,
"on authority, unranked by all sources",Angel Ramirez,,
"on authority, unranked by all sources",Jorge Ramirez,,
"on authority, unranked by all sources",Kelvin Ramirez,,
"on authority, unranked by all sources",Micael Ramirez,,
"on authority, unranked by all sources",Albert Ramos,,
"on authority, unranked by all sources",Alex Ramos,,
"on authority, unranked by all sources",Anderson Ramos,,
"on authority, unranked by all sources",Eury Ramos,,
"on authority, unranked by all sources",Fernando Ramos,,
"on authority, unranked by all sources",Lenerd Ramos,,
"on authority, unranked by all sources",Renil Ramos,,
"on authority, unranked by all sources",Shawn Rapp,,
"on authority, unranked by all sources",Connor Rasmussen,,
"on authority, unranked by all sources",Elian Rayo,,
"on authority, unranked by all sources",Tanner Reaves,,
"on authority, unranked by all sources",Zachary Redner,,
"on authority, unranked by all sources",Tyree Reed,,
"on authority, unranked by all sources",Rocco Reid,,
"on authority, unranked by all sources",Jack Reinheimer,,
"on authority, unranked by all sources",Drew Rerick,,
"on authority, unranked by all sources",Carlo Reyes,,
"on authority, unranked by all sources",Jhon Reyes,,
"on authority, unranked by all sources",Luis Reyes,,
"on authority, unranked by all sources",Franniel Reynoso,,
"on authority, unranked by all sources",Sulivan Ribeiro,,
"on authority, unranked by all sources",Rustan Rigdon,,
"on authority, unranked by all sources",Nestor Rios,,
"on authority, unranked by all sources",Yoander Rivero,,
"on authority, unranked by all sources",Josh Roberson,,
"on authority, unranked by all sources",Max Roberts,,
"on authority, unranked by all sources",Benony Robles,,
"on authority, unranked by all sources",Kay Robles,,
"on authority, unranked by all sources",Sam Rochard,,
"on authority, unranked by all sources",Alfredo Rodriguez,,
"on authority, unranked by all sources",Aneuris Rodriguez,,
"on authority, unranked by all sources",Angel Rodriguez,,
"on authority, unranked by all sources",Christian Rodriguez,,
"on authority, unranked by all sources",Darwin Rodriguez,,
"on authority, unranked by all sources",Edryn Rodriguez,,
"on authority, unranked by all sources",Frank Rodriguez,,
"on authority, unranked by all sources",Geury Rodriguez,,
"on authority, unranked by all sources",Jesus Rodriguez,,
"on authority, unranked by all sources",Justin Rodriguez,,
"on authority, unranked by all sources",Louis Rodriguez,,
"on authority, unranked by all sources",Carlos Rojas,,
"on authority, unranked by all sources",Stiveen Rojas,,
"on authority, unranked by all sources",Jimmy Romano,,
"on authority, unranked by all sources",Sal Romano,,
"on authority, unranked by all sources",Brayan Romero,,
"on authority, unranked by all sources",David Romero,,
"on authority, unranked by all sources",Rubens Romero,,
"on authority, unranked by all sources",Cory Ronan,,
"on authority, unranked by all sources",Fernando Roquez,,
"on authority, unranked by all sources",Yadiel Roquez,,
"on authority, unranked by all sources",Jonathan Rosario,,
"on authority, unranked by all sources",Juan Rosas,,
"on authority, unranked by all sources",Emdys Rosillo,,
"on authority, unranked by all sources",Ethan Routzahn,,
"on authority, unranked by all sources",Reykelly Rubi,,
"on authority, unranked by all sources",Iziah Salinas,,
"on authority, unranked by all sources",Javier Salomon,,
"on authority, unranked by all sources",Jose Sanabria,,
"on authority, unranked by all sources",Brett Sanchez,,
"on authority, unranked by all sources",Dikember Sanchez,,
"on authority, unranked by all sources",Edgar Sanchez,,
"on authority, unranked by all sources",Enger Sanchez,,
"on authority, unranked by all sources",Jose Sanchez,,
"on authority, unranked by all sources",Justin Sanchez,,
"on authority, unranked by all sources",Rodolfo Sanchez,,
"on authority, unranked by all sources",Steven Sanchez,,
"on authority, unranked by all sources",Yanquiel Sanchez,,
"on authority, unranked by all sources",Jackson Sanders,,
"on authority, unranked by all sources",Michael Sandle,,
"on authority, unranked by all sources",Jean Santana,,
"on authority, unranked by all sources",Tyler Santana,,
"on authority, unranked by all sources",Carlos Santiago,,
"on authority, unranked by all sources",Enmanuel Santos,,
"on authority, unranked by all sources",Oscar Santos,,
"on authority, unranked by all sources",Luke Savage,,
"on authority, unranked by all sources",Alec Sayre,,
"on authority, unranked by all sources",Matt Scannell,,
"on authority, unranked by all sources",Tyler Schoff,,
"on authority, unranked by all sources",Adam Scott,,
"on authority, unranked by all sources",Chandler Seagle,,
"on authority, unranked by all sources",Zander Sechrist,,
"on authority, unranked by all sources",Kegnnalex Seijas,,
"on authority, unranked by all sources",Moises Semerite,,
"on authority, unranked by all sources",Joseph Sequera,,
"on authority, unranked by all sources",Jhoniel Serrano,,
"on authority, unranked by all sources",Lluveres Severino,,
"on authority, unranked by all sources",Bryce Shaffer,,
"on authority, unranked by all sources",Tommy Sheehan,,
"on authority, unranked by all sources",Blake Shepardson,,
"on authority, unranked by all sources",Ryan Shreve,,
"on authority, unranked by all sources",Daniel Silva,,
"on authority, unranked by all sources",Victor Simeon,,
"on authority, unranked by all sources",Kenyon Simmons,,
"on authority, unranked by all sources",Toby Simmons,,
"on authority, unranked by all sources",William Simoneit,,
"on authority, unranked by all sources",Chance Sisco,,
"on authority, unranked by all sources",Angelo Smith,,
"on authority, unranked by all sources",D.J. Snelten,,
"on authority, unranked by all sources",Mendry Solano,,
"on authority, unranked by all sources",Rocky Solano,,
"on authority, unranked by all sources",Gabriel Sosa,,
"on authority, unranked by all sources",Guillermo Sosa,,
"on authority, unranked by all sources",Gustavo Sosa,,
"on authority, unranked by all sources",Listher Sosa,,
"on authority, unranked by all sources",Ryuhei Sotani,,
"on authority, unranked by all sources",Elliot Soto,,
"on authority, unranked by all sources",Dylan Spain,,
"on authority, unranked by all sources",Cal Stark,,
"on authority, unranked by all sources",Adam Stauffer,,
"on authority, unranked by all sources",Conor Steinbaugh,,
"on authority, unranked by all sources",Tristan Stevens,,
"on authority, unranked by all sources",Will Stevens,,
"on authority, unranked by all sources",Zack Stewart,,
"on authority, unranked by all sources",Luke Stofel,,
"on authority, unranked by all sources",Landon Stripling,,
"on authority, unranked by all sources",Michael Stryffeler,,
"on authority, unranked by all sources",Baron Stuart,,
"on authority, unranked by all sources",Josdanner Suarez,,
"on authority, unranked by all sources",Ramon Suarez,,
"on authority, unranked by all sources",Jesus Superlano,,
"on authority, unranked by all sources",Ethan Surowiec,,
"on authority, unranked by all sources",John Swanda,,
"on authority, unranked by all sources",Carson Swilling,,
"on authority, unranked by all sources",Martin Tamara,,
"on authority, unranked by all sources",Miguel Tamares,,
"on authority, unranked by all sources",Sergio Tapia,,
"on authority, unranked by all sources",Dillon Tatum,,
"on authority, unranked by all sources",Emilio Taveras,,
"on authority, unranked by all sources",Clevari Tejada,,
"on authority, unranked by all sources",D'Angelo Tejada,,
"on authority, unranked by all sources",Raider Tello,,
"on authority, unranked by all sources",Robert Terrero,,
"on authority, unranked by all sources",Johnathon Thomas,,
"on authority, unranked by all sources",Tyler Thomas,,
"on authority, unranked by all sources",Jake Thompson,,
"on authority, unranked by all sources",Vin Timpanelli,,
"on authority, unranked by all sources",Eduardo Torrealba,,
"on authority, unranked by all sources",Jonfreider Torrealba,,
"on authority, unranked by all sources",Ervin Torres,,
"on authority, unranked by all sources",Jason Torres,,
"on authority, unranked by all sources",Javi Torres,,
"on authority, unranked by all sources",Luis Torres,,
"on authority, unranked by all sources",Cristhian Tortosa,,
"on authority, unranked by all sources",Osvaldo Tovalin,,
"on authority, unranked by all sources",Pedro Tovar,,
"on authority, unranked by all sources",Nolan Traeger,,
"on authority, unranked by all sources",Deshandro Tromp,,
"on authority, unranked by all sources",Pedro Tucent,,
"on authority, unranked by all sources",Emil Turbi,,
"on authority, unranked by all sources",Gionti Turner,,
"on authority, unranked by all sources",Alex Ulloa,,
"on authority, unranked by all sources",Roberto Urdaneta,,
"on authority, unranked by all sources",Isaias Uribe,,
"on authority, unranked by all sources",Juan Uribe,,
"on authority, unranked by all sources",Cole Urman,,
"on authority, unranked by all sources",Miguel Useche,,
"on authority, unranked by all sources",Argenis Valdez,,
"on authority, unranked by all sources",Luis Valdez,,
"on authority, unranked by all sources",Miguel Valdez,,
"on authority, unranked by all sources",Yoan Valdez,,
"on authority, unranked by all sources",Cleudis Valenzuela,,
"on authority, unranked by all sources",Sahid Valenzuela,,
"on authority, unranked by all sources",Alex Valverde,,
"on authority, unranked by all sources",Mauricio Vargas,,
"on authority, unranked by all sources",Will Varmette,,
"on authority, unranked by all sources",Carlos Vasquez,,
"on authority, unranked by all sources",Keivan Vasquez,,
"on authority, unranked by all sources",Wardquelin Vasquez,,
"on authority, unranked by all sources",Alfred Vega,,
"on authority, unranked by all sources",Onix Vega,,
"on authority, unranked by all sources",Giussepe Velasquez,,
"on authority, unranked by all sources",Remy Veldhuisen,,
"on authority, unranked by all sources",Ricardo Velez,,
"on authority, unranked by all sources",Aiberson Ventura,,
"on authority, unranked by all sources",Brayan Vergara,,
"on authority, unranked by all sources",Landon Victorian,,
"on authority, unranked by all sources",Anthony Vilar,,
"on authority, unranked by all sources",Michael Vilchez,,
"on authority, unranked by all sources",Diego Viloria,,
"on authority, unranked by all sources",Colton Vincent,,
"on authority, unranked by all sources",Kyle Virbitsky,,
"on authority, unranked by all sources",Raffi Vizcaino,,
"on authority, unranked by all sources",Landon Wallace,,
"on authority, unranked by all sources",Andrew Walling,,
"on authority, unranked by all sources",Yannic Walther,,
"on authority, unranked by all sources",Nian Hao Wang,,
"on authority, unranked by all sources",Mark Washington,,
"on authority, unranked by all sources",Nate Webb,,
"on authority, unranked by all sources",Jackson Wells,,
"on authority, unranked by all sources",Dalton Wentz,,
"on authority, unranked by all sources",Dean West,,
"on authority, unranked by all sources",Conner Whittaker,,
"on authority, unranked by all sources",Michael Wielansky,,
"on authority, unranked by all sources",Danny Wilkinson,,
"on authority, unranked by all sources",Zach Willeman,,
"on authority, unranked by all sources",Taylor Williams,,
"on authority, unranked by all sources",Cody Wilson,,
"on authority, unranked by all sources",Sebastian Wilson,,
"on authority, unranked by all sources",Nate Wohlgemuth,,
"on authority, unranked by all sources",Alsander Womack,,
"on authority, unranked by all sources",Tae In Won,,
"on authority, unranked by all sources",Williams Wong,,
"on authority, unranked by all sources",Zeke Wood,,
"on authority, unranked by all sources",Caden Wooster,,
"on authority, unranked by all sources",Jacob Wosinski,,
"on authority, unranked by all sources",Ryan Wrobleski,,
"on authority, unranked by all sources",Luis Yanel Diaz,,
"on authority, unranked by all sources",Gabriel Yanez,,
"on authority, unranked by all sources",Ariel Yean,,
"on authority, unranked by all sources",Seung Yeup Na,,
"on authority, unranked by all sources",Dong Hee Yoon,,
"on authority, unranked by all sources",Zach Yorke,,
"on authority, unranked by all sources",Deyer Zapata,,
"on authority, unranked by all sources",Bryant Zayas,,
"on authority, unranked by all sources",Draven Zeigler,,
"on authority, unranked by all sources",Eli Zielinski,,
"on authority, unranked by all sources",Jake Zitella,,
"on authority, unranked by all sources",Adrian Alcantara,,
"on authority, unranked by all sources",Elisandro Alcantara,,
"on authority, unranked by all sources",Yoanis Aleksandrov,,
"on authority, unranked by all sources",Michael Alfonso,,
"on authority, unranked by all sources",Giullianno Allende,,
"on authority, unranked by all sources",Genderson Almonte,,
"on authority, unranked by all sources",Jostyn Almonte,,
"on authority, unranked by all sources",Albert Almora Jr.,,
"on authority, unranked by all sources",Garvin Alston,,
"on authority, unranked by all sources",Ramiro Altagracia,,
"on authority, unranked by all sources",Brayan Altuve,,
"on authority, unranked by all sources",Cesar Alvarez,,
"on authority, unranked by all sources",Frank Alvarez,,
"on authority, unranked by all sources",Rafael Alvarez,,
"on authority, unranked by all sources",Luis Amaya,,
"on authority, unranked by all sources",Matt Andriese,,
"on authority, unranked by all sources",Nick Anello,,
"on authority, unranked by all sources",Ariel Antigua,,
"on authority, unranked by all sources",Aaron Antonini,,
"on authority, unranked by all sources",Charlis Aquino,,
"on authority, unranked by all sources",Nelson Aranguren,,
"on authority, unranked by all sources",Adrian Aray,,
"on authority, unranked by all sources",Jose Arias,,
"on authority, unranked by all sources",Wander Arias,,
"on authority, unranked by all sources",Will Armbruester,,
"on authority, unranked by all sources",Chandler Arnold,,
"on authority, unranked by all sources",Jeremy Arocho,,
"on authority, unranked by all sources",Carlos Arroyo,,
"on authority, unranked by all sources",Rowell Arroyo,,
"on authority, unranked by all sources",Reny Artiles,,
"on authority, unranked by all sources",Javier Atencio,,
"on authority, unranked by all sources",Luis Atocha,,
"on authority, unranked by all sources",Oscar Aude,,
"on authority, unranked by all sources",Cesar Avila,,
"on authority, unranked by all sources",Rivaldo Avila,,
"on authority, unranked by all sources",Luis Aviles,,
"on authority, unranked by all sources",Alex Ayala Jr.,,
"on authority, unranked by all sources",Cole Ayers,,
"on authority, unranked by all sources",Franyel Baez,,
"on authority, unranked by all sources",Jhoster Baez,,
"on authority, unranked by all sources",Michael Baez,,
"on authority, unranked by all sources",Smith Bailey,,
"on authority, unranked by all sources",Max Bain,,
"on authority, unranked by all sources",Gerson Balbino,,
"on authority, unranked by all sources",Luis Baldiris,,
"on authority, unranked by all sources",Zion Bannister,,
"on authority, unranked by all sources",Francesco Barbieri,,
"on authority, unranked by all sources",Cristopher Barete,,
"on authority, unranked by all sources",Alec Barger,,
"on authority, unranked by all sources",Luke Barker,,
"on authority, unranked by all sources",Zach Barnes,,
"on authority, unranked by all sources",Edwin Barragan,,
"on authority, unranked by all sources",Elis Barreat,,
"on authority, unranked by all sources",Tres Barrera,,
"on authority, unranked by all sources",Malik Barrington,,
"on authority, unranked by all sources",Blake Barthol,,
"on authority, unranked by all sources",Will Bartlett,,
"on authority, unranked by all sources",Keegan Batka,,
"on authority, unranked by all sources",Erys Bautista,,
"on authority, unranked by all sources",Jarrod Belbin,,
"on authority, unranked by all sources",Jeff Belge,,
"on authority, unranked by all sources",Ethan Bell,,
"on authority, unranked by all sources",Talan Bell,,
"on authority, unranked by all sources",Jeiki Beltran,,
"on authority, unranked by all sources",Eddy Beltre,,
"on authority, unranked by all sources",Justin Bench,,
"on authority, unranked by all sources",Johan Benitez,,
"on authority, unranked by all sources",Lazaro Benitez,,
"on authority, unranked by all sources",Sthiven Benitez,,
"on authority, unranked by all sources",Godwin Bennett,,
"on authority, unranked by all sources",Pierce Bennett,,
"on authority, unranked by all sources",Trey Benton,,
"on authority, unranked by all sources",Alexander Benua,,
"on authority, unranked by all sources",Stevie Berman,,
"on authority, unranked by all sources",Caleb Berry,,
"on authority, unranked by all sources",Justin Best,,
"on authority, unranked by all sources",Carlos Betancourt,,
"on authority, unranked by all sources",Ben Beutel,,
"on authority, unranked by all sources",Dante Biasi,,
"on authority, unranked by all sources",Frediry Bierd,,
"on authority, unranked by all sources",Malik Binns,,
"on authority, unranked by all sources",Reid Birlingmair,,
"on authority, unranked by all sources",Benjamin Blackwell,,
"on authority, unranked by all sources",Andy Blake,,
"on authority, unranked by all sources",Jason Blanchard,,
"on authority, unranked by all sources",Geyber Blanco,,
"on authority, unranked by all sources",Wilmer Blanco,,
"on authority, unranked by all sources",Alex Blandino,,
"on authority, unranked by all sources",Gage Boehm,,
"on authority, unranked by all sources",Angel Bolivar,,
"on authority, unranked by all sources",Matthew Bollenbacher,,
"on authority, unranked by all sources",Jorge Bonifacio,,
"on authority, unranked by all sources",Lisandro Bonifacio,,
"on authority, unranked by all sources",Mauro Bonifacio,,
"on authority, unranked by all sources",Ezequiel Bonilla,,
"on authority, unranked by all sources",Jake Books,,
"on authority, unranked by all sources",Josh Bortka,,
"on authority, unranked by all sources",Kristofer Bow,,
"on authority, unranked by all sources",Karson Bowen,,
"on authority, unranked by all sources",Nicholas Bradley,,
"on authority, unranked by all sources",Ryan Brady,,
"on authority, unranked by all sources",Trey Braithwaite,,
"on authority, unranked by all sources",Connor Brandon,,
"on authority, unranked by all sources",Michael Braswell,,
"on authority, unranked by all sources",Victor Brea,,
"on authority, unranked by all sources",Noah Bremer,,
"on authority, unranked by all sources",Tim Brennan,,
"on authority, unranked by all sources",Easton Breyfogle,,
"on authority, unranked by all sources",Chris Brito,,
"on authority, unranked by all sources",Raul Brito,,
"on authority, unranked by all sources",Logan Britt,,
"on authority, unranked by all sources",Robert Brooks,,
"on authority, unranked by all sources",Cam Brown,,
"on authority, unranked by all sources",Jessada Brown,,
"on authority, unranked by all sources",Luke Brown,,
"on authority, unranked by all sources",Kevin Bruggeman,,
"on authority, unranked by all sources",Jacob Buchberger,,
"on authority, unranked by all sources",Ismauri Bueno,,
"on authority, unranked by all sources",Jesus Bugarin,,
"on authority, unranked by all sources",Cade Bunnell,,
"on authority, unranked by all sources",Tyler Burch,,
"on authority, unranked by all sources",David Burgos,,
"on authority, unranked by all sources",Roberto Burgos,,
"on authority, unranked by all sources",Langston Burkett,,
"on authority, unranked by all sources",Nathan Burns,,
"on authority, unranked by all sources",Peter Burns,,
"on authority, unranked by all sources",Logan Bursick-Harrington,,
"on authority, unranked by all sources",Michael Byrne,,
"on authority, unranked by all sources",Elijah Cabell,,
"on authority, unranked by all sources",Brayan Cabello,,
"on authority, unranked by all sources",Diosfran Cabeza,,
"on authority, unranked by all sources",Ismael Cabral,,
"on authority, unranked by all sources",Baldemix Cabrera,,
"on authority, unranked by all sources",Marcos Cabrera,,
"on authority, unranked by all sources",Walking Cabrera,,
"on authority, unranked by all sources",Yovanny Cabrera,,
"on authority, unranked by all sources",Justin Caceres,,
"on authority, unranked by all sources",Anthony Calarco,,
"on authority, unranked by all sources",Francisco Caldera,,
"on authority, unranked by all sources",Jesus Camejo,,
"on authority, unranked by all sources",Alain Camou,,
"on authority, unranked by all sources",Jacob Campbell,,
"on authority, unranked by all sources",Kayden Campbell,,
"on authority, unranked by all sources",Logan Campbell,,
"on authority, unranked by all sources",Noah Campbell,,
"on authority, unranked by all sources",Alexander Campos,,
"on authority, unranked by all sources",Alexander Campos,,
"on authority, unranked by all sources",Diego Campos,,
"on authority, unranked by all sources",Ulices Campos,,
"on authority, unranked by all sources",Franklin Candelario,,
"on authority, unranked by all sources",Francesco Capocci,,
"on authority, unranked by all sources",Jan Caraballo,,
"on authority, unranked by all sources",Tate Carey,,
"on authority, unranked by all sources",Drew Carlton,,
"on authority, unranked by all sources",Kyler Carmack,,
"on authority, unranked by all sources",Kelvin Carmona,,
"on authority, unranked by all sources",Jared Carr,,
"on authority, unranked by all sources",Luis Carrasco,,
"on authority, unranked by all sources",Emisael Carrera,,
"on authority, unranked by all sources",Alvaro Carrillo,,
"on authority, unranked by all sources",Andrew Carson,,
"on authority, unranked by all sources",Curt Casali,,
"on authority, unranked by all sources",Jair Casanova,,
"on authority, unranked by all sources",Gavin Casas,,
"on authority, unranked by all sources",Estanlin Cassiani,,
"on authority, unranked by all sources",Johnny Castagnozzi,,
"on authority, unranked by all sources",Victor Castaneda,,
"on authority, unranked by all sources",Alejandro Castellano,,
"on authority, unranked by all sources",Angelo Castellano,,
"on authority, unranked by all sources",Enger Castellano,,
"on authority, unranked by all sources",Nate Castellon,,
"on authority, unranked by all sources",Eruviel Castillo,,
"on authority, unranked by all sources",Moises Castillo,,
"on authority, unranked by all sources",Wilkelma Castillo,,
"on authority, unranked by all sources",Wilton Castillo,,
"on authority, unranked by all sources",Winifer Castillo,,
"on authority, unranked by all sources",Deybi Castro,,
"on authority, unranked by all sources",Yon Castro,,
"on authority, unranked by all sources",Manuel Cazorla,,
"on authority, unranked by all sources",Oliver Cedeno,,
"on authority, unranked by all sources",Victor Celedonio,,
"on authority, unranked by all sources",Andres Centeno,,
"on authority, unranked by all sources",Michel Cervantes,,
"on authority, unranked by all sources",Joel Cesar,,
"on authority, unranked by all sources",Jose Chacin,,
"on authority, unranked by all sources",Adan Chacon,,
"on authority, unranked by all sources",Esney Chacon,,
"on authority, unranked by all sources",Tyrelle Chadwick,,
"on authority, unranked by all sources",Sandi Charle,,
"on authority, unranked by all sources",Jose Chavez,,
"on authority, unranked by all sources",Santiago Chavez,,
"on authority, unranked by all sources",Seth Chavez,,
"on authority, unranked by all sources",Wyatt Cheney,,
"on authority, unranked by all sources",Young Cheol Yoon,,
"on authority, unranked by all sources",Grant Cherry,,
"on authority, unranked by all sources",Luis Chevalier,,
"on authority, unranked by all sources",Bryan Chi,,
"on authority, unranked by all sources",Alejandro Chiquillo,,
"on authority, unranked by all sources",Harold Chirino,,
"on authority, unranked by all sources",Jhosep Chirinos,,
"on authority, unranked by all sources",Junior Chirinos,,
"on authority, unranked by all sources",Jake Christianson,,
"on authority, unranked by all sources",Will Christophersen,,
"on authority, unranked by all sources",Miguel Cienfuegos,,
"on authority, unranked by all sources",Christian Ciuffetelli,,
"on authority, unranked by all sources",Kellum Clark,,
"on authority, unranked by all sources",Seth Clark,,
"on authority, unranked by all sources",Ian Clarkin,,
"on authority, unranked by all sources",Jharold Clemente,,
"on authority, unranked by all sources",Nolan Clifford,,
"on authority, unranked by all sources",Jesus Clode,,
"on authority, unranked by all sources",Abraham Cohen,,
"on authority, unranked by all sources",Daniel Colina,,
"on authority, unranked by all sources",Oscar Colina,,
"on authority, unranked by all sources",Robert Colina,,
"on authority, unranked by all sources",Ke'Shun Collier,,
"on authority, unranked by all sources",Gavin Collins,,
"on authority, unranked by all sources",Mauricio Colmenares,,
"on authority, unranked by all sources",Willian Colmenares,,
"on authority, unranked by all sources",Rabel Colon,,
"on authority, unranked by all sources",Jol Concepcion,,
"on authority, unranked by all sources",Adam Conrad,,
"on authority, unranked by all sources",Teague Conrad,,
"on authority, unranked by all sources",Johan Contreras,,
"on authority, unranked by all sources",Raino Coran,,
"on authority, unranked by all sources",Carlos Cordero,,
"on authority, unranked by all sources",Daris Cordero,,
"on authority, unranked by all sources",Jose Cordero,,
"on authority, unranked by all sources",Wilfredo Cordero,,
"on authority, unranked by all sources",Danny Corona,,
"on authority, unranked by all sources",Jorge Corona,,
"on authority, unranked by all sources",J.C. Correa,,
"on authority, unranked by all sources",Derek Corro,,
"on authority, unranked by all sources",Elian Cortorreal,,
"on authority, unranked by all sources",Teudis Cortorreal,,
"on authority, unranked by all sources",Maxwell Costes,,
"on authority, unranked by all sources",Josimar Cousin,,
"on authority, unranked by all sources",Andres Cova,,
"on authority, unranked by all sources",Brooks Crawford,,
"on authority, unranked by all sources",Alejandro Crisostomo,,
"on authority, unranked by all sources",Yatner Crisostomo,,
"on authority, unranked by all sources",Jac Croom,,
"on authority, unranked by all sources",Jack Cropper,,
"on authority, unranked by all sources",Adanson Cruz,,
"on authority, unranked by all sources",Alex Cruz,,
"on authority, unranked by all sources",Darvin Cruz,,
"on authority, unranked by all sources",Juan Cruz,,
"on authority, unranked by all sources",Naykel Cruz,,
"on authority, unranked by all sources",Rafael Cruz,,
"on authority, unranked by all sources",Gio Cueto,,
"on authority, unranked by all sources",Melvin Cuevas,,
"on authority, unranked by all sources",Rohan Culmer,,
"on authority, unranked by all sources",Wilson Cunningham,,
"on authority, unranked by all sources",David Dahl,,
"on authority, unranked by all sources",Nate Dahle,,
"on authority, unranked by all sources",Jack Dallas,,
"on authority, unranked by all sources",Engel Daniel Peralta,,
"on authority, unranked by all sources",Ryan Daniels,,
"on authority, unranked by all sources",Mason Davenport,,
"on authority, unranked by all sources",Jonathan Davis,,
"on authority, unranked by all sources",Luke Davis,,
"on authority, unranked by all sources",Marc Davis,,
"on authority, unranked by all sources",Cesar De Jesus,,
"on authority, unranked by all sources",Dairon De Jesus,,
"on authority, unranked by all sources",Chase De Jong,,
"on authority, unranked by all sources",Michael De La Cruz,,
"on authority, unranked by all sources",Rodolfo De La Cruz,,
"on authority, unranked by all sources",Rolando De La Cruz,,
"on authority, unranked by all sources",Jarlen De La Paz,,
"on authority, unranked by all sources",Bladimir De La Rosa,,
"on authority, unranked by all sources",Franck De La Rosa,,
"on authority, unranked by all sources",Jose De La Rosa,,
"on authority, unranked by all sources",Abel De Leon,,
"on authority, unranked by all sources",Isaac De Leon,,
"on authority, unranked by all sources",Carlos De Los Santos,,
"on authority, unranked by all sources",Eliazar De Los Santos,,
"on authority, unranked by all sources",Greudis De Los Santos,,
"on authority, unranked by all sources",Jefrey De Los Santos,,
"on authority, unranked by all sources",Joldelanio De Los Santos,,
"on authority, unranked by all sources",Weslin De Los Santos,,
"on authority, unranked by all sources",Axell De Paula,,
"on authority, unranked by all sources",Brayan De Paula,,
"on authority, unranked by all sources",Nick DeCarlo,,
"on authority, unranked by all sources",Tate DeRias,,
"on authority, unranked by all sources",Hayden Deal,,
"on authority, unranked by all sources",Alisson Del Orbe,,
"on authority, unranked by all sources",Miguel Del Pozo,,
"on authority, unranked by all sources",Joelvis Del Rosario,,
"on authority, unranked by all sources",Jesus Delgado,,
"on authority, unranked by all sources",Geremi Delpino,,
"on authority, unranked by all sources",Eddy Demurias,,
"on authority, unranked by all sources",Jeremy Denaud,,
"on authority, unranked by all sources",Jacob Denner,,
"on authority, unranked by all sources",Zane Denton,,
"on authority, unranked by all sources",Brad Deppermann,,
"on authority, unranked by all sources",Kyle Dernedde,,
"on authority, unranked by all sources",Nicolas Deschamps,,
"on authority, unranked by all sources",Mishael Deson,,
"on authority, unranked by all sources",Michael DiMartini,,
"on authority, unranked by all sources",Angelo DiSpigna,,
"on authority, unranked by all sources",Brauli Diaz,,
"on authority, unranked by all sources",Bryan Diaz,,
"on authority, unranked by all sources",Jhon Diaz,,
"on authority, unranked by all sources",Kelvin Diaz,,
"on authority, unranked by all sources",Nomar Diaz,,
"on authority, unranked by all sources",Norbis Diaz,,
"on authority, unranked by all sources",Winder Diaz,,
"on authority, unranked by all sources",Harrison Didawick,,
"on authority, unranked by all sources",Ray-Patrick Didder,,
"on authority, unranked by all sources",Vladimir Dilone,,
"on authority, unranked by all sources",Dawson Dimon,,
"on authority, unranked by all sources",Owen Diodati,,
"on authority, unranked by all sources",Jonah Dipoto,,
"on authority, unranked by all sources",Ryan Dollar,,
"on authority, unranked by all sources",Yonael Dominguez,,
"on authority, unranked by all sources",Patrick Dorrian,,
"on authority, unranked by all sources",Terence Doston,,
"on authority, unranked by all sources",Kyle Dowdy,,
"on authority, unranked by all sources",Cole Duensing,,
"on authority, unranked by all sources",Danny Duffy,,
"on authority, unranked by all sources",Nick Dugan,,
"on authority, unranked by all sources",Hunter Dula,,
"on authority, unranked by all sources",Lucas Dunn,,
"on authority, unranked by all sources",Konni Durschlag,,
"on authority, unranked by all sources",Ty Duvall,,
"on authority, unranked by all sources",Camden Duzenack,,
"on authority, unranked by all sources",Josh Dye,,
"on authority, unranked by all sources",Jerrion Ealy,,
"on authority, unranked by all sources",J'Briell Easley,,
"on authority, unranked by all sources",Brian Edgington,,
"on authority, unranked by all sources",Christian Edwards,,
"on authority, unranked by all sources",Jacob Edwards,,
"on authority, unranked by all sources",Zach Edwards,,
"on authority, unranked by all sources",Drew Ehrhard,,
"on authority, unranked by all sources",Will Eldridge,,
"on authority, unranked by all sources",Rob Emery,,
"on authority, unranked by all sources",Leandro Emiliani,,
"on authority, unranked by all sources",Lorenzo Encarnacion,,
"on authority, unranked by all sources",Robbie Erlin,,
"on authority, unranked by all sources",Estarlin Escalante,,
"on authority, unranked by all sources",Brenny Escanio,,
"on authority, unranked by all sources",Sebastian Espino,,
"on authority, unranked by all sources",Manuel Espinoza,,
"on authority, unranked by all sources",Chase Estep,,
"on authority, unranked by all sources",Wilson Esterlin,,
"on authority, unranked by all sources",Geury Estevez,,
"on authority, unranked by all sources",Johan Estrada,,
"on authority, unranked by all sources",Ben Ethridge,,
"on authority, unranked by all sources",Chan Eui Song,,
"on authority, unranked by all sources",Ty Evans,,
"on authority, unranked by all sources",Wyatt Evans,,
"on authority, unranked by all sources",AJ Evasco,,
"on authority, unranked by all sources",Fred Fajardo,,
"on authority, unranked by all sources",Caleb Farmer,,
"on authority, unranked by all sources",Ezra Farmer,,
"on authority, unranked by all sources",Luke Farrell,,
"on authority, unranked by all sources",Ryan Feczko,,
"on authority, unranked by all sources",Daniel Federman,,
"on authority, unranked by all sources",Cade Feeney,,
"on authority, unranked by all sources",Brady Feigl,,
"on authority, unranked by all sources",Kendry Feliz,,
"on authority, unranked by all sources",Mervin Fell,,
"on authority, unranked by all sources",Gray Fenter,,
"on authority, unranked by all sources",Christian Fernandez,,
"on authority, unranked by all sources",Johan Ferreira,,
"on authority, unranked by all sources",Andinson Ferrer,,
"on authority, unranked by all sources",Richard Ferrer-Westrop,,
"on authority, unranked by all sources",Brandon Fields,,
"on authority, unranked by all sources",Adonis Figuereo,,
"on authority, unranked by all sources",Hugh Fisher,,
"on authority, unranked by all sources",Nate Fisher,,
"on authority, unranked by all sources",Omar Florentino,,
"on authority, unranked by all sources",Junior Flores,,
"on authority, unranked by all sources",Luis Flores,,
"on authority, unranked by all sources",Miguel Flores,,
"on authority, unranked by all sources",Ronaldo Flores,,
"on authority, unranked by all sources",Bennett Flynn,,
"on authority, unranked by all sources",Shayne Fontana,,
"on authority, unranked by all sources",Mike Ford,,
"on authority, unranked by all sources",Brandon Forrester,,
"on authority, unranked by all sources",Jordan Fowler,,
"on authority, unranked by all sources",Dale Francis,,
"on authority, unranked by all sources",Carlos Francisco,,
"on authority, unranked by all sources",Cesar Franco,,
"on authority, unranked by all sources",Marlon Franco,,
"on authority, unranked by all sources",Oliver Franco,,
"on authority, unranked by all sources",Jack Frankel,,
"on authority, unranked by all sources",Caleb Franzen,,
"on authority, unranked by all sources",Geronimo Franzua,,
"on authority, unranked by all sources",Dariel Fregio,,
"on authority, unranked by all sources",Luis Freitez,,
"on authority, unranked by all sources",Will Frizzell,,
"on authority, unranked by all sources",Matt Gabbert,,
"on authority, unranked by all sources",Cam Gallagher,,
"on authority, unranked by all sources",Moises Gallardo,,
"on authority, unranked by all sources",Ronaldo Gallo,,
"on authority, unranked by all sources",Anhuar Garcia,,
"on authority, unranked by all sources",Anthony Garcia,,
"on authority, unranked by all sources",Brett Garcia,,
"on authority, unranked by all sources",Darvin Garcia,,
"on authority, unranked by all sources",Elian Garcia,,
"on authority, unranked by all sources",Elvis Garcia,,
"on authority, unranked by all sources",Engert Garcia,,
"on authority, unranked by all sources",Gerald Garcia,,
"on authority, unranked by all sources",Jaiker Garcia,,
"on authority, unranked by all sources",Juan Garcia,,
"on authority, unranked by all sources",Juan Garcia,,
"on authority, unranked by all sources",Luis Garcia,,
"on authority, unranked by all sources",Pedro Garcia,,
"on authority, unranked by all sources",Pedro Garcia,,
"on authority, unranked by all sources",Rodrigo Garcia,,
"on authority, unranked by all sources",Roy Garcia,,
"on authority, unranked by all sources",Ray Garrett,,
"on authority, unranked by all sources",Willie Joe Garry Jr.,,
"on authority, unranked by all sources",Andres Garza,,
"on authority, unranked by all sources",Claudio Gatier,,
"on authority, unranked by all sources",Will Geerdes,,
"on authority, unranked by all sources",Jose Geraldo,,
"on authority, unranked by all sources",Will Gervase,,
"on authority, unranked by all sources",Adrian Gil,,
"on authority, unranked by all sources",Angel Gil,,
"on authority, unranked by all sources",Franklin Gil,,
"on authority, unranked by all sources",Igor Gil,,
"on authority, unranked by all sources",Jake Gilbert,,
"on authority, unranked by all sources",Greyson Gimenez,,
"on authority, unranked by all sources",Landon Ginn,,
"on authority, unranked by all sources",Chris Gittens,,
"on authority, unranked by all sources",Peyton Glavine,,
"on authority, unranked by all sources",Robbie Glendinning,,
"on authority, unranked by all sources",Jackson Glenn,,
"on authority, unranked by all sources",Seung Min Go,,
"on authority, unranked by all sources",Connor Godwin,,
"on authority, unranked by all sources",Jordan Goldmann,,
"on authority, unranked by all sources",Blake Goldsberry,,
"on authority, unranked by all sources",Gabriel Gomes,,
"on authority, unranked by all sources",Carlos Gomez,,
"on authority, unranked by all sources",Henry Gomez,,
"on authority, unranked by all sources",Jose Gomez,,
"on authority, unranked by all sources",Mario Gomez,,
"on authority, unranked by all sources",Michael Gomez,,
"on authority, unranked by all sources",Hai-Cheng Gong,,
"on authority, unranked by all sources",Anyelo Gonzalez,,
"on authority, unranked by all sources",Brian Gonzalez,,
"on authority, unranked by all sources",Cristhofer Gonzalez,,
"on authority, unranked by all sources",Cristian Gonzalez,,
"on authority, unranked by all sources",Diego Gonzalez,,
"on authority, unranked by all sources",Diomar Gonzalez,,
"on authority, unranked by all sources",Edwin Gonzalez,,
"on authority, unranked by all sources",Jesus Gonzalez,,
"on authority, unranked by all sources",Joan Gonzalez,,
"on authority, unranked by all sources",Jorge Gonzalez,,
"on authority, unranked by all sources",Jose Gonzalez,,
"on authority, unranked by all sources",Jose Gonzalez,,
"on authority, unranked by all sources",Joseilyn Gonzalez,,
"on authority, unranked by all sources",Orlando Gonzalez,,
"on authority, unranked by all sources",Pedro Gonzalez,,
"on authority, unranked by all sources",Ricson Gonzalez,,
"on authority, unranked by all sources",Saul Gonzalez,,
"on authority, unranked by all sources",Yeferson Gonzalez,,
"on authority, unranked by all sources",Lucas Gordillo,,
"on authority, unranked by all sources",Brooks Gosswein,,
"on authority, unranked by all sources",Clay Grady,,
"on authority, unranked by all sources",Logan Gragg,,
"on authority, unranked by all sources",A.J. Graham,,
"on authority, unranked by all sources",Dilan Granadillo,,
"on authority, unranked by all sources",Frenny Grant,,
"on authority, unranked by all sources",Clayton Gray,,
"on authority, unranked by all sources",Shane Gray,,
"on authority, unranked by all sources",Shane Greene,,
"on authority, unranked by all sources",Mason Greenhouse,,
"on authority, unranked by all sources",David Griffin,,
"on authority, unranked by all sources",Ruei Yang Gu Lin,,
"on authority, unranked by all sources",Wander Guante,,
"on authority, unranked by all sources",Carlos Guarate,,
"on authority, unranked by all sources",Manuel Guariman,,
"on authority, unranked by all sources",Quinn Gudaitis,,
"on authority, unranked by all sources",Jose Guerra,,
"on authority, unranked by all sources",Freddy Guilamo,,
"on authority, unranked by all sources",Pablo Guillen,,
"on authority, unranked by all sources",Shawn Guilliams,,
"on authority, unranked by all sources",Jean Gutierrez,,
"on authority, unranked by all sources",Emilker Guzman,,
"on authority, unranked by all sources",Michael Guzman,,
"on authority, unranked by all sources",Ronaldo Guzman,,
"on authority, unranked by all sources",Walfrent Guzman,,
"on authority, unranked by all sources",Been Gwak,,
"on authority, unranked by all sources",Aaron Haase,,
"on authority, unranked by all sources",Jake Haberer,,
"on authority, unranked by all sources",Ryan Hagenow,,
"on authority, unranked by all sources",Adam Haight,,
"on authority, unranked by all sources",Bubba Hall,,
"on authority, unranked by all sources",Charles Hall,,
"on authority, unranked by all sources",JD Hammer,,
"on authority, unranked by all sources",Zach Hammer,,
"on authority, unranked by all sources",Ty Hanchey,,
"on authority, unranked by all sources",Mo Hanley,,
"on authority, unranked by all sources",Houston Harding,,
"on authority, unranked by all sources",Sam Harris,,
"on authority, unranked by all sources",Colton Hartman,,
"on authority, unranked by all sources",Karl Hartman,,
"on authority, unranked by all sources",Clete Hartzog,,
"on authority, unranked by all sources",Adam Haseley,,
"on authority, unranked by all sources",Peyton Havard,,
"on authority, unranked by all sources",Kyle Hayes,,
"on authority, unranked by all sources",Josh Hejka,,
"on authority, unranked by all sources",Heath Hembree,,
"on authority, unranked by all sources",J.D. Hennen,,
"on authority, unranked by all sources",Ryan Hennen,,
"on authority, unranked by all sources",Rob Hensey,,
"on authority, unranked by all sources",Tyler Herb,,
"on authority, unranked by all sources",Jholbran Herder,,
"on authority, unranked by all sources",Joel Heredia,,
"on authority, unranked by all sources",Roblin Heredia,,
"on authority, unranked by all sources",Michael Hermosillo,,
"on authority, unranked by all sources",Aaron Hernandez,,
"on authority, unranked by all sources",Alcides Hernandez,,
"on authority, unranked by all sources",Arxy Hernandez,,
"on authority, unranked by all sources",Diego Hernandez,,
"on authority, unranked by all sources",Jason Hernandez,,
"on authority, unranked by all sources",Juan Hernandez,,
"on authority, unranked by all sources",Julian Hernandez,,
"on authority, unranked by all sources",Justin Hernandez,,
"on authority, unranked by all sources",Leandro Hernandez,,
"on authority, unranked by all sources",Maikel Hernandez,,
"on authority, unranked by all sources",Pedro Hernandez,,
"on authority, unranked by all sources",Brayan Hernández,,
"on authority, unranked by all sources",Jorge Herrera,,
"on authority, unranked by all sources",Keider Herrera,,
"on authority, unranked by all sources",Martin Herrera,,
"on authority, unranked by all sources",Ronald Herrera,,
"on authority, unranked by all sources",Tyler Herron,,
"on authority, unranked by all sources",Matt Hickey,,
"on authority, unranked by all sources",Atsumi Hidaka,,
"on authority, unranked by all sources",Renny Hidalgo,,
"on authority, unranked by all sources",Jake Higginbotham,,
"on authority, unranked by all sources",Sam Highfill,,
"on authority, unranked by all sources",Kyle Hill,,
"on authority, unranked by all sources",Jacob Hinderleider,,
"on authority, unranked by all sources",Carlos Hinestroza,,
"on authority, unranked by all sources",Jake Hjelle,,
"on authority, unranked by all sources",Colton Hock,,
"on authority, unranked by all sources",Graham Hoffman,,
"on authority, unranked by all sources",Wyatt Hoffman,,
"on authority, unranked by all sources",Matt Hogan,,
"on authority, unranked by all sources",Connor Holden,,
"on authority, unranked by all sources",Aaron Holiday,,
"on authority, unranked by all sources",Kaden Hollow,,
"on authority, unranked by all sources",Owen Holt,,
"on authority, unranked by all sources",Chase Hopewell,,
"on authority, unranked by all sources",Kaden Hopson,,
"on authority, unranked by all sources",Bryson Horne,,
"on authority, unranked by all sources",Luke Hoskins,,
"on authority, unranked by all sources",Zac Houston,,
"on authority, unranked by all sources",Carter Howell,,
"on authority, unranked by all sources",Pao Lo Huang,,
"on authority, unranked by all sources",Joe Hudson,,
"on authority, unranked by all sources",Jonathan Hughes,,
"on authority, unranked by all sources",Devin Hurdle,,
"on authority, unranked by all sources",Ricardo Hurtado,,
"on authority, unranked by all sources",Grant Hussey,,
"on authority, unranked by all sources",Cesar Idrogo,,
"on authority, unranked by all sources",Austin Irby,,
"on authority, unranked by all sources",David Isea,,
"on authority, unranked by all sources",Edgar Isea,,
"on authority, unranked by all sources",Christian Jackson,,
"on authority, unranked by all sources",Gabriel Jackson,,
"on authority, unranked by all sources",Brandon Jaime,,
"on authority, unranked by all sources",Lyonell James,,
"on authority, unranked by all sources",Niko Janssens,,
"on authority, unranked by all sources",Sebastian Javier,,
"on authority, unranked by all sources",Enderson Jean,,
"on authority, unranked by all sources",Chris Jefferson,,
"on authority, unranked by all sources",Sean Jenkins,,
"on authority, unranked by all sources",Carlos Jimenez,,
"on authority, unranked by all sources",Cesar Jimenez,,
"on authority, unranked by all sources",Cristian Jimenez,,
"on authority, unranked by all sources",Damian Jimenez,,
"on authority, unranked by all sources",Enoy Jimenez,,
"on authority, unranked by all sources",Federik Jimenez,,
"on authority, unranked by all sources",Jhomber Jimenez,,
"on authority, unranked by all sources",Jhonny Jimenez,,
"on authority, unranked by all sources",Onias Jimenez,,
"on authority, unranked by all sources",Eikel Joaquin,,
"on authority, unranked by all sources",Yorfran John,,
"on authority, unranked by all sources",Ben Johnson,,
"on authority, unranked by all sources",Brett Johnson,,
"on authority, unranked by all sources",Colton Johnson,,
"on authority, unranked by all sources",Paris Johnson,,
"on authority, unranked by all sources",Tyler Johnson,,
"on authority, unranked by all sources",Reid Johnston,,
"on authority, unranked by all sources",Carson Jones,,
"on authority, unranked by all sources",Deundre Jones,,
"on authority, unranked by all sources",Jordan Jones,,
"on authority, unranked by all sources",Bernard Jose,,
"on authority, unranked by all sources",Chandler Jozwiak,,
"on authority, unranked by all sources",Deok Ju Ham,,
"on authority, unranked by all sources",Jorge Julio,,
"on authority, unranked by all sources",Woo Young Jung,,
"on authority, unranked by all sources",Chris Kachmar,,
"on authority, unranked by all sources",Nathan Karaffa,,
"on authority, unranked by all sources",Gavin Kash,,
"on authority, unranked by all sources",Justin Kelly,,
"on authority, unranked by all sources",Kevin Kendall,,
"on authority, unranked by all sources",Mitchell Kilkenny,,
"on authority, unranked by all sources",Keylan Killgore,,
"on authority, unranked by all sources",Jacob King,,
"on authority, unranked by all sources",Devin Kirby,,
"on authority, unranked by all sources",Doug Kirkland,,
"on authority, unranked by all sources",Cole Kirschsieper,,
"on authority, unranked by all sources",Todd Kniebbe,,
"on authority, unranked by all sources",Grant Koch,,
"on authority, unranked by all sources",Jared Kollar,,
"on authority, unranked by all sources",Brandon Komar,,
"on authority, unranked by all sources",Chang-mo Koo,,
"on authority, unranked by all sources",Ja Wook Koo,,
"on authority, unranked by all sources",Addison Kopack,,
"on authority, unranked by all sources",Jacob Kostyshock,,
"on authority, unranked by all sources",Dakota Kotowski,,
"on authority, unranked by all sources",Kade Kretzschmar,,
"on authority, unranked by all sources",Dan Kubiuk,,
"on authority, unranked by all sources",Nate LaRue,,
"on authority, unranked by all sources",Randy Labaut,,
"on authority, unranked by all sources",Jake Lamb,,
"on authority, unranked by all sources",Steven Lancia,,
"on authority, unranked by all sources",Carmine Lane,,
"on authority, unranked by all sources",Ryan Langford,,
"on authority, unranked by all sources",Cale Lansville,,
"on authority, unranked by all sources",Andriel Lantigua,,
"on authority, unranked by all sources",Chris Lanzilli,,
"on authority, unranked by all sources",Janser Lara,,
"on authority, unranked by all sources",Wilton Lara,,
"on authority, unranked by all sources",Ashton Larson,,
"on authority, unranked by all sources",John Lash,,
"on authority, unranked by all sources",Roger Lasso,,
"on authority, unranked by all sources",Maddox Latta,,
"on authority, unranked by all sources",Lorenzo Laurel,,
"on authority, unranked by all sources",Tre' Lawrence,,
"on authority, unranked by all sources",Holden Laws,,
"on authority, unranked by all sources",Justin Lawson,,
"on authority, unranked by all sources",Aidan Layton,,
"on authority, unranked by all sources",Dylan Leach,,
"on authority, unranked by all sources",Jackson Leath,,
"on authority, unranked by all sources",Darren Ledford,,
"on authority, unranked by all sources",Luis Ledo,,
"on authority, unranked by all sources",Chansol Lee,,
"on authority, unranked by all sources",Eui Lee Lee,,
"on authority, unranked by all sources",Evan Lee,,
"on authority, unranked by all sources",Ethan Lege,,
"on authority, unranked by all sources",Qyshawn Legito,,
"on authority, unranked by all sources",Taylor Lehman,,
"on authority, unranked by all sources",Aldo Leija,,
"on authority, unranked by all sources",Kenny Leiner,,
"on authority, unranked by all sources",Ryan Leitch,,
"on authority, unranked by all sources",Keiner Leon,,
"on authority, unranked by all sources",Dayne Leonard,,
"on authority, unranked by all sources",Iverson Leonardo,,
"on authority, unranked by all sources",Dominic Leone,,
"on authority, unranked by all sources",Luis Leones,,
"on authority, unranked by all sources",Ray Leonzi,,
"on authority, unranked by all sources",Nadir Lewis,,
"on authority, unranked by all sources",Brandon Leyton,,
"on authority, unranked by all sources",Roger Leyton,,
"on authority, unranked by all sources",Christian Lim,,
"on authority, unranked by all sources",Denny Lima,,
"on authority, unranked by all sources",Winder Linares,,
"on authority, unranked by all sources",Trey Lipsey,,
"on authority, unranked by all sources",Tim Locastro,,
"on authority, unranked by all sources",Nick Lockhart,,
"on authority, unranked by all sources",Carter Loewen,,
"on authority, unranked by all sources",Carter Lohman,,
"on authority, unranked by all sources",Jacob Lojewski,,
"on authority, unranked by all sources",Dylan Lonergan,,
"on authority, unranked by all sources",Jacoby Long,,
"on authority, unranked by all sources",Trevor Long,,
"on authority, unranked by all sources",Abelaldo Lopez,,
"on authority, unranked by all sources",Eduardito Lopez,,
"on authority, unranked by all sources",Irving Lopez,,
"on authority, unranked by all sources",Jesus Lopez,,
"on authority, unranked by all sources",Johan Lopez,,
"on authority, unranked by all sources",Jose Lopez,,
"on authority, unranked by all sources",Jose Lopez,,
"on authority, unranked by all sources",Justin Lopez,,
"on authority, unranked by all sources",Ronny Lopez,,
"on authority, unranked by all sources",Collin Lowe,,
"on authority, unranked by all sources",Jordy Luciano,,
"on authority, unranked by all sources",Alejandro Lugo,,
"on authority, unranked by all sources",Carlos Luis,,
"on authority, unranked by all sources",Jesus Luna,,
"on authority, unranked by all sources",John Lynch,,
"on authority, unranked by all sources",Coleman MacRae,,
"on authority, unranked by all sources",Dixon Machado,,
"on authority, unranked by all sources",Joel Machado,,
"on authority, unranked by all sources",Roilan Machandy,,
"on authority, unranked by all sources",Bernard Mack,,
"on authority, unranked by all sources",Reynaldo Madrigal,,
"on authority, unranked by all sources",Fermin Magallanes,,
"on authority, unranked by all sources",Mario Magana,,
"on authority, unranked by all sources",Drew Maggi,,
"on authority, unranked by all sources",Grant Magill,,
"on authority, unranked by all sources",Cooper Malamazian,,
"on authority, unranked by all sources",Dalton Mall,,
"on authority, unranked by all sources",Noah Manning,,
"on authority, unranked by all sources",Timmy Manning,,
"on authority, unranked by all sources",Renair Manrique,,
"on authority, unranked by all sources",Agustin Marcano,,
"on authority, unranked by all sources",Jose Marcano,,
"on authority, unranked by all sources",Tucupita Marcano,,
"on authority, unranked by all sources",Hansel Marcelino,,
"on authority, unranked by all sources",Maximo Maria,,
"on authority, unranked by all sources",Diovel Mariano,,
"on authority, unranked by all sources",Jermaine Maricuto,,
"on authority, unranked by all sources",Nelson Marin,,
"on authority, unranked by all sources",Louis Marinaro,,
"on authority, unranked by all sources",Luis Marinez,,
"on authority, unranked by all sources",Ynmanol Marinez,,
"on authority, unranked by all sources",Franklin Marquez,,
"on authority, unranked by all sources",Angel Marte,,
"on authority, unranked by all sources",Daniel Marte,,
"on authority, unranked by all sources",Christian Martin,,
"on authority, unranked by all sources",Kaden Martin,,
"on authority, unranked by all sources",Clarence Martina,,
"on authority, unranked by all sources",Anel Martinez,,
"on authority, unranked by all sources",Daniel Martinez,,
"on authority, unranked by all sources",Felix Martinez,,
"on authority, unranked by all sources",Frank Martinez,,
"on authority, unranked by all sources",Henry Martinez,,
"on authority, unranked by all sources",Jhonny Martinez,,
"on authority, unranked by all sources",Jordi Martinez,,
"on authority, unranked by all sources",Juan Martinez,,
"on authority, unranked by all sources",Luis Martinez,,
"on authority, unranked by all sources",Michael Martinez,,
"on authority, unranked by all sources",Nolan Martinez,,
"on authority, unranked by all sources",Quinton Martinez,,
"on authority, unranked by all sources",Randol Martinez,,
"on authority, unranked by all sources",Robinson Martinez,,
"on authority, unranked by all sources",Xavier Martinez,,
"on authority, unranked by all sources",Jack Maruskin,,
"on authority, unranked by all sources",Cameron Masterman,,
"on authority, unranked by all sources",Jean Mata,,
"on authority, unranked by all sources",Carlos Mateo,,
"on authority, unranked by all sources",Shane Matheny,,
"on authority, unranked by all sources",Ryan Mathiesen,,
"on authority, unranked by all sources",Jacob Maton,,
"on authority, unranked by all sources",Delvis Matos,,
"on authority, unranked by all sources",Dwayne Matos,,
"on authority, unranked by all sources",Ewing Matos,,
"on authority, unranked by all sources",Shion Matsuo,,
"on authority, unranked by all sources",John Matthews,,
"on authority, unranked by all sources",Micah Matthews,,
"on authority, unranked by all sources",Zack Matthews,,
"on authority, unranked by all sources",Connor Mattison,,
"on authority, unranked by all sources",Alex Mauricio,,
"on authority, unranked by all sources",Seth Mayberry,,
"on authority, unranked by all sources",Mike Mayers,,
"on authority, unranked by all sources",Aric McAtee,,
"on authority, unranked by all sources",Max McDowell,,
"on authority, unranked by all sources",Walker McDuffie,,
"on authority, unranked by all sources",Aaron McGarity,,
"on authority, unranked by all sources",Kyle McGowin,,
"on authority, unranked by all sources",Cooper McGrath,,
"on authority, unranked by all sources",John McHenry,,
"on authority, unranked by all sources",Brandon McIlwain,,
"on authority, unranked by all sources",J.D. McLaughlin,,
"on authority, unranked by all sources",Caleb McNeely,,
"on authority, unranked by all sources",Jake McSteen,,
"on authority, unranked by all sources",Nomar Medina,,
"on authority, unranked by all sources",Ruben Medina,,
"on authority, unranked by all sources",Chase Meggers,,
"on authority, unranked by all sources",Naoel Mejia,,
"on authority, unranked by all sources",Christian Mejias,,
"on authority, unranked by all sources",Yorberto Mejicano,,
"on authority, unranked by all sources",Ubert Mejías,,
"on authority, unranked by all sources",Adiel Melendez,,
"on authority, unranked by all sources",Anderson Melendez,,
"on authority, unranked by all sources",Cristofer Melendez,,
"on authority, unranked by all sources",Edwardo Melendez,,
"on authority, unranked by all sources",Juan Mendez,,
"on authority, unranked by all sources",Leam Mendez,,
"on authority, unranked by all sources",Romel Mendez,,
"on authority, unranked by all sources",Abdiel Mendoza,,
"on authority, unranked by all sources",Jan Mercado,,
"on authority, unranked by all sources",Reidy Mercado,,
"on authority, unranked by all sources",Jorge Mercedes,,
"on authority, unranked by all sources",Juan Mercedes,,
"on authority, unranked by all sources",Matt Merrill,,
"on authority, unranked by all sources",Victor Mesia,,
"on authority, unranked by all sources",Ben Metzinger,,
"on authority, unranked by all sources",Danery Meyer,,
"on authority, unranked by all sources",Jake Meyer,,
"on authority, unranked by all sources",Nick Meyer,,
"on authority, unranked by all sources",Moises Meza,,
"on authority, unranked by all sources",Fredy Michel,,
"on authority, unranked by all sources",Ryan Middendorf,,
"on authority, unranked by all sources",Jordan Mikel,,
"on authority, unranked by all sources",Deylen Miley,,
"on authority, unranked by all sources",Juan Minaya,,
"on authority, unranked by all sources",Jorge Minyety,,
"on authority, unranked by all sources",Tatsuki Mizuno,,
"on authority, unranked by all sources",Andre Modungo,,
"on authority, unranked by all sources",Augie Mojica,,
"on authority, unranked by all sources",Misael Mojica,,
"on authority, unranked by all sources",Chris Mokma,,
"on authority, unranked by all sources",Moises Molero,,
"on authority, unranked by all sources",Carlos Molina,,
"on authority, unranked by all sources",Carlos Molina,,
"on authority, unranked by all sources",Leosdany Molina,,
"on authority, unranked by all sources",Keito Mombetsu,,
"on authority, unranked by all sources",Darlyn Montero,,
"on authority, unranked by all sources",Euri Montero,,
"on authority, unranked by all sources",Ricardo Montero,,
"on authority, unranked by all sources",Mike Montgomery,,
"on authority, unranked by all sources",Christopher Montilla,,
"on authority, unranked by all sources",Wesley Moore,,
"on authority, unranked by all sources",Angelo Mora,,
"on authority, unranked by all sources",Javier Mora,,
"on authority, unranked by all sources",Juan Mora,,
"on authority, unranked by all sources",Daje Morales,,
"on authority, unranked by all sources",Gabe Morales,,
"on authority, unranked by all sources",Jonathan Morales,,
"on authority, unranked by all sources",Yohanse Morel,,
"on authority, unranked by all sources",Johan Moreno,,
"on authority, unranked by all sources",Johan Moreno,,
"on authority, unranked by all sources",Chase Morgan,,
"on authority, unranked by all sources",Josh Morgan,,
"on authority, unranked by all sources",Reid Morgan,,
"on authority, unranked by all sources",Tyler Morgan,,
"on authority, unranked by all sources",Sergio Morillo,,
"on authority, unranked by all sources",Wilny Moron,,
"on authority, unranked by all sources",Zack Morris,,
"on authority, unranked by all sources",Cooper Moss,,
"on authority, unranked by all sources",Alberto Mota,,
"on authority, unranked by all sources",Eddy Mota,,
"on authority, unranked by all sources",Edgar Mota,,
"on authority, unranked by all sources",Eliseo Mota,,
"on authority, unranked by all sources",P.J. Moutzouridis,,
"on authority, unranked by all sources",Omar Moya,,
"on authority, unranked by all sources",Christian Mracna,,
"on authority, unranked by all sources",Zach Muckenhirn,,
"on authority, unranked by all sources",Ren Mukunoki,,
"on authority, unranked by all sources",Maikol Munoz,,
"on authority, unranked by all sources",Victor Munoz,,
"on authority, unranked by all sources",Kristin Munroe,,
"on authority, unranked by all sources",Juan Murillo,,
"on authority, unranked by all sources",John Murphy,,
"on authority, unranked by all sources",Zach Murray,,
"on authority, unranked by all sources",Tyler Myrick,,
"on authority, unranked by all sources",Alejandro Méndez,,
"on authority, unranked by all sources",Deivis Nadal,,
"on authority, unranked by all sources",Joe Nahas,,
"on authority, unranked by all sources",Raisei Nakamura,,
"on authority, unranked by all sources",Taishi Nakawake,,
"on authority, unranked by all sources",Luke Napleton,,
"on authority, unranked by all sources",Efrenyer Narvaez,,
"on authority, unranked by all sources",Tim Naughton,,
"on authority, unranked by all sources",Diego Navarro,,
"on authority, unranked by all sources",Edgar Navarro,,
"on authority, unranked by all sources",Vaughn Necker,,
"on authority, unranked by all sources",Juan Carlos Negret,,
"on authority, unranked by all sources",Tyler Neslony,,
"on authority, unranked by all sources",Dylan Neuse,,
"on authority, unranked by all sources",Roiber Niazoa,,
"on authority, unranked by all sources",Angel Nieblas,,
"on authority, unranked by all sources",Hayden Nierman,,
"on authority, unranked by all sources",Hector Nieves,,
"on authority, unranked by all sources",Jack Noble,,
"on authority, unranked by all sources",Chance Nolan,,
"on authority, unranked by all sources",Jake Noll,,
"on authority, unranked by all sources",Trey Nordmann,,
"on authority, unranked by all sources",Cruz Noriega,,
"on authority, unranked by all sources",Takahiro Norimoto,,
"on authority, unranked by all sources",Satchell Norman,,
"on authority, unranked by all sources",Daniel Norris,,
"on authority, unranked by all sources",Anderson Nova,,
"on authority, unranked by all sources",Jose Nova,,
"on authority, unranked by all sources",Ellian Nunez,,
"on authority, unranked by all sources",German Nunez,,
"on authority, unranked by all sources",Henry Nunez,,
"on authority, unranked by all sources",Lennyn Nunez,,
"on authority, unranked by all sources",Vicent Nunez,,
"on authority, unranked by all sources",Brady O'Brien,,
"on authority, unranked by all sources",John O'Reilly,,
"on authority, unranked by all sources",Blaze O'Saben,,
"on authority, unranked by all sources",Jimmy Obertop,,
"on authority, unranked by all sources",Nelvis Ochoa,,
"on authority, unranked by all sources",Adrian Ogando,,
"on authority, unranked by all sources",Luis Ogando,,
"on authority, unranked by all sources",Ryo Ohta,,
"on authority, unranked by all sources",Yasunobu Okugawa,,
"on authority, unranked by all sources",Billy Oldham,,
"on authority, unranked by all sources",Benjamin Onyshko,,
"on authority, unranked by all sources",Johzan Oquendo,,
"on authority, unranked by all sources",Eliezer Orbe,,
"on authority, unranked by all sources",Jesus Ordonez,,
"on authority, unranked by all sources",Jose Ortega,,
"on authority, unranked by all sources",Avery Ortiz,,
"on authority, unranked by all sources",Raymel Ortiz,,
"on authority, unranked by all sources",Yojeiry Osoria,,
"on authority, unranked by all sources",Justin Osterhouse,,
"on authority, unranked by all sources",Tomo Otosaka,,
"on authority, unranked by all sources",Ivan Oviedo,,
"on authority, unranked by all sources",Chris Owings,,
"on authority, unranked by all sources",Brennen Oxford,,
"on authority, unranked by all sources",Fernery Ozuna,,
"on authority, unranked by all sources",Miguel Pabón,,
"on authority, unranked by all sources",Luis Pacheco,,
"on authority, unranked by all sources",Orlando Pacheco,,
"on authority, unranked by all sources",Simon Pacheco,,
"on authority, unranked by all sources",Jaylen Paden,,
"on authority, unranked by all sources",Kanoa Pagan,,
"on authority, unranked by all sources",Isaac Palacio,,
"on authority, unranked by all sources",Johan Palacios,,
"on authority, unranked by all sources",Daniel Palka,,
"on authority, unranked by all sources",Preston Palmeiro,,
"on authority, unranked by all sources",Angel Paredes,,
"on authority, unranked by all sources",Luis Paredes,,
"on authority, unranked by all sources",Luis Paredes,,
"on authority, unranked by all sources",Javier Pariguan,,
"on authority, unranked by all sources",Ji Hwan Park,,
"on authority, unranked by all sources",Min-Woo Park,,
"on authority, unranked by all sources",Andres Parra,,
"on authority, unranked by all sources",Hunter Parsons,,
"on authority, unranked by all sources",Wes Parsons,,
"on authority, unranked by all sources",Marco Patino,,
"on authority, unranked by all sources",Cole Patten,,
"on authority, unranked by all sources",Spencer Patton,,
"on authority, unranked by all sources",Arthur Paul,,
"on authority, unranked by all sources",Alexis Paulino,,
"on authority, unranked by all sources",Anderson Paulino,,
"on authority, unranked by all sources",Brailyn Paulino,,
"on authority, unranked by all sources",Keiderson Pavon,,
"on authority, unranked by all sources",Karell Paz,,
"on authority, unranked by all sources",Richard Paz,,
"on authority, unranked by all sources",Matt Peacock,,
"on authority, unranked by all sources",Jacob Pearson,,
"on authority, unranked by all sources",Esmerlin Peguero,,
"on authority, unranked by all sources",Francis Peguero,,
"on authority, unranked by all sources",Jeremy Peguero,,
"on authority, unranked by all sources",Carlos Pelegrin,,
"on authority, unranked by all sources",Connor Pellerin,,
"on authority, unranked by all sources",Ayendy Pena,,
"on authority, unranked by all sources",Eliezer Pena,,
"on authority, unranked by all sources",Isaac Pena,,
"on authority, unranked by all sources",Malvin Pena,,
"on authority, unranked by all sources",Ronald Pena,,
"on authority, unranked by all sources",Victor Pena,,
"on authority, unranked by all sources",Yahir Pena,,
"on authority, unranked by all sources",Caleb Pendleton,,
"on authority, unranked by all sources",Ty Penner,,
"on authority, unranked by all sources",Blake Penso,,
"on authority, unranked by all sources",Fabio Peralta,,
"on authority, unranked by all sources",Cole Percival,,
"on authority, unranked by all sources",Alan Perdomo,,
"on authority, unranked by all sources",Yordis Perera,,
"on authority, unranked by all sources",Adrian Perez,,
"on authority, unranked by all sources",Daniel Perez,,
"on authority, unranked by all sources",Dayro Perez,,
"on authority, unranked by all sources",Doilin Perez,,
"on authority, unranked by all sources",Doimil Perez,,
"on authority, unranked by all sources",Hernan Perez,,
"on authority, unranked by all sources",Jean Perez,,
"on authority, unranked by all sources",Marlon Perez,,
"on authority, unranked by all sources",Miguel Perez,,
"on authority, unranked by all sources",Robert Perez,,
"on authority, unranked by all sources",Samuel Perez,,
"on authority, unranked by all sources",Aaron Perry,,
"on authority, unranked by all sources",Darius Perry,,
"on authority, unranked by all sources",Tanner Perry,,
"on authority, unranked by all sources",Treyson Peters,,
"on authority, unranked by all sources",Ben Peterson,,
"on authority, unranked by all sources",Robbie Peto,,
"on authority, unranked by all sources",Ben Petschke,,
"on authority, unranked by all sources",Zach Pettway,,
"on authority, unranked by all sources",Jake Pfennigs,,
"on authority, unranked by all sources",Cam Pferrer,,
"on authority, unranked by all sources",Roman Phansalkar,,
"on authority, unranked by all sources",Angel Pierre,,
"on authority, unranked by all sources",Louis Pierre,,
"on authority, unranked by all sources",Jake Pilarski,,
"on authority, unranked by all sources",Rudit Pina,,
"on authority, unranked by all sources",Euri Pineda,,
"on authority, unranked by all sources",Luis Pineda,,
"on authority, unranked by all sources",Jose Pinto,,
"on authority, unranked by all sources",Santiago Pinto,,
"on authority, unranked by all sources",Konner Piotto,,
"on authority, unranked by all sources",Tyler Pitzer,,
"on authority, unranked by all sources",Blake Pivaroff,,
"on authority, unranked by all sources",Erison Placencia,,
"on authority, unranked by all sources",Adam Plutko,,
"on authority, unranked by all sources",Chase Plymell,,
"on authority, unranked by all sources",Marcos Pol,,
"on authority, unranked by all sources",Brandison Polanco,,
"on authority, unranked by all sources",Brayan Polanco,,
"on authority, unranked by all sources",Bryan Polanco,,
"on authority, unranked by all sources",Julio Polanco,,
"on authority, unranked by all sources",Natanael Polanco,,
"on authority, unranked by all sources",Jared Poland,,
"on authority, unranked by all sources",TJ Pompey,,
"on authority, unranked by all sources",Isaac Ponce,,
"on authority, unranked by all sources",Thomas Ponticelli,,
"on authority, unranked by all sources",Bryan Pope,,
"on authority, unranked by all sources",Danny Portel,,
"on authority, unranked by all sources",Walker Powell,,
"on authority, unranked by all sources",Arnold Prado,,
"on authority, unranked by all sources",Santiago Prado,,
"on authority, unranked by all sources",Yoniel Prats,,
"on authority, unranked by all sources",Dawson Price,,
"on authority, unranked by all sources",Connor Prins,,
"on authority, unranked by all sources",Ford Proctor,,
"on authority, unranked by all sources",Austin Pruitt,,
"on authority, unranked by all sources",Brady Puckett,,
"on authority, unranked by all sources",Israel Puello,,
"on authority, unranked by all sources",Sebastian Pulido,,
"on authority, unranked by all sources",Andrew Purdy,,
"on authority, unranked by all sources",Jarren Purify,,
"on authority, unranked by all sources",Josh Pyne,,
"on authority, unranked by all sources",Jordan Qsar,,
"on authority, unranked by all sources",Johan Quezada,,
"on authority, unranked by all sources",Stephen Quigley,,
"on authority, unranked by all sources",Yulian Quintana,,
"on authority, unranked by all sources",Alison Quintero,,
"on authority, unranked by all sources",Abiezel Ramirez,,
"on authority, unranked by all sources",Jose Ramirez,,
"on authority, unranked by all sources",Rafael Ramirez,,
"on authority, unranked by all sources",Ruben Ramirez,,
"on authority, unranked by all sources",Wanmer Ramirez,,
"on authority, unranked by all sources",Wilmer Ramirez,,
"on authority, unranked by all sources",Randy Ramnarace,,
"on authority, unranked by all sources",Henry Ramos,,
"on authority, unranked by all sources",Johan Ramos,,
"on authority, unranked by all sources",Porfirio Ramos,,
"on authority, unranked by all sources",Reynell Ramos,,
"on authority, unranked by all sources",Garrett Ramsey,,
"on authority, unranked by all sources",Raul Rangel,,
"on authority, unranked by all sources",Alex Rao,,
"on authority, unranked by all sources",Nicholas Regalado,,
"on authority, unranked by all sources",Tyler Reichenborn,,
"on authority, unranked by all sources",Simon Reid,,
"on authority, unranked by all sources",Jake Reindl,,
"on authority, unranked by all sources",Marcel Renteria,,
"on authority, unranked by all sources",Alexander Requena,,
"on authority, unranked by all sources",Angel Reyes,,
"on authority, unranked by all sources",Elvis Reyes,,
"on authority, unranked by all sources",Endry Reyes,,
"on authority, unranked by all sources",Jean Reyes,,
"on authority, unranked by all sources",Jimmy Reyes,,
"on authority, unranked by all sources",Samuel Reyes,,
"on authority, unranked by all sources",Yokelvin Reyes,,
"on authority, unranked by all sources",Cole Reynolds,,
"on authority, unranked by all sources",Owen Rice,,
"on authority, unranked by all sources",Kevin Richards,,
"on authority, unranked by all sources",Nick Richmond,,
"on authority, unranked by all sources",Cal Riehl,,
"on authority, unranked by all sources",Brayan Rijo,,
"on authority, unranked by all sources",Alvaro Rios,,
"on authority, unranked by all sources",Jamie Ritchie,,
"on authority, unranked by all sources",Gustavo Rivas,,
"on authority, unranked by all sources",Kevin Rivas,,
"on authority, unranked by all sources",Blake Rivera,,
"on authority, unranked by all sources",Miguel Rivera,,
"on authority, unranked by all sources",Gabriel Rivero,,
"on authority, unranked by all sources",Jesus Rivero,,
"on authority, unranked by all sources",Jhonanderson Robain,,
"on authority, unranked by all sources",Jimmy Robbins,,
"on authority, unranked by all sources",Cody Roberts,,
"on authority, unranked by all sources",Michael Robertson,,
"on authority, unranked by all sources",Duce Robinson,,
"on authority, unranked by all sources",Errol Robinson,,
"on authority, unranked by all sources",Ethan Robinson,,
"on authority, unranked by all sources",Liam Rocha,,
"on authority, unranked by all sources",Kyle Roche,,
"on authority, unranked by all sources",Brody Rodning,,
"on authority, unranked by all sources",Alejandro Rodriguez,,
"on authority, unranked by all sources",Andy Rodriguez,,
"on authority, unranked by all sources",Anthony Rodriguez,,
"on authority, unranked by all sources",Carlos Rodriguez,,
"on authority, unranked by all sources",Dereck Rodriguez,,
"on authority, unranked by all sources",Estarlin Rodriguez,,
"on authority, unranked by all sources",Juan Rodriguez,,
"on authority, unranked by all sources",Luis Rodriguez,,
"on authority, unranked by all sources",Michael Rodriguez,,
"on authority, unranked by all sources",Miguel Rodriguez,,
"on authority, unranked by all sources",Nathanael Rodriguez,,
"on authority, unranked by all sources",Nerio Rodriguez,,
"on authority, unranked by all sources",Wilking Rodriguez,,
"on authority, unranked by all sources",Yorman Rodriguez,,
"on authority, unranked by all sources",Anderson Rogers,,
"on authority, unranked by all sources",Josh Rogers,,
"on authority, unranked by all sources",Cesar Rojas,,
"on authority, unranked by all sources",Eyeksson Rojas,,
"on authority, unranked by all sources",Gilberto Rojas,,
"on authority, unranked by all sources",Angel Roman,,
"on authority, unranked by all sources",Javier Roman,,
"on authority, unranked by all sources",Anger Romero,,
"on authority, unranked by all sources",Carlos Romero,,
"on authority, unranked by all sources",Fernando Romero,,
"on authority, unranked by all sources",Jose Romero,,
"on authority, unranked by all sources",Luciano Romero,,
"on authority, unranked by all sources",Luifer Romero,,
"on authority, unranked by all sources",Omar Romero,,
"on authority, unranked by all sources",Leonardo Rondon,,
"on authority, unranked by all sources",Leonardo Rondon,,
"on authority, unranked by all sources",Newremberg Rondon,,
"on authority, unranked by all sources",Bayden Root,,
"on authority, unranked by all sources",Joseph Rosa,,
"on authority, unranked by all sources",Jamaliel Rosado Jr.,,
"on authority, unranked by all sources",Carlos Rosario,,
"on authority, unranked by all sources",Helder Rosario,,
"on authority, unranked by all sources",Jonney Rosario,,
"on authority, unranked by all sources",Neify Rosario,,
"on authority, unranked by all sources",Raymon Rosario,,
"on authority, unranked by all sources",Stanley Rosario,,
"on authority, unranked by all sources",Brady Rose,,
"on authority, unranked by all sources",Nathan Rose,,
"on authority, unranked by all sources",Chris Rotondo,,
"on authority, unranked by all sources",Carson Rudd,,
"on authority, unranked by all sources",Christian Ruebeck,,
"on authority, unranked by all sources",Mike Ruff,,
"on authority, unranked by all sources",Agustin Ruiz,,
"on authority, unranked by all sources",Cesar Ruiz,,
"on authority, unranked by all sources",Norge Ruiz,,
"on authority, unranked by all sources",Yarison Ruiz,,
"on authority, unranked by all sources",Aaron Rund,,
"on authority, unranked by all sources",Sam Ruta,,
"on authority, unranked by all sources",Sam Ryan,,
"on authority, unranked by all sources",Reynaldo Saa,,
"on authority, unranked by all sources",Yuhi Sako,,
"on authority, unranked by all sources",Grabiel Salazar,,
"on authority, unranked by all sources",Edinson Salgado,,
"on authority, unranked by all sources",Roque Salinas,,
"on authority, unranked by all sources",Jose Salvador,,
"on authority, unranked by all sources",Mike Salvatore,,
"on authority, unranked by all sources",Jose Sanabria,,
"on authority, unranked by all sources",Angel Sanchez,,
"on authority, unranked by all sources",Fernando Sanchez,,
"on authority, unranked by all sources",Hugo Sanchez,,
"on authority, unranked by all sources",Jake Sanchez,,
"on authority, unranked by all sources",Jose Sanchez,,
"on authority, unranked by all sources",Juan Sanchez,,
"on authority, unranked by all sources",Josh Sanders,,
"on authority, unranked by all sources",Schuyler Sandford,,
"on authority, unranked by all sources",Eliam Sandoval,,
"on authority, unranked by all sources",Joshuan Sandoval,,
"on authority, unranked by all sources",Will Sandy,,
"on authority, unranked by all sources",Debby Santana,,
"on authority, unranked by all sources",Eric Santana,,
"on authority, unranked by all sources",Giancarlos Santana,,
"on authority, unranked by all sources",Natanael Santana,,
"on authority, unranked by all sources",Pedro Santillan,,
"on authority, unranked by all sources",Angeudis Santos,,
"on authority, unranked by all sources",Ghordy Santos,,
"on authority, unranked by all sources",Pedro Santos,,
"on authority, unranked by all sources",Robert Santos,,
"on authority, unranked by all sources",Steven Santos,,
"on authority, unranked by all sources",Sammy Sass,,
"on authority, unranked by all sources",Charlie Saum,,
"on authority, unranked by all sources",Brandon Schaeffer,,
"on authority, unranked by all sources",Matt Scheffler,,
"on authority, unranked by all sources",Jake Scheiner,,
"on authority, unranked by all sources",Troy Schreffler,,
"on authority, unranked by all sources",Kyle Schroedle,,
"on authority, unranked by all sources",Jay Schueler,,
"on authority, unranked by all sources",J.J. Schwarz,,
"on authority, unranked by all sources",Trevor Schwecke,,
"on authority, unranked by all sources",Jonah Scolaro,,
"on authority, unranked by all sources",Wesley Scott,,
"on authority, unranked by all sources",Cody Scroggins,,
"on authority, unranked by all sources",Eduar Segovia,,
"on authority, unranked by all sources",Billy Seidl,,
"on authority, unranked by all sources",Hayden Seig,,
"on authority, unranked by all sources",Montana Semmel,,
"on authority, unranked by all sources",Shawn Semple,,
"on authority, unranked by all sources",Jose Serrano,,
"on authority, unranked by all sources",Frailyn Severino,,
"on authority, unranked by all sources",Juan Severino,,
"on authority, unranked by all sources",Pedro Severino,,
"on authority, unranked by all sources",Jehisbert Sevilla,,
"on authority, unranked by all sources",Reese Sharp,,
"on authority, unranked by all sources",A.J. Shaver,,
"on authority, unranked by all sources",Tanner Shears,,
"on authority, unranked by all sources",Anthony Sherwin,,
"on authority, unranked by all sources",Dylan Shockley,,
"on authority, unranked by all sources",Nicholas Shumpert,,
"on authority, unranked by all sources",Jose Sibrian,,
"on authority, unranked by all sources",Armando Sierra,,
"on authority, unranked by all sources",Diomede Sierra,,
"on authority, unranked by all sources",Easton Sikorski,,
"on authority, unranked by all sources",Renny Sillet,,
"on authority, unranked by all sources",Brahian Silva,,
"on authority, unranked by all sources",Gabriel Silva,,
"on authority, unranked by all sources",Manuel Silva,,
"on authority, unranked by all sources",William Silva,,
"on authority, unranked by all sources",Yeferson Silva,,
"on authority, unranked by all sources",Anthony Silvas,,
"on authority, unranked by all sources",Yoelvin Silven,,
"on authority, unranked by all sources",Freilyn Silverio,,
"on authority, unranked by all sources",Jesus Silverio,,
"on authority, unranked by all sources",Engel Silvestre,,
"on authority, unranked by all sources",Yoryi Simarra,,
"on authority, unranked by all sources",Hale Sims,,
"on authority, unranked by all sources",Saul Siri,,
"on authority, unranked by all sources",Carson Skipper,,
"on authority, unranked by all sources",Jake Slaughter,,
"on authority, unranked by all sources",Aubrey Smith,,
"on authority, unranked by all sources",Chad Smith,,
"on authority, unranked by all sources",Grant Smith,,
"on authority, unranked by all sources",Jake Smith,,
"on authority, unranked by all sources",Julian Smith,,
"on authority, unranked by all sources",Kyle Smith,,
"on authority, unranked by all sources",Peyton Smith,,
"on authority, unranked by all sources",Shurland Smith,,
"on authority, unranked by all sources",Tyler Smith,,
"on authority, unranked by all sources",Campbell Smithwick,,
"on authority, unranked by all sources",Jake Snider,,
"on authority, unranked by all sources",Jack Snyder,,
"on authority, unranked by all sources",Kaleb Sophy,,
"on authority, unranked by all sources",Andres Sosa,,
"on authority, unranked by all sources",Anthony Sosa,,
"on authority, unranked by all sources",Jeromy Sosa,,
"on authority, unranked by all sources",Yenfri Sosa,,
"on authority, unranked by all sources",Marco Soto,,
"on authority, unranked by all sources",Wally Soto,,
"on authority, unranked by all sources",Nolan Souza,,
"on authority, unranked by all sources",Dylan Spacke,,
"on authority, unranked by all sources",Brayden Spears,,
"on authority, unranked by all sources",Declan Speirs,,
"on authority, unranked by all sources",Liam Spence,,
"on authority, unranked by all sources",Harrison Spohn,,
"on authority, unranked by all sources",Fitz Stadler,,
"on authority, unranked by all sources",Chris Stanfield,,
"on authority, unranked by all sources",Gant Starling,,
"on authority, unranked by all sources",Nick Starr,,
"on authority, unranked by all sources",Tyler Stasiowski,,
"on authority, unranked by all sources",Murphy Stehly,,
"on authority, unranked by all sources",Landon Stephens,,
"on authority, unranked by all sources",Jake Stevenson,,
"on authority, unranked by all sources",Joe Stewart,,
"on authority, unranked by all sources",Joshua Stewart,,
"on authority, unranked by all sources",Matt Stil,,
"on authority, unranked by all sources",Tristan Stivors,,
"on authority, unranked by all sources",Alex Stone,,
"on authority, unranked by all sources",Jacob Stretch,,
"on authority, unranked by all sources",Eston Stull,,
"on authority, unranked by all sources",Mitchell Stumpo,,
"on authority, unranked by all sources",Andrew Suarez,,
"on authority, unranked by all sources",Cristian Suarez,,
"on authority, unranked by all sources",Jhoangel Suarez,,
"on authority, unranked by all sources",Wilson Suarez,,
"on authority, unranked by all sources",Matt Suggs,,
"on authority, unranked by all sources",Billy Sullivan,,
"on authority, unranked by all sources",Beau Sulser,,
"on authority, unranked by all sources",Joe Suozzi,,
"on authority, unranked by all sources",Jose Suriel,,
"on authority, unranked by all sources",Timothy Susnara,,
"on authority, unranked by all sources",Josh Swales,,
"on authority, unranked by all sources",Luke Taggart,,
"on authority, unranked by all sources",Noah Takacs,,
"on authority, unranked by all sources",Keiji Takahashi,,
"on authority, unranked by all sources",Tommy Takayoshi,,
"on authority, unranked by all sources",Roiber Talavera,,
"on authority, unranked by all sources",LJ Talley,,
"on authority, unranked by all sources",Dominic Tamez,,
"on authority, unranked by all sources",Anthony Tandron,,
"on authority, unranked by all sources",Domingo Tapia,,
"on authority, unranked by all sources",German Tapia,,
"on authority, unranked by all sources",Jesus Tapia,,
"on authority, unranked by all sources",Bryce Tassin,,
"on authority, unranked by all sources",Sammy Tavarez,,
"on authority, unranked by all sources",Diosmerky Taveras,,
"on authority, unranked by all sources",Felix Taveras,,
"on authority, unranked by all sources",Beau Taylor,,
"on authority, unranked by all sources",Josh Taylor,,
"on authority, unranked by all sources",Abrahan Tejada,,
"on authority, unranked by all sources",Leury Tejada,,
"on authority, unranked by all sources",Robbie Tenerowicz,,
"on authority, unranked by all sources",Ryusei Terachi,,
"on authority, unranked by all sources",Gabriel Terrero,,
"on authority, unranked by all sources",Marcos Terrero,,
"on authority, unranked by all sources",Gray Thomas,,
"on authority, unranked by all sources",Jared Thomas,,
"on authority, unranked by all sources",Darrell Thompson,,
"on authority, unranked by all sources",Paxton Thompson,,
"on authority, unranked by all sources",Tyree Thompson,,
"on authority, unranked by all sources",Grayson Thurman,,
"on authority, unranked by all sources",Ty Tice,,
"on authority, unranked by all sources",Shay Timmer,,
"on authority, unranked by all sources",Johnny Tincher,,
"on authority, unranked by all sources",Riskiel Tineo,,
"on authority, unranked by all sources",Yeferson Tineo,,
"on authority, unranked by all sources",Carlos Tirado,,
"on authority, unranked by all sources",Rodolfo Toledano,,
"on authority, unranked by all sources",Francisco Toledo,,
"on authority, unranked by all sources",Carlos Torres,,
"on authority, unranked by all sources",Michael Torres,,
"on authority, unranked by all sources",Victor Torres,,
"on authority, unranked by all sources",Frankie Tostado,,
"on authority, unranked by all sources",Anderson Tovar,,
"on authority, unranked by all sources",Eduardo Tovar,,
"on authority, unranked by all sources",Geremy Tovar,,
"on authority, unranked by all sources",Jhemiangel Tovar,,
"on authority, unranked by all sources",Nick Trabacchi,,
"on authority, unranked by all sources",Hayden Travinski,,
"on authority, unranked by all sources",Danny Trehey,,
"on authority, unranked by all sources",Justin Trimble,,
"on authority, unranked by all sources",Angel Trinidad,,
"on authority, unranked by all sources",Cody Tucker,,
"on authority, unranked by all sources",Zack Tukis,,
"on authority, unranked by all sources",Eyke Ugueto,,
"on authority, unranked by all sources",Geison Urbaez,,
"on authority, unranked by all sources",Dauris Valdez,,
"on authority, unranked by all sources",Joel Valdez,,
"on authority, unranked by all sources",Miguel Valdez,,
"on authority, unranked by all sources",Alexandre Valdiviezo,,
"on authority, unranked by all sources",Chase Valentine,,
"on authority, unranked by all sources",Fabricio Valera,,
"on authority, unranked by all sources",Samuel Valerio,,
"on authority, unranked by all sources",Bryson Van Sickle,,
"on authority, unranked by all sources",Josh VanMeter,,
"on authority, unranked by all sources",Vince Vannelle,,
"on authority, unranked by all sources",Cesar Vargas,,
"on authority, unranked by all sources",Edward Vargas,,
"on authority, unranked by all sources",Drake Varnado,,
"on authority, unranked by all sources",Amilcar Vasquez,,
"on authority, unranked by all sources",Geovanny Vasquez,,
"on authority, unranked by all sources",Jalen Vasquez,,
"on authority, unranked by all sources",Yosweld Vasquez,,
"on authority, unranked by all sources",Kevin Vaupel,,
"on authority, unranked by all sources",Felipe Vazquez,,
"on authority, unranked by all sources",Luis Vega,,
"on authority, unranked by all sources",Marco Vega,,
"on authority, unranked by all sources",Noel Vela,,
"on authority, unranked by all sources",Ramses Velazquez,,
"on authority, unranked by all sources",Ezequiel Ventura,,
"on authority, unranked by all sources",Drew VerHagen,,
"on authority, unranked by all sources",Alejandro Vera,,
"on authority, unranked by all sources",Zebulon Vermillion,,
"on authority, unranked by all sources",Ben Vespi,,
"on authority, unranked by all sources",Fernando Villalobos,,
"on authority, unranked by all sources",Hugo Villalobos,,
"on authority, unranked by all sources",Varis Villarreal,,
"on authority, unranked by all sources",Luis Viloria,,
"on authority, unranked by all sources",Meibrys Viloria,,
"on authority, unranked by all sources",Edison Vivas,,
"on authority, unranked by all sources",Anthony Vizcaya,,
"on authority, unranked by all sources",Ruben Vizcaya,,
"on authority, unranked by all sources",Drew Vogel,,
"on authority, unranked by all sources",Jesse Wainscott,,
"on authority, unranked by all sources",Marcus Walden,,
"on authority, unranked by all sources",Charlie Walker,,
"on authority, unranked by all sources",Jake Walters,,
"on authority, unranked by all sources",Nash Walters,,
"on authority, unranked by all sources",Nick Ward,,
"on authority, unranked by all sources",Austin Warner,,
"on authority, unranked by all sources",Jaren Warwick,,
"on authority, unranked by all sources",Chase Watkins,,
"on authority, unranked by all sources",Spenser Watkins,,
"on authority, unranked by all sources",Nolan Watson,,
"on authority, unranked by all sources",Caberea Weaver,,
"on authority, unranked by all sources",Ryan Weber,,
"on authority, unranked by all sources",Robert Wegielnik,,
"on authority, unranked by all sources",Tyler Wehrle,,
"on authority, unranked by all sources",Cole Weinstein,,
"on authority, unranked by all sources",Cooper Weiss,,
"on authority, unranked by all sources",Ryan Wentz,,
"on authority, unranked by all sources",Luke Westphal,,
"on authority, unranked by all sources",Matt Whatley,,
"on authority, unranked by all sources",Sam White,,
"on authority, unranked by all sources",Blake Whitney,,
"on authority, unranked by all sources",C.J. Widger,,
"on authority, unranked by all sources",Brad Wieck,,
"on authority, unranked by all sources",Kyle Wilcox,,
"on authority, unranked by all sources",Aaron Wilkerson,,
"on authority, unranked by all sources",Slade Wilks,,
"on authority, unranked by all sources",Chris Williams Jr.,,
"on authority, unranked by all sources",Cam Williams,,
"on authority, unranked by all sources",Jordan Williams,,
"on authority, unranked by all sources",Justin Williams,,
"on authority, unranked by all sources",Coleman Willis,,
"on authority, unranked by all sources",Marlin Willis,,
"on authority, unranked by all sources",Brooks Wilson,,
"on authority, unranked by all sources",Easton Winfield,,
"on authority, unranked by all sources",Clay Winklaar,,
"on authority, unranked by all sources",Danny Wirchansky,,
"on authority, unranked by all sources",Justin Wishkoski,,
"on authority, unranked by all sources",Grant Witherspoon,,
"on authority, unranked by all sources",Paul Witt,,
"on authority, unranked by all sources",Jantzen Witte,,
"on authority, unranked by all sources",Jake Wong,,
"on authority, unranked by all sources",William Woods,,
"on authority, unranked by all sources",Joshwan Wright,,
"on authority, unranked by all sources",Cam Wynne,,
"on authority, unranked by all sources",Sean Yamaguchi,,
"on authority, unranked by all sources",Seiya Yokoyama,,
"on authority, unranked by all sources",Jeong Bin Yoon,,
"on authority, unranked by all sources",Christian Young,,
"on authority, unranked by all sources",Kun Yu Chiang,,
"on authority, unranked by all sources",Justin Yurchak,,
"on authority, unranked by all sources",Josh Zamora,,
"on authority, unranked by all sources",Daury Zapata,,
"on authority, unranked by all sources",Genderson Zapata,,
"on authority, unranked by all sources",Juan Zapata,,
"on authority, unranked by all sources",Julio Zapata,,
"on authority, unranked by all sources",Angel Zarate,,
"on authority, unranked by all sources",Alan Zhang Carter,,
"on authority, unranked by all sources",Bradley Zimmer,,
"on authority, unranked by all sources",John Zorrilla,,
"on authority, unranked by all sources",Zach Zubia,,
"on authority, unranked by all sources",Brayan Almonte,,
"on authority, unranked by all sources",Roberto Alvarez,,
"on authority, unranked by all sources",Gustavo Armas,,
"on authority, unranked by all sources",Christian Avendano,,
"on authority, unranked by all sources",David Avitia,,
"on authority, unranked by all sources",Ricardo Balogh,,
"on authority, unranked by all sources",Collin Baumgartner,,
"on authority, unranked by all sources",Jeremy Bautista,,
"on authority, unranked by all sources",Luke Bell,,
"on authority, unranked by all sources",John Beller,,
"on authority, unranked by all sources",Erick Bello,,
"on authority, unranked by all sources",Hugo Beltran,,
"on authority, unranked by all sources",Ruben Benavides,,
"on authority, unranked by all sources",Edwuin Bencomo,,
"on authority, unranked by all sources",Alendry Benua,,
"on authority, unranked by all sources",Jake Berry,,
"on authority, unranked by all sources",Trevor Bettencourt,,
"on authority, unranked by all sources",Michael Bienlien,,
"on authority, unranked by all sources",Grant Black,,
"on authority, unranked by all sources",Dennis Boatman,,
"on authority, unranked by all sources",Jeziel Boekhoudt,,
"on authority, unranked by all sources",Gueile Borrome,,
"on authority, unranked by all sources",Jorge Boyer,,
"on authority, unranked by all sources",Austin Briggs,,
"on authority, unranked by all sources",Matt Brosky,,
"on authority, unranked by all sources",Garrett Brown,,
"on authority, unranked by all sources",Chad Bryant,,
"on authority, unranked by all sources",Chris Burke,,
"on authority, unranked by all sources",Anel Cabrera,,
"on authority, unranked by all sources",Jhonnys Cabrera,,
"on authority, unranked by all sources",Nehomar Caldera,,
"on authority, unranked by all sources",Carlos Calderon,,
"on authority, unranked by all sources",Drew Campbell,,
"on authority, unranked by all sources",Dyron Campos,,
"on authority, unranked by all sources",Ryan Carpenter,,
"on authority, unranked by all sources",Jean Casanova,,
"on authority, unranked by all sources",Derek Casey,,
"on authority, unranked by all sources",Chad Castillo,,
"on authority, unranked by all sources",Kyler Castillo,,
"on authority, unranked by all sources",Pres Cavenaugh,,
"on authority, unranked by all sources",Milleran Cedano,,
"on authority, unranked by all sources",Jeremy Celedonio,,
"on authority, unranked by all sources",Luis Cepeda,,
"on authority, unranked by all sources",Charlie Cerny,,
"on authority, unranked by all sources",Elizaul Chalas,,
"on authority, unranked by all sources",Tyler Chatwood,,
"on authority, unranked by all sources",Calvin Coker,,
"on authority, unranked by all sources",Hayden Cooper,,
"on authority, unranked by all sources",Rolphy Cruz,,
"on authority, unranked by all sources",Wuilker Cumare,,
"on authority, unranked by all sources",Mitchell Daly,,
"on authority, unranked by all sources",Rafael De Jesus,,
"on authority, unranked by all sources",Francis De Leon,,
"on authority, unranked by all sources",Omar Diaz,,
"on authority, unranked by all sources",Rhodery Diaz,,
"on authority, unranked by all sources",Yimmy Diaz,,
"on authority, unranked by all sources",Carlos Dominguez,,
"on authority, unranked by all sources",Miguel Dominguez,,
"on authority, unranked by all sources",Matt Donlan,,
"on authority, unranked by all sources",Dakota Donovan,,
"on authority, unranked by all sources",Miguel Droz,,
"on authority, unranked by all sources",Jared Dupere,,
"on authority, unranked by all sources",Gregory Duran,,
"on authority, unranked by all sources",Breck Eichelberger,,
"on authority, unranked by all sources",Cole Elvis,,
"on authority, unranked by all sources",Myles Emmerson,,
"on authority, unranked by all sources",Hunter Ensley,,
"on authority, unranked by all sources",Justin Evans,,
"on authority, unranked by all sources",Zac Fascia,,
"on authority, unranked by all sources",Ilvin Fernandez,,
"on authority, unranked by all sources",Xavier Fernandez,,
"on authority, unranked by all sources",Alvaro Figueroa,,
"on authority, unranked by all sources",Osmany Fleitas,,
"on authority, unranked by all sources",Wilfredo Flores,,
"on authority, unranked by all sources",Kasey Ford,,
"on authority, unranked by all sources",Mason Fox,,
"on authority, unranked by all sources",Jesus Franco,,
"on authority, unranked by all sources",Yonathan Frias,,
"on authority, unranked by all sources",Vito Friscia,,
"on authority, unranked by all sources",Miguel Fulgencio,,
"on authority, unranked by all sources",Nick Gallagher,,
"on authority, unranked by all sources",Over Galue,,
"on authority, unranked by all sources",Claudio Galva,,
"on authority, unranked by all sources",Darol Garcia,,
"on authority, unranked by all sources",Duncan Garcia,,
"on authority, unranked by all sources",Eric Garcia,,
"on authority, unranked by all sources",Misael Garcia,,
"on authority, unranked by all sources",Roelmy Garcia,,
"on authority, unranked by all sources",Chris Gau,,
"on authority, unranked by all sources",Zack Godley,,
"on authority, unranked by all sources",Orceli Gomez,,
"on authority, unranked by all sources",Dominic Gonnella,,
"on authority, unranked by all sources",Herard Gonzalez,,
"on authority, unranked by all sources",Joseph Gonzalez,,
"on authority, unranked by all sources",Harold Grant,,
"on authority, unranked by all sources",Luis Guerra,,
"on authority, unranked by all sources",Arturo Guerrero,,
"on authority, unranked by all sources",Henry Guerrero,,
"on authority, unranked by all sources",Joe Gunkel,,
"on authority, unranked by all sources",Dariam Gutierrez,,
"on authority, unranked by all sources",Francisco Hernandez,,
"on authority, unranked by all sources",Oscar Hernandez,,
"on authority, unranked by all sources",Wilfrre Hernandez,,
"on authority, unranked by all sources",Frank Hernández,,
"on authority, unranked by all sources",Nick Herold,,
"on authority, unranked by all sources",Jean Herrera,,
"on authority, unranked by all sources",Reyden Hidalgo,,
"on authority, unranked by all sources",Jason Hodges,,
"on authority, unranked by all sources",Jonathan Holder,,
"on authority, unranked by all sources",Connor Hoover,,
"on authority, unranked by all sources",Ibrahyn Jimenez,,
"on authority, unranked by all sources",Kennedy Jones,,
"on authority, unranked by all sources",Grant Judkins,,
"on authority, unranked by all sources",Cullen Kafka,,
"on authority, unranked by all sources",Jake Kalish,,
"on authority, unranked by all sources",Dalton Kendrick,,
"on authority, unranked by all sources",Eric Kennedy,,
"on authority, unranked by all sources",Malakhi Knight,,
"on authority, unranked by all sources",Collin Kober,,
"on authority, unranked by all sources",Scott Kobos,,
"on authority, unranked by all sources",Adam Kolarek,,
"on authority, unranked by all sources",Nick Kuzia,,
"on authority, unranked by all sources",Oswel Leones,,
"on authority, unranked by all sources",Shane Lewis,,
"on authority, unranked by all sources",Jose Linares,,
"on authority, unranked by all sources",Jackson Linn,,
"on authority, unranked by all sources",Conner Loeprich,,
"on authority, unranked by all sources",Darcy Longstaff,,
"on authority, unranked by all sources",Celso Lopez,,
"on authority, unranked by all sources",Jason Lopez,,
"on authority, unranked by all sources",Hunter Loyd,,
"on authority, unranked by all sources",Carlos Luna,,
"on authority, unranked by all sources",Jake Lyons,,
"on authority, unranked by all sources",Davonn Mackey,,
"on authority, unranked by all sources",Jediael Maduro,,
"on authority, unranked by all sources",Jose Marcano,,
"on authority, unranked by all sources",Bennett Markinson,,
"on authority, unranked by all sources",Gedionne Marlin,,
"on authority, unranked by all sources",Hamlet Marte,,
"on authority, unranked by all sources",Bernie Martinez,,
"on authority, unranked by all sources",Jose Martinez,,
"on authority, unranked by all sources",Alejandro Mateo,,
"on authority, unranked by all sources",Zach McAllister,,
"on authority, unranked by all sources",Morgan McCullough,,
"on authority, unranked by all sources",Will McGillis,,
"on authority, unranked by all sources",Colton McIntosh,,
"on authority, unranked by all sources",Cooper McKeehan,,
"on authority, unranked by all sources",Ryan Meisinger,,
"on authority, unranked by all sources",Dante Mendoza,,
"on authority, unranked by all sources",Jose Mendoza,,
"on authority, unranked by all sources",Vicente Mendoza,,
"on authority, unranked by all sources",Santiago Millan,,
"on authority, unranked by all sources",Matt Minnick,,
"on authority, unranked by all sources",Dalton Moats,,
"on authority, unranked by all sources",Osbriel Mogollon,,
"on authority, unranked by all sources",Christian Molfetta,,
"on authority, unranked by all sources",Cole Moore,,
"on authority, unranked by all sources",Ryne Moore,,
"on authority, unranked by all sources",Karlos Morales,,
"on authority, unranked by all sources",Mike Morin,,
"on authority, unranked by all sources",Brendan Morse,,
"on authority, unranked by all sources",Korey Morton,,
"on authority, unranked by all sources",Adam Mrakitsch,,
"on authority, unranked by all sources",Jose Mujica,,
"on authority, unranked by all sources",Anthony Mulrine,,
"on authority, unranked by all sources",Alan Mundo,,
"on authority, unranked by all sources",Anderson Munoz,,
"on authority, unranked by all sources",Ivan Murzi,,
"on authority, unranked by all sources",Felix Negueis,,
"on authority, unranked by all sources",Lester Nin,,
"on authority, unranked by all sources",Seth Nordlin,,
"on authority, unranked by all sources",Ben Norman,,
"on authority, unranked by all sources",Andres Nunez,,
"on authority, unranked by all sources",Albert Oliva,,
"on authority, unranked by all sources",JB Olson,,
"on authority, unranked by all sources",Teodoro Ortega,,
"on authority, unranked by all sources",Matt Osterberg,,
"on authority, unranked by all sources",Juan Oviedo,,
"on authority, unranked by all sources",Jeffry Parra,,
"on authority, unranked by all sources",Luis Pelegrin,,
"on authority, unranked by all sources",Anthony Perez,,
"on authority, unranked by all sources",Kener Perez,,
"on authority, unranked by all sources",Luis Perez,,
"on authority, unranked by all sources",Wilmer Perez,,
"on authority, unranked by all sources",Andrew Peters,,
"on authority, unranked by all sources",Dominic Pilolli,,
"on authority, unranked by all sources",Peyton Plumlee,,
"on authority, unranked by all sources",Jake Polancic,,
"on authority, unranked by all sources",Triston Polley,,
"on authority, unranked by all sources",Robert Puente,,
"on authority, unranked by all sources",Pedro Quintana,,
"on authority, unranked by all sources",Malcom Quintero,,
"on authority, unranked by all sources",Welington Quintero,,
"on authority, unranked by all sources",Kole Ramage,,
"on authority, unranked by all sources",Jose Reyes,,
"on authority, unranked by all sources",Jose Luis Reyes,,
"on authority, unranked by all sources",Ibrain Ricardo,,
"on authority, unranked by all sources",Barrett Riebock,,
"on authority, unranked by all sources",Pedro Riera,,
"on authority, unranked by all sources",Geo Rivera Jr.,,
"on authority, unranked by all sources",Kobe Robinson,,
"on authority, unranked by all sources",Guillermo Rodriguez,,
"on authority, unranked by all sources",Joe Joe Rodriguez,,
"on authority, unranked by all sources",Orangel Rodriguez,,
"on authority, unranked by all sources",Samuel Rodriguez,,
"on authority, unranked by all sources",Wilber Rodriguez,,
"on authority, unranked by all sources",Samuel Rojas,,
"on authority, unranked by all sources",Joswuill Rondon,,
"on authority, unranked by all sources",Pat Ruotolo,,
"on authority, unranked by all sources",Matthew Ruppenthal,,
"on authority, unranked by all sources",Allan Saathoff,,
"on authority, unranked by all sources",Miguel Santos,,
"on authority, unranked by all sources",Logan Sawyer,,
"on authority, unranked by all sources",Jake Schrand,,
"on authority, unranked by all sources",Brett Schulze,,
"on authority, unranked by all sources",Aaron Shackelford,,
"on authority, unranked by all sources",Isaac Silva,,
"on authority, unranked by all sources",Colin Simpson,,
"on authority, unranked by all sources",Milton Smith Jr.,,
"on authority, unranked by all sources",Carter Smith,,
"on authority, unranked by all sources",Jonathan Sprinkle,,
"on authority, unranked by all sources",Wade Stauss,,
"on authority, unranked by all sources",Spencer Stockton,,
"on authority, unranked by all sources",Cole Stupp,,
"on authority, unranked by all sources",Gabriel Tapia,,
"on authority, unranked by all sources",Jefren Tejeda,,
"on authority, unranked by all sources",Reagan Todd,,
"on authority, unranked by all sources",Raider Uceta,,
"on authority, unranked by all sources",Nomar Urdaneta,,
"on authority, unranked by all sources",Christopher Vasquez,,
"on authority, unranked by all sources",Neifi Vasquez,,
"on authority, unranked by all sources",Boris Vecerka,,
"on authority, unranked by all sources",Marlon Vega,,
"on authority, unranked by all sources",Chase Wallace,,
"on authority, unranked by all sources",Jeffrey Wehler,,
"on authority, unranked by all sources",Wyatt Wendell,,
"on authority, unranked by all sources",Dallas Woolfolk,,
"on authority, unranked by all sources",Jaren Zinn,,
"on authority, unranked by all sources",Garrett Acton,,
"on authority, unranked by all sources",Blas Castano,,
"on authority, unranked by all sources",J.D. Davis,,
"on authority, unranked by all sources",Nathan Wiles,,
"on authority, unranked by all sources",Brett de Geus,,
"on authority, unranked by all sources",Chad Stevens,,
"on authority, unranked by all sources",CJ Alexander,,
"on authority, unranked by all sources",Sergio Alcantara,,
"on authority, unranked by all sources",Cam Devanney,,
"on authority, unranked by all sources",Jake Palisch,,
"on authority, unranked by all sources",Jayvien Sandridge,,
"on authority, unranked by all sources",Connor Thomas,,
"on authority, unranked by all sources",Aramis Garcia,,
"on authority, unranked by all sources",Zach Pop,,
"on authority, unranked by all sources",Robert Stock,,
"on authority, unranked by all sources",Jonathan Pintaro,,
"on authority, unranked by all sources",Drew Sommers,,
"on authority, unranked by all sources",Will Banfield,,
"on authority, unranked by all sources",Greg Allen,,
"on authority, unranked by all sources",Cody Poteet,,
"on authority, unranked by all sources",Carson McCusker,,
"on authority, unranked by all sources",Geoff Hartlieb,,
"on authority, unranked by all sources",Jordan Weems,,
"on authority, unranked by all sources",Carlos Duran,,
