name,team,pos,scorer_id
Garrett Crochet,BOS,SP,05ajh
Tarik Skubal,DET,SP,04ptt
Aaron Judge,NYY,OF,02z0s
Logan Webb,SF,SP,03dbm
Cristopher Sanchez,PHI,SP,052c8
Shohei Ohtani,LAD,"UT,SP",02yc4
Paul Skenes,PIT,SP,05wru
Juan Soto,NYM,OF,03ynj
Bryan Woo,SEA,SP,05y62
Hunter Brown,HOU,SP,05144
Max Fried,NYY,SP,02i2j
Carlos Rodon,NYY,SP,02c2r
Cal Raleigh,SEA,C,04my4
Kyle Schwarber,PHI,"1B,OF",03cag
Jesus Luzardo,PHI,SP,041r1
Jose Ramirez,CLE,3B,01ub6
Nick Pivetta,SD,SP,0316j
Yoshinobu Yamamoto,LAD,SP,05r8n
Freddy Peralta,MIL,SP,03dc4
Geraldo Perdomo,ARI,SS,04pbq
Framber Valdez,HOU,SP,04auj
Francisco Lindor,NYM,SS,02611
Kevin Gausman,TOR,SP,02hi7
Sonny Gray,STL,SP,0260v
Jacob deGrom,TEX,SP,02hjp
Zack Wheeler,PHI,SP,01sb3
Bobby Witt Jr.,KC,SS,04lgp
Joe Ryan,MIN,SP,04ps7
Corbin Carroll,ARI,OF,04y4e
Merrill Kelly,ARI/TEX,SP,02hj7
Julio Rodriguez,SEA,OF,04fhb
Robbie Ray,SF,SP,025j1
Fernando Tatis Jr.,SD,"2B,OF",03zbh
Pete Alonso,NYM,1B,041pz
Matthew Boyd,CHC,SP,02n4s
Luis Castillo,SEA,"SP,RP",03nuc
George Springer,TOR,OF,025he
Rafael Devers,BOS/SF,1B,030uc
Junior Caminero,TB,3B,05xch
Elly De La Cruz,CIN,SS,05udp
Zac Gallen,ARI,SP,041qo
Cody Bellinger,NYY,"1B,OF",03120
Vladimir Guerrero Jr.,TOR,1B,03ojr
Matt Olson,ATL,1B,02mwm
Pete Crow-Armstrong,CHC,OF,051wv
Ranger Suarez,PHI,SP,03et8
Gavin Williams,CLE,SP,05jp7
Trea Turner,PHI,SS,02c68
Josh Naylor,ARI/SEA,1B,03pjd
Kyle Tucker,CHC,OF,03pir
Dylan Cease,SD,SP,03df2
Eugenio Suarez,ARI/SEA,3B,02jh6
Zack Littell,TB/CIN,SP,031d4
Manny Machado,SD,3B,01svq
Tanner Bibee,CLE,SP,05y23
Randy Arozarena,SEA,OF,040b5
Nick Lodolo,CIN,SP,041ps
Ryan Pepiot,TB,SP,0512m
Brent Rooker,ATH,OF,04e2u
Brady Singer,CIN,SP,03pov
Maikel Garcia,KC,"2B,3B,SS,OF",05g3x
Vinnie Pasquantino,KC,1B,05184
Andrew Abbott,CIN,SP,05jq2
Jarren Duran,BOS,OF,04pst
Byron Buxton,MIN,OF,02i2k
Brice Turang,MIL,2B,04b00
James Wood,WSH,OF,05rat
Chris Bassitt,TOR,SP,02c2h
MacKenzie Gore,WSH,SP,04cd5
Yandy Diaz,TB,1B,03m6o
Trevor Story,BOS,SS,02bqh
Christian Yelich,MIL,OF,025dn
Gunnar Henderson,BAL,SS,050w9
Nathan Eovaldi,TEX,SP,01ut7
Freddie Freeman,LAD,1B,01cgo
Nico Hoerner,CHC,"2B,SS",04pkr
Jack Flaherty,DET,SP,03d6w
Taylor Ward,LAA,OF,03pje
Mookie Betts,LAD,SS,02btf
Bo Bichette,TOR,"3B,SS",041qb
Mitch Keller,PIT,SP,03d7h
Yusei Kikuchi,LAA,SP,04ml0
CJ Abrams,WSH,"2B,SS",04qk8
Seiya Suzuki,CHC,OF,04b02
Shane Baz,TB,SP,04cwf
Willy Adames,SF,SS,03atq
Jeffrey Springs,ATH,SP,04mlr
Michael Busch,CHC,1B,04t9b
Chris Sale,ATL,SP,01uca
Ketel Marte,ARI,2B,0326s
Riley Greene,DET,OF,04nb2
David Peterson,NYM,SP,04g1x
Brandon Nimmo,NYM,OF,02bq2
Brandon Pfaadt,ARI,"SP,RP",05lg3
Tyler Soderstrom,ATH,"1B,OF",05gtn
Logan Gilbert,SEA,SP,04n0m
Jose Altuve,HOU,"2B,OF",024m0
Steven Kwan,CLE,OF,04pr1
Jose Soriano,LAA,SP,04c0o
Brayan Bello,BOS,"SP,RP",04t40
Dean Kremer,BAL,SP,041yb
Michael Wacha,KC,SP,02iug
Jackson Chourio,MIL,OF,05m1e
Bryce Harper,PHI,"1B,OF",01fh9
Ian Happ,CHC,OF,03nmw
Nick Kurtz,ATH,1B,062k5
Casey Mize,DET,SP,04mlf
William Contreras,MIL,C,03yrz
Jazz Chisholm Jr.,NYY,"2B,3B",045qo
Jose Berrios,TOR,SP,02mwk
Ryne Nelson,ARI,"SP,RP",04yid
Andy Pages,LAD,OF,04ru5
Quinn Priester,BOS/MIL,"SP,RP",050vn
Will Warren,NYY,SP,05yaz
Spencer Torkelson,DET,1B,04yk2
TJ Friedl,CIN,OF,045gu
Drew Rasmussen,TB,SP,04eee
Luis Arraez,SD,"1B,2B",03mew
Trent Grisham,NYY,OF,03pit
Sandy Alcantara,MIA,SP,03btv
Dansby Swanson,CHC,SS,03ae8
Jack Leiter,TEX,SP,04y9o
Shota Imanaga,CHC,SP,05ge9
Hunter Goodman,COL,C,05u2v
Ozzie Albies,ATL,2B,03fi0
Gleyber Torres,DET,2B,031t0
Jeremy Pena,HOU,SS,04ppj
Nick Martinez,CIN,"SP,RP",02c4q
Sal Frelick,MIL,OF,05rb1
Shea Langeliers,ATH,C,04o4s
Zach Neto,LAA,SS,05xu5
Heliot Ramos,SF,OF,04ee8
George Kirby,SEA,SP,04yie
Lucas Giolito,BOS,SP,02i37
Salvador Perez,KC,"C,1B",01u75
Hunter Greene,CIN,SP,04aea
Colin Rea,CHC,SP,02bzn
Jo Adell,LAA,OF,04aee
Jung Hoo Lee,SF,OF,05m49
Wyatt Langford,TEX,OF,060pm
Edward Cabrera,MIA,SP,04ali
Clay Holmes,NYM,SP,02bx4
Jorge Polanco,SEA,"2B,SS",02yd1
Ceddanne Rafaela,BOS,"2B,OF",05gsi
Lawrence Butler,ATH,OF,04prt
Ben Rice,NYY,"C,1B",05yo5
Justin Verlander,SF,SP,000dp
Michael Harris II,ATL,OF,0512v
Bryson Stott,PHI,"2B,3B,SS",04p10
Bryce Elder,ATL,SP,05jp9
Trevor Rogers,BAL,SP,04ak5
Matthew Liberatore,STL,SP,04mlx
Jameson Taillon,CHC,SP,01srb
Noah Cameron,KC,SP,05ycf
Agustin Ramirez,MIA,C,04z6m
Kyle Freeland,COL,SP,03ca3
Otto Lopez,MIA,"2B,SS",04tjl
Shane Smith,CHW,SP,06dqb
Willson Contreras,STL,1B,03oh0
Xavier Edwards,MIA,"2B,SS",04n8z
Brandon Lowe,TB,2B,03qjy
Eduardo Rodriguez,ARI,SP,029si
Seth Lugo,KC,SP,03sef
Spencer Schwellenbach,ATL,SP,05tq1
Christian Walker,HOU,1B,02mw3
J.P. Crawford,SEA,SS,0310z
Ramon Laureano,BAL/SD,OF,03dp8
Kyle Hendricks,LAA,SP,02bwg
Miguel Vargas,CHW,"1B,3B",04ru7
Jackson Holliday,BAL,"2B,SS",05ybv
Kris Bubic,KC,SP,04pmb
Jacob Wilson,ATH,SS,0622t
Luis Severino,ATH,SP,03ab0
Alec Burleson,STL,"1B,OF",05jr0
Matt Chapman,SF,3B,03d6s
Aroldis Chapman,BOS,RP,01gya
Patrick Corbin,TEX,SP,01xfr
Ernie Clement,TOR,"1B,2B,3B,SS",04alp
Bryan Reynolds,PIT,OF,03e5m
Michael Lorenzen,KC,SP,02hir
Cade Smith,CLE,RP,04eor
Lourdes Gurriel Jr.,ARI,OF,03nri
Robert Suarez,SD,RP,05r01
Teoscar Hernandez,LAD,OF,02xic
Taj Bradley,TB/MIN,SP,04pr8
Oneil Cruz,PIT,OF,03zlh
Tomoyuki Sugano,BAL,SP,04b01
Spencer Steer,CIN,"1B,2B,OF",0512e
Ryan O'Hearn,BAL/SD,"1B,OF",03dgq
Alex Bregman,BOS,3B,02w7p
Xander Bogaerts,SD,SS,025gb
Anthony Volpe,NYY,"2B,SS",04y9p
Jake Irvin,WSH,SP,04ppz
Kyle Stowers,MIA,"1B,OF",04y97
Marcell Ozuna,ATL,UT,01usi
Nolan Schanuel,LAA,1B,05yj1
Edwin Diaz,NYM,RP,02my5
Slade Cecconi,CLE,SP,04tk1
Jhoan Duran,MIN/PHI,RP,04apj
Zach McKinstry,DET,"2B,3B,SS,OF",0473m
Caleb Durbin,MIL,"2B,3B",05y4b
Spencer Strider,ATL,SP,05mre
Luis Garcia Jr.,WSH,"1B,2B",0414g
Bailey Ober,MIN,SP,0425t
Mike Trout,LAA,OF,01s8u
Andres Munoz,SEA,RP,0403o
Logan Allen,CLE,SP,05jp3
Nick Castellanos,PHI,OF,01uc9
Nathaniel Lowe,WSH/BOS,1B,041xv
Mickey Moniak,LAA/COL,OF,041e2
Mike Yastrzemski,SF/KC,OF,031dw
Gavin Sheets,SD,"1B,OF",04eej
Charlie Morton,BAL/DET/ATL,SP,005jn
Jeff Hoffman,TOR,RP,03ann
Drake Baldwin,ATL,C,0630d
Jordan Beck,COL,OF,051b4
Alejandro Kirk,TOR,C,04t3y
Will Smith,LAD,C,042sz
Ronald Acuna Jr.,ATL,OF,03wha
David Bednar,PIT/NYY,RP,04aqc
Addison Barger,TOR,"3B,OF",04qii
Ivan Herrera,STL,C,04hyc
Josh Bell,WSH,1B,026lz
Miles Mikolas,STL,SP,02h9r
Yainer Diaz,HOU,C,0524l
Brendan Donovan,STL,"2B,3B,SS,OF",04pse
Mitchell Parker,WSH,SP,05jqy
Trevor Larnach,MIN,OF,04nky
Davis Martin,CHW,SP,04pxf
Emilio Pagan,CIN,RP,031cy
J.P. Sears,ATH/SD,SP,04eld
Marcus Semien,TEX,2B,02bu9
Carlos Estevez,KC,RP,03mnq
Kyle Manzardo,CLE,1B,05rfu
Cade Horton,CHC,SP,05gww
Cedric Mullins,BAL/NYM,OF,03qr0
Chris Paddack,MIN/DET,SP,03qne
Adolis Garcia,TEX,OF,04aq4
Mason Miller,ATH/SD,RP,05ucd
Corey Seager,TEX,SS,02mw6
Josh Smith,TEX,"1B,3B,SS,OF",052ru
Adrian Houser,TEX/CHW/TB,"SP,RP",02brc
Abner Uribe,MIL,RP,05nso
Ronny Henriquez,MIA,RP,04tzu
Carlos Correa,MIN/HOU,"3B,SS",02i2q
Dustin May,LAD/BOS,SP,041r5
Chad Patrick,MIL,"SP,RP",05yb8
Lenyn Sosa,CHW,"1B,2B,3B,SS",04llv
Paul Goldschmidt,NYY,1B,01ual
Harrison Bader,MIN/PHI,OF,03qjv
Kerry Carpenter,DET,OF,051em
Lars Nootbaar,STL,OF,04pt2
Andre Pallante,STL,SP,05133
Jake Cronenworth,SD,"1B,2B,SS",03qmh
Jackson Merrill,SD,OF,05ua7
Grant Holmes,ATL,SP,03d6p
Sean Burke,CHW,"SP,RP",05xod
Matt McLain,CIN,"2B,SS",04pks
Brad Lord,WSH,"SP,RP",066du
Raisel Iglesias,ATL,RP,03aqv
Isaac Collins,MIL,"2B,OF",0516n
Masyn Winn,STL,SS,05gwy
Eric Lauer,TOR,SP,031ey
Bryan Abreu,HOU,RP,04tlv
Jeremiah Estrada,SD,RP,04ehz
Andrew Benintendi,CHW,OF,03pdw
Josh Hader,HOU,RP,02n96
Jose Quintana,MIL,SP,025kd
Chandler Simpson,TB,OF,0622w
Jesus Sanchez,MIA/HOU,OF,03nru
Kodai Senga,NYM,"SP,RP",04a2t
Brenton Doyle,COL,OF,0513l
Alec Bohm,PHI,"1B,3B",04mn5
Max Muncy,LAD,3B,02mzg
Isaac Paredes,HOU,"1B,3B",04071
Wilyer Abreu,BOS,OF,060x1
J.T. Realmuto,PHI,C,025i9
Jeff McNeil,NYM,"1B,2B,OF",0317o
Andrew McCutchen,PIT,UT,01c1g
Ryan McMahon,COL/NYY,3B,0310n
Will Vest,DET,RP,04em6
Clayton Kershaw,LAD,SP,005ih
Jonathan India,KC,"2B,3B,OF",04nx3
Luis Robert Jr.,CHW,OF,047l7
Adrian Morejon,SD,RP,043ia
Edwin Uceta,TB,RP,04tji
Jonathan Aranda,TB,1B,05t9v
Jose Caballero,TB/NYY,"2B,3B,SS,OF",04eig
Nathan Lukes,TOR,OF,03qmr
Brooks Lee,MIN,"2B,3B,SS",04yig
Devin Williams,NYY,RP,0311c
Jacob Lopez,ATH,SP,051ui
Austin Hays,CIN,OF,041qs
Landen Roupp,SF,SP,05y72
Max Kepler,PHI,OF,01vja
Jasson Dominguez,NYY,OF,050c3
Austin Wells,NYY,C,05ahg
Garrett Whitlock,BOS,RP,04eqa
Colt Keith,DET,"1B,2B,3B",05jrh
Matt Shaw,CHC,"2B,3B,OF",063vu
Eric Wagaman,MIA,"1B,3B,OF",04emu
Kenley Jansen,LAA,RP,01svz
Jurickson Profar,ATL,OF,01spl
Trevor Megill,MIL,RP,03dau
Tyler Glasnow,LAD,SP,02btx
Joey Ortiz,MIL,"3B,SS",0513c
Simeon Woods-Richardson,MIN,SP,04pmp
Eury Perez,MIA,SP,05aoc
Stephen Kolek,SD/KC,SP,04pvu
Josh Jung,TEX,3B,04y44
Dillon Dingler,DET,C,05gx4
Wilmer Flores,SF,"1B,2B",01cgt
Spencer Horwitz,PIT,1B,051ia
Randy Vasquez,SD,"SP,RP",05itb
Ben Brown,CHC,"SP,RP",04o2w
Tony Santillan,CIN,RP,03poq
Victor Scott,STL,OF,0648z
Dennis Santana,PIT,RP,046yd
Brett Baty,NYM,"1B,2B,3B,OF",04yib
Janson Junk,MIA,"SP,RP",04etg
Gavin Lux,CIN,"2B,OF",041ai
Tyler Anderson,LAA,SP,026mq
Joey Cantillo,CLE,"SP,RP",04eos
Pete Fairbanks,TB,RP,03qo0
Tyler Freeman,CLE/COL,"2B,SS,OF",04efc
Ke'Bryan Hayes,PIT/CIN,3B,03pji
Ryan Jeffers,MIN,C,04pmu
Carson Kelly,CHC,C,02mxf
Brandon Marsh,PHI,OF,041q8
Luis Rengifo,LAA,"2B,3B,OF",03avk
Bailey Falter,PIT/KC,SP,03ql8
Jake Mangum,TB,OF,05135
Ty France,MIN/TOR,1B,03whq
Nolan Arenado,STL,3B,01sy3
Daylen Lile,WSH,OF,05t2b
Chase Meidroth,CHW,"2B,SS",0648n
Shawn Armstrong,TEX,RP,02c47
Carlos Santana,CLE/CHC,1B,01cfr
Cam Smith,HOU,OF,060jo
Andrew Vaughn,CHW/MIL,"1B,3B",04si2
Jose Ferrer,WSH,RP,062ob
Cade Povich,BAL,SP,05xop
Walker Buehler,BOS/PHI,SP,03aac
Mark Vientos,NYM,3B,03zcy
Taijuan Walker,PHI,SP,025dq
Brad Keller,CHC,RP,0312l
Hunter Gaddis,CLE,RP,05143
Josh Lowe,TB,OF,041ah
Alex Vesia,LAD,RP,04q05
Austin Riley,ATL,3B,03pom
Griffin Jax,MIN/TB,"SP,RP",0317q
Carlos Narvaez,BOS,C,048tn
Jason Adam,SD,RP,025it
Tommy Pham,PIT,OF,025fx
Brendon Little,TOR,RP,04afl
Bryan King,HOU,RP,06mi0
Luke Weaver,NYY,RP,02c5l
Willi Castro,MIN/CHC,"2B,3B,SS,OF",03btu
Kyle Leahy,STL,"SP,RP",04q08
Gabe Speier,SEA,RP,031fj
Angel Martinez,CLE,"2B,SS,OF",04ydd
Phil Maton,STL/TEX,RP,03qwa
Javier Baez,DET,"2B,3B,SS,OF",026mn
Kyle Finnegan,WSH/DET,RP,031bl
Bryan Baker,BAL/TB,RP,041w4
Adam Frazier,PIT/KC,"2B,OF",0316t
Matt Wallner,MIN,OF,04o78
Kody Clemens,PHI/MIN,"1B,2B,3B,OF",04ppi
Tyler Rogers,SF/NYM,RP,0374m
Camilo Doval,SF/NYY,RP,04k0w
Brandon Woodruff,MIL,SP,02bu3
Jared Koenig,MIL,RP,05ylp
Noelvi Marte,CIN,"3B,OF",04qnd
Wenceel Perez,DET,"SS,OF",04an8
Tyler Mahle,TEX,SP,0312g
Romy Gonzalez,BOS,"1B,2B,3B,SS",04q0o
Royce Lewis,MIN,"1B,2B,3B",04aeb
Andrew Heaney,PIT/LAD,SP,02mv0
Daniel Palencia,CHC,RP,05u4l
Emmet Sheehan,LAD,SP,05y2l
Aaron Nola,PHI,SP,02i3o
Isiah Kiner-Falefa,PIT/TOR,"2B,3B,SS,OF",031b3
Eduard Bazardo,SEA,RP,04mjn
Jordan Leasure,CHW,RP,0614c
Ryan Gusto,HOU/MIA,"SP,RP",0518s
Robert Garcia,TEX,RP,04enz
Garrett Cleavinger,TB,RP,03qju
Matt Strahm,PHI,RP,02nax
Carmen Mlodzinski,PIT,"SP,RP",05a29
Tanner Scott,LAD,RP,03dfa
Michael Conforto,LAD,OF,02z0t
Louis Varland,MIN/TOR,RP,051bm
Dylan Lee,ATL,RP,041vm
Mike Vasil,TB/CHW,RP,04ok0
Jake Meyers,HOU,OF,04emt
Sean Newcomb,BOS/ATH,RP,032lk
Ryan Walker,SF,RP,066n3
Luis Ortiz,CLE,SP,05xsq
Jordan Westburg,BAL,"2B,3B",05gsc
Mike Burrows,PIT,SP,04pvl
Giancarlo Stanton,NYY,OF,01cdf
Steven Okert,HOU,RP,02myt
Erick Fedde,STL/ATL/MIL,"SP,RP",03d6n
Tommy Edman,LAD,"2B,3B,OF",041sq
Jack Dreyer,LAD,"SP,RP",06luc
JoJo Romero,STL,RP,041rj
Emmanuel Clase,CLE,RP,04ug5
Miguel Andujar,ATH/CIN,"3B,OF",02i3l
Aaron Civale,MIL/CHW/CHC,SP,041qr
Bo Naylor,CLE,C,04mrn
Michael McGreevy,STL,SP,05sr2
Michael Soroka,WSH/CHC,"SP,RP",03pjf
Tyler Holton,DET,"SP,RP",04naz
Max Scherzer,TOR,SP,004ee
Alek Thomas,ARI,OF,04pmw
Victor Caratini,HOU,"C,1B",0311f
Liam Hicks,MIA,"C,1B",05ynb
Clarke Schmidt,NYY,SP,04ee7
Mike Tauchman,CHW,OF,0312v
J.T. Ginn,ATH,"SP,RP",04pkt
Gabriel Arias,CLE,"2B,3B,SS",0414h
Daniel Schneemann,CLE,"2B,3B,SS,OF",06bs4
Calvin Faucher,MIA,RP,04ekf
Orion Kerkering,PHI,RP,06491
Ryan Helsley,STL/NYM,RP,03ql5
Seranthony Dominguez,BAL/TOR,RP,04auk
Ben Casparius,LAD,RP,05y4k
Cam Schlittler,NYY,SP,05u6q
Reid Detmers,LAA,"SP,RP",0596g
Steven Matz,STL/BOS,RP,02h8d
Tyler Kinley,COL/ATL,RP,0313t
Pablo Lopez,MIN,SP,043f9
Colson Montgomery,CHW,"3B,SS",05rch
Daulton Varsho,TOR,OF,04efa
Greg Weissert,BOS,RP,0421q
Graham Ashcraft,CIN,RP,041x9
Aaron Ashby,MIL,RP,04ew7
Jake Burger,TEX,1B,04azv
Mauricio Dubon,HOU,"2B,3B,SS,OF",03aqw
Jimmy Herget,COL,RP,03qln
Lake Bachar,MIA,RP,041s4
Zebby Matthews,MIN,SP,066cf
Andrew Kittredge,BAL/CHC,RP,04ggi
Tyler Alexander,MIL/CHW,RP,0376h
Caleb Thielbar,CHC,RP,02hfr
Javier Sanoja,MIA,"2B,3B,SS,OF,RP",062ho
Joey Wentz,PIT/MIN/ATL,RP,041pr
Keegan Akin,BAL,RP,041py
Jared Triolo,PIT,"1B,2B,3B,SS",05128
Gabriel Moreno,ARI,C,04s1g
Lucas Erceg,KC,RP,041am
Randy Rodriguez,SF,RP,05w9g
Cole Ragans,KC,SP,041ma
Roman Anthony,BOS,OF,05u9z
Tanner Banks,PHI,RP,03dqv
Jonah Heim,TEX,C,031b2
John Schreiber,KC,RP,041z3
Blake Snell,LAD,SP,02bqr
Nolan Gorman,STL,"2B,3B",04ai4
Justin Wrobleski,LAD,"SP,RP",05y9r
Justin Sterner,ATH,RP,066n1
Jake Latz,TEX,"SP,RP",03div
Patrick Bailey,SF,C,04yuu
Andres Gimenez,TOR,"2B,SS",03pzn
Ramon Urias,BAL/HOU,"2B,3B",04de0
Michael King,SD,SP,041wv
JJ Bleday,ATH,OF,04y95
Ezequiel Tovar,COL,SS,04mra
Jacob Misiorowski,MIL,SP,061yu
Cal Quantrill,MIA/ATL/TEX,"SP,RP",03yxh
Jonathan Cannon,CHW,SP,05rb2
Starling Marte,NYM,OF,01s9k
Cole Sands,MIN,RP,03qxr
Brayan Rocchio,CLE,"2B,SS",04si3
Myles Straw,TOR,OF,03qqb
Colton Cowser,BAL,OF,05ras
Kyle Isbel,KC,OF,04ppo
German Marquez,COL,SP,03amq
Yariel Rodriguez,TOR,RP,06at1
Griffin Canning,NYM,SP,04eek
Edgar Quero,CHW,C,05un2
Scott Barlow,CIN,RP,02buh
Adley Rutschman,BAL,C,04q2n
Tyler Stephenson,CIN,C,03pix
Alex Call,WSH/LAD,OF,041qv
Keider Montero,DET,"SP,RP",05a1v
Dylan Crews,WSH,OF,0596e
Logan O'Hoppe,LAA,C,04q56
Shelby Miller,ARI/MIL,RP,01sbv
Reed Garrett,NYM,RP,03dpt
Heriberto Hernandez,MIA,OF,04up9
Ryan Zeferjahn,LAA,RP,04y9f
Corbin Burnes,ARI,SP,041rd
Colton Gordon,HOU,SP,05yfi
Kyle Higashioka,TEX,C,01usr
Tylor Megill,NYM,SP,04ywk
Nick Gonzales,PIT,"2B,3B,SS",0597k
Danny Jansen,TB/MIL,C,031el
Rowdy Tellez,SEA/TEX,1B,032gq
Rhys Hoskins,MIL,1B,03de9
Connor Norby,MIA,"2B,3B",05tce
Fernando Cruz,NYY,RP,05ym7
Braxton Ashcraft,PIT,"SP,RP",04pmq
Casey Schmitt,SF,"1B,2B,3B,SS,OF",05jp4
Matt Brash,SEA,RP,05138
Sean Murphy,ATL,C,03aoy
Matt Svanson,STL,RP,06elo
Brandon Eisert,CHW,RP,051dw
Hoby Milner,TEX,RP,02n0v
Miguel Rojas,LAD,"2B,3B,SS",01t5w
Jason Alexander,ATH/HOU,SP,05xze
Tyler Phillips,PHI/MIA,RP,03qt6
Bennett Sousa,HOU,RP,04puc
Tanner Gordon,COL,SP,05152
Pierce Johnson,ATL,RP,02hdy
Yoan Moncada,LAA,3B,03eet
Emerson Hancock,SEA,"SP,RP",0510l
Gregory Soto,BAL/NYM,RP,04aok
Jakob Marsee,MIA,OF,065ji
Kyle Teel,CHW,C,05wxy
Brock Burke,LAA,RP,03dap
Jacob Webb,TEX,RP,04y76
Carlos Vargas,SEA,RP,04rhl
Spencer Bivens,SF,RP,06kvo
Pedro Pages,STL,C,0514k
Grant Anderson,MIL,RP,04q3y
Tommy Kahnle,DET,RP,02ccf
Brooks Baldwin,CHW,"1B,2B,3B,SS,OF",062z3
Reese Olson,DET,SP,04px8
Dane Myers,MIA,"1B,OF",04ehj
Taylor Walls,TB,"2B,SS",04bpj
Jacob Young,WSH,OF,05yaf
Nick Mears,MIL,RP,05a06
Jordan Walker,STL,OF,05gbf
Eli White,ATL,OF,041w3
Anthony Banda,LAD,RP,02n2v
Huascar Brazoban,NYM,RP,060ml
Felix Bautista,BAL,RP,05t64
Yu Darvish,SD,SP,01c5l
Wandy Peralta,SD,RP,047sh
Max Meyer,MIA,SP,05a2d
Dominic Canzone,SEA,OF,05161
Nolan Jones,COL/CLE,OF,041q6
Victor Vodnik,COL,RP,04pxp
Angel Zerpa,KC,RP,05qzx
Brant Hurter,DET,"SP,RP",05u6p
Juan Mejia,COL,RP,060o9
Ryan Bergert,SD/KC,SP,05xpo
Braydon Fisher,TOR,RP,04pqo
Anthony Bender,MIA,RP,0423e
Bryce Miller,SEA,SP,05vy6
Justin Wilson,BOS,RP,025ko
Nolan McLean,NYM,SP,05y7s
Caleb Ferguson,PIT/SEA,RP,043r7
Enyel De Los Santos,ATL/HOU,RP,03y4y
Drew Pomeranz,SEA/CHC,RP,01ucb
Hurston Waldrep,ATL,SP,0603p
Chase Dollander,COL,"SP,RP",05yj0
Hogan Harris,ATH,RP,04pps
Luke Keaschall,MIN,"2B,OF",05zh9
Tyrone Taylor,NYM,OF,02mx2
Zach Eflin,BAL,SP,02mwq
Mitch Spence,ATH,RP,0517z
Francisco Alvarez,NYM,C,04qnc
Edmundo Sosa,PHI,"2B,3B,SS",02zpf
Pavin Smith,ARI,"1B,OF",04alq
Matt Festa,TEX/CLE,RP,041tl
Jose Iglesias,SD,"2B,3B,SS",01s98
Brandon Walter,HOU,SP,05rk4
Jakob Junis,CLE,RP,02f9m
Ryan Mountcastle,BAL,1B,03pjl
Luis Urias,ATH/MIL,"2B,3B",03o43
Jalen Beeks,HOU/ARI,RP,03djb
Christopher Morel,TB,"2B,3B,OF",04pbp
Tim Hill,NYY,RP,04022
Logan Evans,SEA,SP,06hv8
Evan Carter,TEX,OF,05mdt
Mark Leiter Jr.,NYY,RP,0319c
Antonio Senzatela,COL,SP,02zoa
Jose Butto,NYM/SF,RP,05oz7
Ian Seymour,TB,"SP,RP",05jpd
Davis Schneider,TOR,"2B,3B,OF",04o2x
Michael A. Taylor,CHW,OF,02h9j
Yennier Cano,BAL,RP,050ok
Will Benson,CIN,OF,03zcx
Abraham Toro,BOS,"1B,2B,3B",041se
Randal Grichuk,ARI/KC,OF,01s9c
Jorge Soler,LAA,OF,02i11
Kirby Yates,LAD,RP,030vs
Daniel Lynch,KC,"SP,RP",04pma
Ryne Stanek,NYM,RP,02hhj
Freddy Fermin,KC/SD,C,05lo5
Coby Mayo,BAL,"1B,3B",05js5
Jake Bird,COL/NYY,RP,04pqs
Sean Manaea,NYM,"SP,RP",02x0f
Ryan Yarbrough,TOR/NYY,RP,0314j
Trevor Williams,WSH,SP,0311b
Tyler Ferguson,ATH,RP,03qlm
Hayden Birdsong,SF,SP,06650
Joc Pederson,TEX,1B,026qc
Jack Kochanowicz,LAA,SP,0512u
Riley O'Brien,STL,RP,04ej3
Mason Fluharty,TOR,RP,0648y
Rob Refsnyder,BOS,OF,02mzf
Grant Taylor,CHW,"SP,RP",066er
Steven Wilson,CHW,RP,04psv
Joey Bart,PIT,C,04mn4
Yuki Matsui,SD,RP,0689r
Jake Bauers,MIL,"1B,OF,RP",0316v
Jackson Rutledge,WSH,RP,04yte
Luis Garcia,LAD/WSH/LAA,RP,0321h
Dylan Moore,SEA/TEX,"1B,2B,3B,SS,OF",03qml
Chris Martin,TEX,RP,02j77
Jose Trevino,CIN,C,03df0
Mitch Garver,SEA,C,031cd
Brenan Hanifee,DET,RP,041rq
Isaac Mattson,PIT,RP,04eqw
Nick Allen,ATL,SS,04efs
Dominic Smith,NYY/SF,1B,02z96
Kyle Farmer,COL,"1B,2B,3B,SS",0312h
Taylor Rogers,CIN/PIT/CHC,RP,02n3l
Hunter Dobbins,BOS,SP,05y6w
Kolby Allard,CLE,RP,03nqg
Kumar Rocker,TEX,SP,04azu
Justin Topa,MIN,RP,0318i
Taylor Clarke,KC,RP,03qjz
Blaze Alexander,ARI,"2B,3B,SS",04pvs
Chase Burns,CIN,"SP,RP",05rb3
Trey Sweeney,DET,SS,05tuw
Valente Bellozo,MIA,SP,052c7
Ronel Blanco,HOU,SP,04ydi
Osvaldo Bido,ATH,RP,06ala
Martin Perez,CHW,SP,01fhm
Danny Coulombe,MIN/TEX,RP,02hxd
David Hamilton,BOS,"2B,SS",0515v
Ben Williamson,SEA,3B,06dqd
Brock Stewart,MIN/LAD,RP,03deu
Luis Morales,ATH,SP,0662m
Rafael Montero,HOU/ATL/DET,RP,02jhl
Elias Diaz,SD,C,03fhx
Jake Fraley,CIN/ATL,OF,041qd
Tyler Gilbert,CHW,RP,03qm3
Dietrich Enns,DET/BAL,RP,02n9l
Luke Jackson,TEX/DET/SEA,RP,025ey
Enrique Hernandez,LAD,"1B,2B,3B,SS,OF,P",02h98
Luis Torrens,NYM,C,02nqg
Mason Montgomery,TB,"SP,RP",05y2k
Ryan Thompson,ARI,RP,03duu
Santiago Espinal,CIN,"2B,3B,OF",041vp
Cade Gibson,MIA,RP,066d2
Michael Toglia,COL,"1B,OF",04ok3
Yoendrys Gomez,NYY/LAD/CHW,"SP,RP",04xne
Brent Suter,CIN,RP,03cav
Jordan Romano,PHI,RP,03di6
Parker Messick,CLE,SP,05tzn
Yordan Alvarez,HOU,OF,04355
Luis Matos,SF,OF,04y11
Tyler O'Neill,BAL,OF,02yk4
Seth Halvorsen,COL,RP,06fqx
Sam Haggerty,TEX,OF,03qz9
Luis Gil,NYY,SP,04s1h
Shane Bieber,CLE/TOR,SP,041rf
Kristian Campbell,BOS,"2B,OF",06f0q
Thomas Saggese,STL,"2B,3B,SS,OF",05mru
Cole Young,SEA,"2B,SS",05y7x
Jahmai Jones,DET,"2B,OF",03pp6
Tim Herrin,CLE,RP,061jc
Aaron Bummer,ATL,RP,03drc
Otto Kemp,PHI,"1B,2B,3B,OF",066al
Cole Henry,WSH,RP,05gs4
Curtis Mead,TB/CHW,"1B,2B,3B",05ahe
Jordan Hicks,SF/BOS,RP,03vcw
David Festa,MIN,SP,05yav
Bowden Francis,TOR,SP,0421k
Brennan Bernardino,BOS,"SP,RP",061t3
Keibert Ruiz,WSH,C,03rmz
Masataka Yoshida,BOS,UT,05rc3
Jose Alvarado,PHI,RP,03btm
Casey Legumina,SEA,RP,0427a
Troy Melton,DET,"SP,RP",05uc4
Tim Tawa,ARI,"1B,2B,OF",05y4m
Steven Cruz,KC,RP,05tjx
Tristan Beck,SF,RP,04afk
Kyle Bradish,BAL,SP,04pq4
Joe Boyle,TB,SP,05jpk
Kody Funderburk,MIN,RP,04pyp
Andy Ibanez,DET,"1B,2B,3B",03mm4
Amed Rosario,WSH/NYY,"2B,3B,SS,OF",02yh5
Connor Brogdon,LAA,RP,04ek8
Brady House,WSH,3B,059bx
David Morgan,SD,RP,066a8
Nick Fortes,MIA/TB,C,04pqf
Kameron Misner,TB,OF,04y9h
Luisangel Acuna,NYM,"2B,SS",04z6k
Michael Massey,KC,"2B,OF",05139
Elvis Alvarado,ATH,RP,041g5
Tyler Heineman,TOR,C,02n1c
Austin Martin,MIN,"2B,SS,OF",05249
Jake McCarthy,ARI,OF,03qyv
Jorge Alcala,MIN/BOS/STL,RP,04ata
Kaleb Ort,HOU,RP,05rfn
AJ Smith-Shawver,ATL,SP,05uy5
Cade Cavalli,WSH,SP,05gef
Dylan Carlson,BAL,OF,041mc
Jack Perkins,ATH,RP,0657l
Jonathan Bowlan,KC,RP,04pmg
Landon Knack,LAD,SP,05l9f
Lance McCullers Jr.,HOU,SP,026l1
Christian Koss,SF,"2B,3B,SS",04ydt
Michael Kelly,ATH,RP,02bqn
Chase Shugart,PIT,RP,04pw2
Rico Garcia,NYM/NYY/BAL,RP,04rzp
Chase Lee,DET,RP,05xpv
Jackson Jobe,DET,SP,05rb0
Brandon Young,BAL,SP,05r3a
Ryan Pressly,CHC,RP,02zif
Henry Davis,PIT,C,05oxc
Hyeseong Kim,LAD,"2B,SS,OF",06in4
Eric Orze,TB,RP,05mrv
Max Schuemann,ATH,"2B,3B,SS,OF",04q24
Erik Sabrowski,CLE,RP,04pxo
Ha-seong Kim,TB/ATL,SS,05ajg
Mason Englert,TB,RP,04pqh
Lou Trivino,SF/LAD/PHI,RP,031d9
Chad Green,TOR,RP,0374o
Riley Adams,WSH,C,04azt
Tyler Fitzgerald,SF,"2B,SS,OF",05131
Jeremiah Jackson,BAL,"3B,SS,OF",04pmt
Blake Perkins,MIL,OF,03pp5
Luke Raley,SEA,"1B,OF",041ts
Richard Fitts,BOS,SP,05rav
Nick Loftin,KC,"2B,3B,OF",05gx0
Parker Meadows,DET,OF,04pmn
Oswald Peraza,NYY/LAA,"1B,2B,3B,SS",04g7n
Tobias Myers,MIL,RP,041sz
Johan Rojas,PHI,OF,04w4e
Alexander Canario,NYM/PIT,OF,04hi6
Porter Hodge,CHC,RP,051aa
Tommy Nance,TOR,RP,05rcp
Ian Hamilton,NYY,RP,041w8
Cole Winn,TEX,RP,04paj
A.J. Blubaugh,HOU,"SP,RP",0649e
Kyle Hart,SD,RP,0422c
Bubba Chandler,PIT,SP,05rik
Max Muncy,ATH,"2B,3B,SS",05t9l
Justin Slaten,BOS,RP,0512q
Paul DeJong,WSH,"2B,3B,SS",03qkh
Daysbel Hernandez,ATL,RP,051z5
Jac Caglianone,KC,"1B,OF",05u9q
Chris Flexen,CHC,RP,02n5v
Manuel Rodriguez,TB,RP,05ad7
Brooks Raley,NYM,RP,01vxp
Max Kranick,NYM,RP,0429r
Ezequiel Duran,TEX,"1B,2B,3B,SS,OF",04nqx
Jose Fermin,LAA,RP,06qwb
Darell Hernaiz,ATH,"2B,3B,SS",05145
Graham Pauley,MIA,3B,066lr
Mick Abel,PHI/MIN,SP,05g4k
John Curtiss,ARI,RP,02ob9
Gordon Graceffo,STL,RP,05wxw
Kevin Kelly,TB,RP,051eh
Logan Henderson,MIL,SP,05uo2
Joe Ross,PHI/CHC,SP,02bq6
Johan Oviedo,PIT,SP,04674
Ryan Ritter,COL,"2B,SS",05xu2
LaMonte Wade Jr.,SF/LAA,"1B,OF",03qo2
Alex Verdugo,ATL,OF,03d7g
Blake Treinen,LAD,RP,02bve
Jose Tena,WSH,"3B,SS",04sxv
Yohan Ramirez,PIT,RP,04ddz
Drew Waters,KC,OF,04eer
Ryan Weathers,MIA,SP,04mnw
Christian Moore,LAA,"2B,OF",06cq8
Yohel Pozo,STL,C,03yr2
Cristian Javier,HOU,"SP,RP",045kb
Kyle Harrison,SF/BOS,"SP,RP",05js3
Reese McGuire,CHC,C,0310a
Andrew Saalfrank,ARI,RP,0514i
Nic Enright,CLE,RP,03qvm
Miles Mastrobuoni,SEA,"2B,3B,SS,OF",041yi
Travis d'Arnaud,LAA,C,01s99
Trent Thornton,SEA,RP,031k3
Cam Booser,CHW,RP,03mjl
Andrew Chafin,DET/WSH/LAA,RP,02bqd
Ben Lively,CLE,SP,0311w
Connor Phillips,CIN,RP,05jpe
Michael Helman,STL/PIT/TEX,"2B,OF",04pvp
Justin Turner,CHC,"1B,3B",01lum
Robert Hassell,WSH,OF,05gbe
CJ Kayfus,CLE,"1B,OF",06dn6
Ronny Mauricio,NYM,"2B,3B",04fyo
John Rave,KC,OF,0513s
Tony Gonsolin,LAD,SP,041v6
Erik Miller,SF,RP,04y8z
Nacho Alvarez,ATL,3B,064da
Thairo Estrada,COL,2B,03aay
Matt Thaiss,CHW/TB,C,04053
Anthony DeSclafani,NYY/ARI,SP,02but
Dylan Dodd,ATL,"SP,RP",05uy4
Joey Lucchesi,SF,RP,041rn
Andruw Monasterio,MIL,"1B,2B,3B,SS",04vvy
Anthony Santander,TOR,OF,02w16
Christian Vazquez,MIN,C,029us
Javier Assad,CHC,SP,04fq2
John King,STL,RP,04eku
Dylan Beavers,BAL,OF,05xty
Ryan Borucki,PIT/TOR,RP,02n6w
Scott Blewett,MIN/BAL/ATL,RP,03d7c
Shawn Dubin,HOU/BAL,RP,04pxb
James McCann,ATL/ARI,C,02bra
Tyler Tolbert,KC,"2B,SS,OF,RP",0519u
Hayden Wesneski,HOU,"SP,RP",0514f
Alejandro Osuna,TEX,OF,05r3s
Jose Urena,NYM/TOR/LAD/MIN/LAA,RP,02j6w
Caleb Boushley,TEX/TB,RP,060hu
Zack Kelly,BOS,RP,05r1z
Clayton Beeter,NYY/WSH,RP,05jnq
Warming Bernabel,COL,"1B,3B",04ybm
Juan Morillo,ARI,RP,05ydo
Jose Herrera,ARI,C,05xz1
Gio Urshela,ATH,"1B,3B",026rz
Miguel Amaya,CHC,C,03xs3
Hector Neris,ATL/LAA/HOU,RP,03h90
Konnor Pilkington,WSH,RP,04muw
Nabil Crismatt,PHI/ARI,RP,0484h
David Robertson,PHI,RP,005m0
Chris Murphy,BOS,RP,0514m
Angel Chivilli,COL,RP,05j8o
Kyle Nicolas,PIT,RP,05l9g
Leo Rivas,SEA,"2B,SS",04ave
Austin Wynns,CIN/ATH,C,031cs
Brandon Lockridge,SD/MIL,OF,04prc
Leody Taveras,TEX/SEA,OF,03pzo
Donovan Solano,SEA/TEX,"1B,3B",01te5
Austin Slater,CHW/NYY,OF,03dg7
Max Lazar,PHI,RP,04el7
Yimi Garcia,TOR,RP,02z0e
Josh Rojas,CHW,"2B,3B",04oct
DL Hall,MIL,"SP,RP",04aeh
David Fry,CLE,"C,1B,OF",04psr
Derek Hill,MIA/CHW,OF,03d6q
Edouard Julien,MIN,"1B,2B",051dl
Kyren Paris,LAA,"2B,SS,OF",050s0
Jack Suwinski,PIT,OF,041z2
Colby Thomas,ATH,OF,0630e
Carlos Carrasco,NYY/ATL,SP,01as6
Heston Kjerstad,BAL,OF,0596f
Jaden Hill,COL,RP,04w53
PJ Poulin,DET/WSH,RP,04pvq
Genesis Cabrera,NYM/CHC/PIT/MIN,RP,040cf
Nasim Nunez,WSH,"2B,SS",04ya4
Kyle Backhus,ARI,RP,06kwi
Carlos Hernandez,KC/PHI/DET/CLE,RP,04n0k
Frankie Montas,NYM,SP,02yg3
Kevin Ginkel,ARI,RP,03dpg
Jose Castillo,ARI/NYM/SEA/BAL,RP,02new
Jorge Lopez,WSH,RP,02brf
Yerry De Los Santos,NYY,RP,05gsw
Jonathan Loaisiga,NYY,RP,03db4
Paul Blackburn,NYM/NYY,"SP,RP",02mwd
Denzel Clarke,ATH,OF,05unf
Ildemaro Vargas,ARI,"1B,2B,3B,OF",0433b
Weston Wilson,PHI,"2B,3B,OF",0420h
Orlando Arcia,ATL/COL,"1B,2B,3B,SS",02i1q
Troy Johnston,MIA,"1B,OF",051d0
Spencer Arrighetti,HOU,"SP,RP",05y0j
Jake Rogers,DET,C,03av1
Gary Sanchez,BAL,"C,1B",01t9q
Sam Long,KC,RP,0421l
Tyler Wells,BAL,SP,0473n
Kade Strowd,BAL,RP,05192
Carlos Cortes,ATH,OF,0423c
Christian Encarnacion-Strand,CIN,"1B,3B",05xor
Justyn-Henry Malloy,DET,OF,05uy1
Joey Loperfido,TOR,OF,05yfl
Marcus Stroman,NYY,SP,02hg4
Justin Lawrence,PIT,RP,03qq9
Josh Simpson,MIA,RP,0614b
Justin Martinez,ARI,RP,05acp
Roki Sasaki,LAD,SP,05gdz
Edgardo Henriquez,LAD,RP,05w7z
Marcelo Mayer,BOS,"2B,3B,SS",05r9j
Taylor Trammell,HOU,OF,041pq
Connelly Early,BOS,SP,06f1r
Brent Headrick,NYY,RP,0516x
Dalton Rushing,LAD,"C,1B",05xtz
Joel Peguero,SF,RP,04o10
Nestor Cortes Jr.,MIL/SD,RP,03bin
Grant Wolfram,MIL/BAL,RP,03qub
Kai-Wei Teng,SF,SP,04zay
Collin Snider,SEA,RP,05y18
Carson Seymour,SF,"SP,RP",05jqk
Lyon Richardson,CIN,RP,04pmo
Nate Eaton,BOS,"3B,OF",04q3n
Austin Gomber,COL/CHC,SP,03dbe
Matt Gage,DET/SF,RP,03di1
Will Wagner,TOR/SF/SD,"1B,2B,3B",05yhg
Justin Steele,CHC,SP,03deg
Austin Hedges,CLE,C,02brk
DJ LeMahieu,NYY,"1B,2B,3B",01sfi
Ryan Feltner,COL,SP,03r06
Tanner Houck,BOS,SP,03djk
Ryan Fernandez,STL,RP,04q5s
Cody Freeman,TEX,"2B,3B",0513g
Paul Sewald,CLE/DET,RP,02n2x
George Soriano,MIA,RP,04z9e
Cole Sulser,TB,RP,031hc
Kyle Karros,COL,3B,06dsa
Pierson Ohl,MIN,SP,05ylk
Matt Mervis,MIA/ARI,1B,05ojj
Alan Roden,TOR/MIN,OF,061yt
Dan Altavilla,CHW,RP,03dec
Connor Wong,BOS,"C,1B",04efi
Caden Dana,LAA,SP,063e5
Zach Agnos,COL,RP,064ny
Oswaldo Cabrera,NYY,"1B,2B,3B,OF",042no
Carter Jensen,KC,C,05vy5
Jake Woodford,COL/NYY/CHC/ARI,SP,03pol
Matt Sauer,LAD,SP,04ef0
Bryce Teodosio,LAA,OF,0617q
Rob Zastryzny,NYY/MIL,RP,0310m
Drew Gilbert,NYM/SF,OF,05xu0
Jose Suarez,LAA/ATL,RP,03nqc
Victor Robles,SEA,OF,03c65
Justin Hagenman,NYM,SP,04q54
Andrew Alvarez,WSH,"SP,RP",060u3
Ryan Brasier,CHC,RP,021jb
Brandon Waddell,NYM,RP,03qlh
Adrian Del Castillo,ARI,C,05jn0
Alex Jackson,NYY/BAL,C,02yoi
Grant Holman,ATH,RP,05xpw
Yanquiel Fernandez,COL,OF,05g3k
Shinnosuke Ogasawara,WSH,SP,06l54
Wikelman Gonzalez,CHW,RP,052ht
Jesus Tinoco,MIA,RP,03moe
Zach Dezenzo,HOU,"1B,3B,OF",0641c
James Outman,LAD/MIN,OF,04psu
Paxton Schultz,TOR,RP,051b2
Joshua Palacios,PIT/CHW,OF,041ra
Gunnar Hoglund,ATH,SP,04pmd
Rafael Marchan,PHI,C,0403l
Sawyer Gipson-Long,DET,SP,0514z
Anthony Veneziano,MIA/STL,SP,0517a
Travis Adams,MIN,RP,05ybe
Lane Thomas,CLE,OF,03dei
Joel Payamps,MIL/ATL,RP,03aru
Samuel Basallo,BAL,"C,1B",05rbv
Braxton Fulford,COL,C,05yc9
Mickey Gasper,MIN,"C,1B,2B",06am0
Enmanuel Valdez,PIT,"1B,2B,3B",042af
Alek Jacob,SD,RP,05xq0
Nick Sogard,BOS,"1B,2B,SS",0519f
Carson Fulmer,PIT/LAA,RP,02n67
Jhonkensy Noel,CLE,"3B,OF",04yrs
Chris Taylor,LAD/LAA,"2B,3B,OF",02u47
Luis Mey,CIN,RP,05rks
Jon Berti,CHC,"2B,3B,OF",02c4r
Evan Sisk,KC/PIT,RP,04pzi
Moises Ballesteros,CHC,"C,1B",05rbs
Bryce Johnson,PIT/SD,OF,04ehv
Easton Lucas,TOR,RP,051am
JT Brubaker,NYY/SF,RP,03qm8
Bryse Wilson,CHW,RP,0429h
Anthony Molina,COL,"SP,RP",06879
Mitch Farris,LAA,SP,06fz3
Jonatan Clase,TOR,OF,057zc
Corbin Martin,BAL,RP,04afj
Michael Tonkin,MIN,RP,02oyz
Thomas Hatch,KC/MIN,RP,041ql
J.C. Escarra,NYY,"C,1B",04ent
Jorge Mateo,BAL,"2B,SS,OF",03b6k
Willie MacIver,ATH,C,04ptr
Martin Maldonado,SD,C,021t6
Tyler Wade,SD,"2B,3B,SS,OF",031b4
Nick Sandlin,TOR,RP,04pmm
Trevor McDonald,SF,SP,0518g
Taylor Rashi,ARI,RP,051hq
Liover Peguero,PIT,SS,04ol2
Hunter Strickland,TEX/LAA,RP,01ses
Vidal Brujan,CHC/BAL/ATL,"2B,3B,SS,OF",03yxd
Emmanuel Rivera,BAL,"1B,3B",03qvs
Ryan Rolison,COL,RP,04mlh
Adam Mazur,MIA,SP,060gg
Dauri Moreta,PIT,RP,05tux
Griffin Conine,MIA,"1B,OF",04mn2
Bradley Blalock,COL,SP,0579z
Sean Reynolds,SD,RP,041rm
Andre Granillo,STL,RP,06alu
Brandon Sproat,NYM,SP,0515o
Zach Cole Jr.,HOU,OF,066db
Will Klein,SEA/LAD,RP,05jrv
Hunter Harvey,KC,RP,0310c
Yaramil Hiraldo,BAL,RP,061pi
Tristan Gray,CHW/TB,"2B,3B",04eme
Kevin Newman,LAA/DET,"1B,2B,3B,SS",03pj2
Jesse Winker,NYM,OF,02mwg
Beau Brieske,DET,RP,05t6u
Sam Moll,CIN,RP,0311r
Jose Fermin,STL,"2B,3B",03zbp
Matt Vierling,DET,"3B,OF",04pqq
A.J. Minter,NYM,RP,03ppa
Gustavo Campero,LAA,"C,OF",06dpu
Triston Casas,BOS,1B,04de1
Carson Williams,TB,SS,05t9n
Ian Gibaut,CIN,RP,03qpg
Bryce Jarvis,ARI,RP,05gvt
Adael Amador,COL,2B,04ysv
Blaine Crim,TEX/COL,1B,051eo
Ryan Fitzgerald,MIN,"2B,3B,SS",05uo0
Luis Curvelo,TEX,RP,05ymh
John Brebbia,DET/ATL/BOS,RP,03xmd
Sal Stewart,CIN,"1B,2B,3B",05u9o
Hunter Stratton,PIT/ATL,RP,04eoy
Sam Bachman,LAA,RP,05rb4
Andrew Knizner,WSH/SF,C,041t8
Chas McCormick,HOU,OF,04esz
A.J. Puk,ARI,SP,03yso
Dane Dunning,TEX/ATL,SP,041m9
Cooper Hummel,HOU/NYY/BAL/TB,OF,0421c
Brendan Rodgers,HOU,2B,03lua
Ben Rortvedt,TB/LAD,C,041q7
Nick Martini,COL/ATH,OF,02bvk
Jackson Kowar,SEA,RP,04mlg
Luinder Avila,KC,"SP,RP",06am5
Jonah Tong,NYM,SP,0658b
Mark Canha,MIL/KC,"1B,OF",025eo
Jonny DeLuca,TB,OF,04y94
Julian Merryweather,CHC/NYM/MIL,RP,03deo
Tayler Scott,HOU/ARI,RP,02btg
Michael Petersen,LAA/ATL/MIA,RP,05xz4
Brett Harris,ATH,3B,05yca
Tyler Locklear,SEA/ARI,1B,05xu8
Fraser Ellard,CHW,RP,05yne
Chris Devenski,NYM,RP,02i31
Richie Palacios,TB,"2B,OF",04ppk
Ronny Simon,MIA/PIT,"2B,OF",05t25
Carson Whisenhunt,SF,SP,05y7v
Cooper Criswell,BOS,RP,04px6
Jason Heyward,SD,OF,01c5o
Drew Millas,WSH,C,0515f
Matthew Lugo,LAA,OF,04yic
Johnathan Rodriguez,CLE,OF,04gdw
Seth Johnson,PHI,RP,0511t
Austin Cox,KC/ATL,RP,04pra
Alex Freeland,LAD,"2B,3B,SS",05xu1
Justin Bruihl,TOR,RP,05k3i
Orlando Ribalta,WSH,RP,0519c
Craig Kimbrel,ATL/TEX/HOU,RP,01scl
Matt Bowman,BAL/HOU,RP,02n53
Trey Yesavage,TOR,SP,06apx
DaShawn Keirsey,MIN,OF,04pq5
Ryan Johnson,LAA,"SP,RP",05zq4
Zak Kent,CLE,RP,0516v
Eric Haase,MIL,C,02bv2
Joey Wiemer,KC/MIA,OF,05jq3
Albert Suarez,BAL,RP,02xid
Blake Dunn,CIN,OF,05jr5
Connor Gillispie,MIA/MIN,SP,0516q
Garrett Hampson,ARI/CIN/STL,"2B,SS,OF",041qk
Mason Barnett,ATH,SP,0630h
Colin Selby,BAL,RP,04q7i
Nick Yorke,PIT,2B,05js7
Sam Hilliard,COL,OF,03qs6
Chris Stratton,KC/LAD,RP,02mw1
Payton Tolle,BOS,"SP,RP",06gwk
Jordan Wicks,CHC,RP,05r1d
Hunter Bigge,TB,RP,0519h
Cavan Biggio,KC/LAA,"1B,2B,3B,OF",041rv
Hunter Feduccia,LAD/TB,C,04pwl
Garrett Mitchell,MIL,OF,04en7
Eduardo Salazar,WSH,RP,05rlb
Brett Wisely,SF/ATL,"2B,SS",051br
Tim Mayza,PIT/PHI,RP,031dd
Colin Holderman,PIT,RP,0429k
Maximo Acosta,MIA,"2B,3B,SS",0568a
Jacob Melton,HOU,OF,061gx
Zach Brzykcy,WSH,RP,05ocn
Juan Burgos,SEA/ARI,RP,06rtt
Bryan Hudson,MIL/CHW,"SP,RP",03svw
Danny Young,NYM,RP,03qni
Robert Stephenson,LAA,RP,02bq7
Michael Kopech,LAD,RP,03d6v
Alexis Diaz,CIN/LAD/ATL,RP,03qqf
Daniel Johnson,BAL/SF,OF,041sd
Jordan Lawlar,ARI,"2B,3B,SS,OF",05r1m
Jake Eder,CHW/LAA/WSH,SP,05gwt
Hunter Renfroe,KC,OF,03022
Zack Short,HOU,"3B,SS",0420g
Daniel Robert,TEX/PHI,RP,04et8
Jose Ruiz,PHI/ATL/TEX,RP,02i45
Ron Marinaccio,SD,RP,04erc
Nathan Church,STL,OF,064n8
George Valera,CLE,OF,04fqi
T.J. McFarland,ATH,RP,02nho
Chase Silseth,LAA,"SP,RP",05xsm
Chris Roycroft,STL,RP,06lqo
Zack Gelof,ATH,"2B,3B,OF",05ub0
Luke Maile,KC,C,02n1q
Brice Matthews,HOU,"2B,3B,SS",06c36
Anthony Seigler,MIL,"C,2B,3B",04pkq
McCade Brown,COL,SP,05rg5
Casey Lawrence,SEA/TOR,SP,04awd
Jayden Murray,HOU,RP,051i0
Freddy Tarnok,MIA,SP,04efr
Vinny Capra,MIL/CHW,"3B,SS",04q26
Korey Lee,CHW,C,0510z
Jhonny Pereda,ATH/MIN,C,04yd8
Tim Elko,CHW,1B,066da
Everson Pereira,NYY/TB,OF,04is5
Brandyn Garcia,SEA/ARI,RP,06guh
Austin Warren,NYM,RP,04prz
Seth Brown,ATH/ARI,"1B,OF",03qvr
Jerar Encarnacion,SF,OF,04mdf
Andrew Hoffmann,KC/ARI,RP,05y29
Scott McGough,ARI/ATH,RP,02btq
Easton McGee,MIL,SP,041rp
Carson Palmquist,COL,RP,05ybw
Luis Garcia,HOU,SP,04ni3
Bob Seymour,TB,1B,05jrw
Jared Young,NYM,"3B,OF",04eoj
Dedniel Nunez,NYM,RP,050vo
Elvin Rodriguez,MIL/BAL/ARI,SP,04avf
Victor Mesa Jr.,MIA,OF,04y79
Jorbit Vivas,NYY,"2B,3B",05a1t
Stuart Fairchild,CIN/ATL/TB,OF,04eel
Jonah Bride,MIA/MIN,"1B,2B,3B",04q5b
Zach Maxwell,CIN,RP,0648f
Brady Basso,ATH,RP,051c5
Scott Alexander,COL/SF,RP,02hi5
Sean Bouchard,COL,OF,04ejn
Dominic Fletcher,CHW,OF,04y45
Nick Maton,CHW,"2B,3B",04ei5
Jon Gray,TEX,RP,02bxv
Jose De Leon,BOS,SP,0376n
Carson Spiers,CIN,SP,05r3k
Nick Anderson,STL/COL/SEA,RP,04sxl
Sauryn Lao,SEA/WSH,RP,045ok
Tim Anderson,LAA,"2B,SS",03110
Jeimer Candelario,CIN/NYY,"1B,3B",027fx
Travis Jankowski,CHW/TB/NYM,OF,02j2v
Connor Joe,SD/CIN,"1B,OF",03d6y
Evan Phillips,LAD,RP,03qto
Penn Murfee,CHW,RP,05a07
Alan Rangel,PHI,RP,04otv
Brooks Kriske,CHC/MIN,RP,041t2
Luke Williams,ATL,"SS,P",03qk3
Erasmo Ramirez,MIN,RP,02cch
Bailey Horn,STL/DET,RP,05mrs
Jorge Barrosa,ARI,OF,04mrb
Jacob Stallings,COL/BAL,C,02j7h
Will Wilson,CLE,"2B,3B,SS",04yia
Cristian Mena,ARI,RP,05ita
Bradgley Rodriguez,SD,"SP,RP",05y5d
Luis Contreras,HOU,SP,05ss8
Cionel Perez,BAL,RP,03zo6
Jesse Scholtens,CHW/TB,RP,041uv
Joe Rock,TB,SP,05tdd
Jacob Amaya,CHW,SS,04elh
Cody Laweryson,MIN,RP,051as
Shaun Anderson,LAA,RP,041qm
Dylan Smith,DET,RP,04q0r
Luis Guerrero,BOS,RP,06aop
Andres Chaparro,WSH,1B,0406n
Luis Vazquez,BAL,"3B,SS",04ens
Keaton Winn,SF,RP,04esc
Liam Hendriks,BOS,RP,01ub8
Sean Guenther,DET,RP,04ei8
Josh Winckowski,BOS,RP,041ze
Jarred Kelenic,ATL,OF,04ggr
Kevin Herget,NYM/ATL,RP,03at0
Sean Hjelle,SF,RP,04nx1
Brian Van Belle,BOS/CIN/TB,RP,05r5p
Connor Seabold,TB/ATL,RP,03drx
Dustin Harris,TEX,OF,0518r
Roddery Munoz,STL,RP,05ss9
Hayden Senger,NYM,C,04q63
Tyler Zuber,NYM/MIA,RP,04ehi
Tayler Saucedo,SEA,RP,03qx9
Daz Cameron,BAL/MIL,OF,02zg5
Sam Huff,SF,C,041tq
Richard Lovelady,TOR/MIN/NYM,RP,041w0
Nick Hernandez,HOU,P,041ue
Carlos Rodriguez,MIL,SP,05yf9
Luken Baker,STL/LAD,1B,04069
Kendall Graveman,ARI,RP,031c2
Jared Shuster,CHW/ATH,RP,05jp2
Endy Rodriguez,PIT,"C,1B",0529l
Michael Darrell-Hicks,LAA,SP,0664r
Dugan Darnell,COL,RP,06ofp
Bryan Hoeing,SD,RP,05156
Victor Mederos,LAA,SP,05jrb
Ethan Roberts,CHC,RP,04pql
Roansy Contreras,BAL/COL,RP,04b3a
Tommy Henry,ARI,RP,0512a
Gavin Hollowell,CHC,RP,0514j
Darren McCaughan,MIN,RP,04em5
Esteury Ruiz,ATH/LAD,OF,0406v
Ben Bowden,ATH,RP,041px
Luis Peralta,COL,RP,060x5
Ryan Bliss,SEA,2B,05tc7
Oliver Dunn,MIL,"2B,3B",0518b
Julian Fernandez,LAD/WSH,RP,04ana
Jace Jung,DET,"2B,3B",05tzg
Wade Miley,CIN,SP,01sev
Jose Leclerc,ATH,RP,030x2
Brian Navarreto,MIA,C,031bn
Eduarniel Núñez,SD/ATH,RP,06l0i
Logan VanWey,HOU,RP,06l4y
Lazaro Estrada,TOR,RP,04up8
J.P. France,HOU,RP,04py3
Oscar Gonzalez,SD,OF,03nrk
Davis Daniel,ATL,SP,04pv6
Paul Gervase,TB/LAD,RP,0648k
Jose Azocar,NYM/ATL,OF,03yux
Matt Gorski,PIT/LAD,"1B,OF",0511z
Mason McCoy,SD,SS,04ehx
Yosver Zulueta,CIN,RP,05it9
Tomas Nido,DET,C,02n1i
Noah Murdock,ATH/KC,RP,0515a
Nick Burdi,BOS,RP,03adx
Trenton Brooks,SD,1B,0420f
Ryan Noda,LAA/BOS/CHW/BAL,1B,04enw
Blade Tidwell,NYM/SF,"SP,RP",05u2q
Tanner Rainey,PIT/DET,RP,03pp7
Elvis Peguero,MIL/CHW,RP,05uk1
Gerson Garabito,TEX,RP,03mey
Jorge Alfaro,MIL/WSH,C,025iy
Ji-Hwan Bae,PIT,OF,04lcq
Hunter Barco,PIT,RP,04nb5
Jose Barrero,STL/BAL,"SS,OF",04dwv
Owen Caissie,CHC,OF,05jsg
Carl Edwards Jr.,LAA/TEX,RP,02of2
Sebastian Rivero,LAA,C,04aod
David Villar,SF/NYM,"1B,3B",04pvh
Sammy Peralta,LAA,RP,051dq
Austin Barnes,LAD/SF,C,02bwt
Denzer Guzman,LAA,SS,05m1b
Pablo Reyes,NYY/NYM,"1B,3B",03azu
Joey Gerber,TB,RP,04pta
Ben Joyce,LAA,RP,060eu
Josh Walker,TOR/PHI/BAL,RP,05u2x
Bryce Eldridge,SF,1B,05u96
Rece Hinds,CIN,"3B,OF",04nb4
Will Robertson,TOR/CHW,OF,04y9g
Jose Siri,NYM,OF,039vx
Dillon Tate,TOR,RP,03p9d
Logan Davidson,ATH/HOU/LAA,"1B,3B,OF",04n1n
Jose Espada,SD/BAL,RP,03qld
Randy Wynne,CIN,RP,058py
Samuel Aldegheri,LAA,SP,06aw2
Tyler Matzek,NYY/STL,RP,01iz0
Ryan Burr,TOR,RP,03qkx
Scott Effross,NYY,RP,03qs8
Billy McKinney,NYM/TEX,OF,0310d
Austin Nola,COL,C,02mzc
Alan Trejo,TEX/COL,"2B,3B,SS",04eoq
Garrett McDaniels,LAA/LAD,RP,06qyw
Andry Lara,WSH,SP,052kc
Mason Black,SF,SP,05r3g
Yuli Gurriel,SD,1B,025jv
Zach Thompson,TOR/ATL,RP,03de5
Codi Heuer,TEX/DET,RP,04prq
Seth Martinez,MIA,RP,0420n
Logan Gillaspie,SD,RP,05y17
MJ Melendez,KC,"C,OF",04eey
Jose Miranda,MIN,"1B,3B",041qh
Ty Adcock,NYM,RP,0516e
Justin Garza,SF/NYM,RP,03adu
Mason Thompson,WSH,RP,041qz
Spencer Turnbull,TOR/CHC/KC,SP,03d75
Tyler Black,MIL,1B,05u2u
Dairon Blanco,KC,OF,04mkt
Luarbert Arias,MIA,RP,05l1p
Tom Cosgrove,SD/CHC,RP,04elu
Marc Church,TEX,SP,051du
Keston Hiura,COL,1B,04e82
Zac Veen,COL,OF,05gbg
Robert Gasser,MIL,SP,05u6r
Allan Winans,NYY,SP,04pzz
Kevin Alcantara,CHC,OF,04qow
Jacob Barnes,TOR,RP,02c14
Bobby Dalbec,CHW/MIL/KC,"1B,3B",03z62
Petey Halpin,CLE,OF,05gwx
Chadwick Tromp,ATL/BAL/BOS,C,056c8
Jack Winkler,MIA,"2B,3B,SS",05yhw
Omar Cruz,SD,SP,04tf0
Michael Fulmer,BOS/CHC/KC/SEA,RP,02bqj
Kenta Maeda,DET/CHC/NYY,SP,02z93
Owen White,CHW,SP,04pms
Philip Abner,ARI,RP,05uab
Trevor Richards,CHC/KC/ARI,RP,04coa
Jimmy Crooks,STL,C,06434
Ryan Kreidler,DET/PIT,"3B,SS,OF",05132
Omar Narvaez,CHW/HOU/TEX,C,043f8
Anthony Misiewicz,MIN,RP,03quj
Randy Dobnak,MIN/DET,SP,0506h
Forrest Whitley,HOU/TB,SP,041m3
Jovani Moran,BOS,RP,03qmm
Ian Anderson,ATL/LAA,SP,041m0
Wander Suero,ATL/NYM,RP,03mp9
Bryan De La Cruz,ATL/NYY,OF,03bud
Didier Fuentes,ATL,"SP,RP",064zm
Manuel Margot,MIL/DET,OF,02i3d
Rhylan Thomas,SEA,OF,06653
Shay Whitcomb,HOU,"3B,SS",05jqi
Colin Poche,WSH/NYM,RP,02mz1
Isaiah Campbell,BOS,SP,04q6c
Christian Montes De Oca,ARI,RP,069xv
Craig Yoho,MIL,SP,06fzq
Nate Pearson,CHC,"SP,RP",04eec
Jose Quijada,LAA,RP,04k0x
Kris Bryant,COL,"1B,OF",01ubo
Brewer Hicklen,MIL/DET/PHI,OF,04eii
Rich Hill,KC,SP,0008c
Corey Julks,CHW,OF,04eit
Bobby Miller,LAD,SP,05gwz
Christian Roa,MIA,RP,05jp5
Michael Siani,STL,OF,04pqb
Michael Stefanic,TOR,2B,05t5r
Miguel Castro,HOU/CHW,RP,0351m
Caleb Freeman,CHW,RP,051bd
Matt Krook,ATH/CLE,RP,0310j
Leo Jimenez,TOR,"2B,SS",04ni4
Scott Kingery,LAA,"2B,SS,OF",03pjc
Sandy Leon,ATL,C,02jtq
Nicky Lopez,CHC/LAA/ARI/NYY,"2B,3B,SS",041sg
Vimael Machin,BAL,3B,03qok
Owen Miller,COL,1B,04ppl
Cesar Salazar,HOU,C,04psg
Ali Sanchez,TOR/BOS/NYM,C,033lr
Anthony Maldonado,ATH,RP,0518d
Grant McCray,SF,OF,0512r
Gage Workman,CHC/CHW/DET,"3B,SS",04en9
Joey Estes,ATH,SP,051cl
Patrick Monteverde,MIA,SP,05yer
Buddy Kennedy,PHI/TOR/LAD,2B,04egt
Ryan Loutos,STL/LAD/WSH,RP,062sf
Logan Porter,SF,C,05j94
Bryan Ramos,CHW,3B,059bs
Jeff Brigham,ARI,RP,03dbv
Michel Otanez,ATH,RP,057p2
Jose Urquidy,DET,SP,0440h
Akil Baddoo,DET,OF,041qi
Connor Kaiser,ARI,SS,04ppn
Brett Sullivan,SD/PIT,C,03qtv
Cam Sanders,PIT,SP,04eqd
Reiver Sanmartin,CIN,RP,04j1w
J.P. Feyereisen,ARI/LAD,RP,03dpn
Drey Jameson,ARI,RP,0511r
Kyle Nelson,ARI,RP,04eny
Gregory Santos,SEA,RP,0404s
Mike Clevinger,CHW,SP,02bsw
Jacob Hurtubise,CIN/SEA,OF,05r9h
Nick Raquet,STL,SP,04efo
Touki Toussaint,CHW/LAA,RP,02yog
Luis F. Castillo,SEA/BAL,SP,05yoe
Jhonathan Diaz,SEA,RP,04oc6
Lucas Sims,WSH/PHI,RP,02mw7
Rob Brantly,MIA/NYY,C,025e9
Rafael Flores,NYY/PIT,"C,1B",06f0k
Lucas Gilbreath,COL,RP,04ei1
Austin Pope,ARI,RP,051bb
Blake Sabol,BOS/CHW,C,05158
Luke Little,CHC,RP,05koh
Adam Ottavino,BOS/NYY,RP,01sgi
Jack Little,LAD/PIT,SP,0513z
Carson Ragsdale,SF/BAL/ATL,RP,05lg4
Bruce Zimmermann,MIL,RP,04egr
Thomas Harrington,PIT,RP,05zya
John Rooney,MIA/HOU,RP,04ppm
Drew Avans,ATH/MIL,OF,04ycp
Tucker Barnhart,TEX,C,022vw
Reynaldo Lopez,ATL,SP,03i81
Tirso Ornelas,SD,OF,04aov
Aaron Schunk,COL,"2B,3B",0511w
Eli Morgan,CHC,RP,04eiw
Andrew Walters,CLE,RP,061a8
Jesse Hahn,SEA,RP,020dj
Alex Carrillo,NYM,RP,06tl5
Billy Cook,PIT,OF,05y46
Harry Ford,SEA,C,05raw
Justin Foscue,TEX,2B,05gsg
Carter Kieboom,LAA,3B,041m8
Trey Lipscomb,WSH,3B,0612z
Jonathan Ornelas,TEX/ATL,SS,04tjk
Donovan Walton,NYM/PHI,2B,03qyb
Angel Perdomo,LAA/ATH,RP,03mhv
Steward Berroa,TOR/LAD/MIL,OF,04yew
Will Brennan,CLE,OF,05165
Luis Guillorme,HOU,"2B,3B",0317b
Maverick Handley,BAL,C,0514r
Dom Nunez,CLE,C,03125
Tyler Owens,DET,RP,051a6
Cal Stevenson,PHI,OF,04pug
Garrett Stubbs,PHI,C,03qn0
Alex Lange,DET,RP,03yui
Casey Kelly,ARI,RP,01fcp
Tyler Callihan,CIN,2B,04y9i
Kenedy Corona,HOU,OF,05aid
Justin Dean,LAD,OF,04q01
Jhostynxon Garcia,BOS,OF,05j8u
Coco Montes,TB,"2B,3B",04py7
Samad Taylor,SEA,2B,041vt
Ryan Vilade,STL/CIN,OF,04eew
Joe La Sorsa,CIN/NYM,RP,051dm
Joe Mantiply,ARI/TOR,RP,03mle
Robinson Pina,MIA/TOR,RP,04zv4
Noah Davis,BOS/LAD/MIN,SP,04pva
Doug Nikhazy,CLE,SP,05taw
Matt Waldron,SD,SP,051e5
Cody Bolton,SEA/CLE,SP,04ehs
Tristin English,ARI,"1B,OF",0512d
Greg Jones,COL/CHW/HOU,"SS,OF",04gdz
Chuckie Robinson,LAA/LAD/ATL,C,04244
Eddie Rosario,LAD/ATL/MIL,OF,025f7
Hayden Harris,ATL,RP,0664g
Rolddy Munoz,ATL,SP,06kv1
Erik Swanson,TOR,RP,03dgs
Xzavion Curry,MIA/COL,SP,0515h
David Banuelos,BAL,C,04eh1
Luis Campusano,SD,C,04eep
Michael Mercado,PHI,SP,04eeq
Jon Singleton,HOU/NYM,1B,01srk
Triston McKenzie,CLE,SP,03pon
Andelzon Abad,(N/A),RP,064nr
Dailoui Abad,LAD,RP,05r6h
Fernando Abad,(N/A),RP,01viz
Cory Abbott,TEX,SP,04ef6
Kevin Abel,CIN,SP,05jp8
Ben Abeldt,TEX,SP,06cme
Jay Abernathy,(N/A),2B,06kk9
Blane Abeyta,ATL,RP,06r0a
Alaska Abney,CLE,RP,05y70
Albert Abreu,CIN,RP,03xy4
Angel Abreu,CLE,SS,070ks
Anthony Abreu,MIA,SS,06rta
Cristobal Abreu,ATL,RP,06rqy
Jesus Abreu,MIA,C,06rhh
Jose Abreu,(N/A),1B,02i2e
Ranciel Abreu,NYY,SP,06rw6
Wandy Abreu,BOS,RP,067y5
Jhorvic Abreus,CLE,SS,06ifk
Moises Acacio,LAD,SS,06z51
Andy Acevedo,WSH,OF,066m4
Eduardo Acevedo,TB,OF,06rlp
Javier Acevedo,PIT,C,06qzl
Josmar Acevedo,SD,SP,064vq
Stiven Acevedo,(N/A),OF,051m5
Cohen Achen,BAL,RP,06qsv
Nate Ackenhausen,KC,RP,06qv6
Dane Acker,TEX,RP,051hu
Adrian Acosta,LAA,RP,06fhz
Agustin Acosta,LAD,OF,061tn
Aldry Acosta,(N/A),RP,04nr0
Angel Acosta,KC,C,06uj5
Cesar Acosta,NYM,C,06xv5
Cesar Acosta,NYY,SP,070dm
Cristopher Acosta,MIL,SS,06ro2
Daison Acosta,WSH,RP,04c0s
Jose Acosta,MIL,2B,058ls
Julio Acosta,CHC,SS,06rsv
Victor Acosta,CIN,"2B,SS",05r96
Yeison Acosta,BAL,C,06rwq
Bryan Acuna,MIN,SS,05xso
Francisco Acuna,SD,2B,04mm0
Jose Acuna,CIN,SP,05iym
Samuel Acuna,TOR,SP,06gy8
Josh Adamczewski,MIL,SS,06hth
Jose Adames,BOS,RP,03mgf
Joe Adametz,DET,RP,065jb
Mark Adamiak,ATH,RP,066jy
Austin Adams,BOS,RP,02yxi
Blake Adams,COL,SP,065nn
Chance Adams,(N/A),RP,03qle
Cooper Adams,BOS,RP,06tlh
Gavin Adams,PIT,RP,06af9
Jordyn Adams,BAL,OF,04pkp
Luke Adams,MIL,"1B,3B",06582
Mason Adams,CHW,SP,06657
Zane Adams,BAL,SP,06dql
Cody Adcock,CIN,RP,06hve
Bohan Adderley,NYM,OF,06kja
Zac Addkison,SD,SP,06ht8
Chase Adkison,STL,C,06hu2
Eric Adler,CHW,RP,06483
Ross Adolph,(N/A),OF,04pwa
Joan Adon,WSH,SP,04ywo
Melvin Adon,(N/A),RP,04ahv
Jarren Advincula,LAA,2B,06r7b
Jonah Advincula,CLE,OF,06fzk
Brady Afthim,CIN,RP,06z9x
Bruin Agbayani,MIN,SS,06zgv
Matt Ager,PIT,SP,06cq5
Gabriel Agostini,WSH,RP,05rhq
Ismael Agreda,TEX,SP,06cqu
Erlin Aguero,CIN,SP,06qzm
Carlos Aguiar,(N/A),OF,04mkq
Julian Aguiar,CIN,SP,05yg3
Roinny Aguiar,PIT,2B,064oa
Jesus Aguilar,(N/A),1B,02jhn
Luis Aguilar,HOU,RP,06hwa
Starlin Aguilar,SEA,SS,05rbc
Tayler Aguilar,COL,OF,066b0
Dony Aguilera,CIN,SP,06qyb
Gabriel Aguilera,CIN,SP,05ud8
Luis Aguilera,DET,2B,06qzu
Robby Ahlstrom,TEX,RP,05y7j
Hyun Min Ahn,(N/A),OF,06uv7
Maui Ahuna,SF,UT,0622u
Blake Aita,BOS,SP,06pgr
Allen Ajoti,LAD,C,06r7x
Yuto Akihiro,(N/A),1B,06igz
Luiyin Alastre,MIL,SS,06kvr
Max Alba,DET,SP,0665o
Hunter Alberini,KC,RP,06zal
Albert Alberto,(N/A),OF,06mef
Alexander Alberto,TB,RP,05rh5
Alexander Albertus,CHW,3B,06428
Lou Albrecht,PHI,C,06hez
Luke Albright,ARI,RP,05tb4
Mason Albright,COL,SP,05xo6
Dash Albus,KC,RP,06ooc
Damian Alcala,TB,RP,06l0s
Henniel Alcala,CHC,C,06rip
Marcelo Alcala,CHW,OF,06ukl
Moises Alcala,ARI,C,0642a
Eliander Alcalde,TOR,RP,060oe
Adrian Alcantara,(N/A),SP,0554y
Alfredo Alcantara,CIN,SS,06akh
Derik Alcantara,CHC,OF,06uvu
Elisandro Alcantara,(N/A),OF,05gte
Eudry Alcantara,CLE,RP,06u6m
Fabian Alcantara,SD,SS,06yr8
Henry Alcantara,SEA,RP,06s46
Ismael Alcantara,LAD,OF,05uoo
Jhon Alcantara,BOS,SP,06r3a
Kelvin Alcantara,SEA,OF,06ak2
Marvin Alcantara,BOS,"2B,SS",061x3
Raul Alcantara,SEA/BAL/MIL,RP,060fv
Stanly Alcantara,NYY,RP,06uqg
Austin Aldeano,CLE,SP,05r6k
Kemp Alderman,MIA,OF,06ahe
Pablo Aldonis,(N/A),RP,05geb
Carter Aldrete,ATH,2B,051b7
Fran Alduey,CLE,3B,05rcu
Delvis Alegre,(N/A),SP,05aof
Jerson Alejandro,NYY,SP,068z4
Frailin Alejo,CHC,RP,06o13
Eliesbert Alejos,ARI,SS,06bn4
Yoanis Aleksandrov,(N/A),C,062zk
Franco Aleman,CLE,RP,05y5l
Bryce Alewine,DET,RP,06qov
Jesus Alexander,SF,1B,06mhw
A.J. Alexy,(N/A),SP,0429o
Jervis Alfaro,CLE,SP,06s3r
Pedro Alfonseca,(N/A),OF,04epe
Michael Alfonso,TEX,SS,05ynk
Dayquer Alfonzo,SD,C,06r5i
Eliezer Alfonzo,DET,C,04ug3
Eliezer Alfonzo,BOS,SS,06rt6
Omar Alfonzo,NYY,"C,1B",05m6e
Anthony Alford,(N/A),OF,02my8
Peyton Alford,SEA,RP,06rpa
Slate Alford,LAA,3B,06yzk
Pablo Aliendo,CHC,C,05yeh
Matt Allan,NYM,SP,04yi7
Cam Alldred,(N/A),SP,04q67
Austin Allen,(N/A),C,03qkr
Brady Allen,DET,OF,05y4h
Hunter Allen,BAL,SP,06z01
Iverson Allen,PIT,OF,06mc3
Jay Allen,CIN,OF,05t9f
Logan Allen,(N/A),RP,03qnb
Tanner Allen,MIA,1B,05tax
Giullianno Allende,KC,OF,0665h
Bubba Alleyne,LAD,OF,065nv
Jay Allmer,BOS,RP,06ukk
Chase Allsup,BAL,SP,06oo0
Darwin Almanzar,MIN,SS,06zeh
Santiago Almao,TEX,SS,06ytu
Jhan Almeida,CIN,SP,06qzn
Manuel Almeida,SEA,C,06s3a
Luis Almeyda,BAL,SS,05u6l
Alexander Almonte,NYY,SP,06ky7
Ariel Almonte,CIN,OF,05m1a
Brayan Almonte,CIN,SP,05y3w
Dawil Almonte,HOU,RP,06ukj
Genderson Almonte,ATL,SP,064wf
Hancel Almonte,STL,OF,06c4v
Jeremy Almonte,MIA,C,06rhg
Jostyn Almonte,(N/A),OF,05gtc
Keuri Almonte,PIT,SP,06ru4
Yency Almonte,CHC,RP,02n7z
Albert Almora Jr.,MIA/ARI,OF,02i2o
Juan Alonso,LAD,OF,05r66
Kuhio Aloy,NYM,1B,06rqs
Wehiwa Aloy,BAL,2B,06c7b
Jose Alpuria,ARI,OF,06krv
Leandro Alsinois,CHW,OF,066s2
Garvin Alston,WSH,RP,060yv
Ramiro Altagracia,(N/A),OF,05uag
Nick Altermatt,CHW,RP,066do
Brayan Altuve,(N/A),OF,05295
Carlos Altuve,(N/A),1B,066ot
Juan Alva,MIA,SS,06yty
Christopher Alvarado,BOS,SS,06mi8
Jose Alvarado,TEX,SP,06qxe
Anderson Alvarez,TB,SP,06sas
Andres Alvarez,(N/A),"2B,3B,SS",051h2
Armando Alvarez,MIN,3B,0420k
Carlos Alvarez,SD,SP,06r9q
Cesar Alvarez,BAL,SP,05ybn
Edgar Alvarez,CHC,1B,06phb
Efren Alvarez,STL,SP,06upx
Erick Alvarez,TEX,OF,067zo
Frank Alvarez,(N/A),RP,06kj3
Hayden Alvarez,LAA,OF,06jfc
Jhosmer Alvarez,ARI,RP,04si4
Kevin Alvarez,HOU,OF,06psn
Luis Alvarez,NYM,RP,06m7y
Nelson Alvarez,PHI,RP,04q53
Rafael Alvarez,CHW,3B,06ifu
Roberto Alvarez,(N/A),C,042c4
Xavier Alvero,BAL,SP,06akl
Alexander Alzi,BOS,OF,06r84
Adbert Alzolay,NYM,RP,03aqz
Alex Amalfi,TOR,RP,0669s
Austin Amaral,WSH,RP,06hsg
Daniel Amaral,SEA,OF,04pxk
Juan Amarante,PHI,SP,06rn0
Carlos Amaya,(N/A),C,05wdl
Luis Amaya,(N/A),RP,050ii
Kyle Amendt,ARI,RP,06fz5
Billy Amick,MIN,3B,06cgg
Ryan Ammons,NYM,RP,06giv
Brayan Amoroso,STL,OF,06kyb
Luis Amoroso,COL,RP,06qva
Edwin Amparo,BAL,SS,066nw
Felix Amparo,BAL,SS,06ifj
Yunior Amparo,NYM,1B,06v4w
Jake Anchia,CLE,C,04psp
Aidan Anderson,TEX,RP,06m5g
Antonio Anderson,BOS,"3B,SS",05yiu
Ben Anderson,TEX,SP,0519l
Brian Anderson,(N/A),"3B,OF",02c63
Casey Anderson,ARI,RP,06gjs
Chase Anderson,(N/A),RP,026k6
Colin Anderson,(N/A),3B,06r8a
Drew Anderson,DET,"SP,RP",02nb6
Ethan Anderson,BAL,C,06dqr
Jack Anderson,BOS,RP,060uk
Jose Anderson,MIL,OF,06me6
Justin Anderson,CHW,RP,03do2
Kade Anderson,SEA,SP,05ydp
Luke Anderson,(N/A),SP,06ugt
Max Anderson,DET,2B,06dmp
Ryan Anderson,(N/A),RP,0519k
Bryan Andrade,ATH,3B,064r6
Kleyderve Andrade,PHI,RP,06rl1
Ryan Andrade,TB,SP,06qhs
Clayton Andrews,(N/A),SP,04pzw
EJ Andrews,COL,OF,05xst
Tanner Andrews,SF/MIN,RP,04pun
Matt Andriese,MIA,RP,02bsc
Axel Andueza,(N/A),RP,04ug1
Ashly Andujar,COL,SS,06ibr
Louis Andujar,BOS,SS,06z4f
Luis Andujar,BAL,RP,06v2z
Nick Anello,(N/A),"OF,RP",04nat
Euribiel Angeles,ATH,"2B,SS",051jv
Gensi Angeles,ATL,RP,06zb5
Roman Angelo,ARI,SP,06gja
Mack Anglin,KC,RP,0648q
Alan Angulo,KC,SS,06v50
Beau Ankeney,DET,1B,070d8
Eli Ankeney,NYM,RP,066fq
Jack Anker,PIT,RP,06z3w
Tomohiro Anraku,(N/A),SP,036ll
Keaton Anthony,PHI,1B,062e7
Mike Antico,STL,OF,05y44
Ariel Antigua,(N/A),SS,05zju
Sam Antonacci,CHW,"2B,3B,SS,OF",06plc
Tejay Antone,CIN,RP,02nbw
Donovan Antonia,CIN,2B,060p3
Aaron Antonini,TEX,C,051e1
Rayven Antonio,ATL,SP,06rnz
Yasel Antuna,WSH,SS,04a1i
Andreimi Antunez,TB,SS,06k7w
Brailyn Antunez,MIL,OF,06r5o
Wuilfredo Antunez,CLE,OF,061yx
Koyo Aoyagi,PHI,RP,06qxj
Garrett Apker,DET/HOU,RP,06rpo
Liberts Aponte,CIN,SS,06rno
Oswaldo Aponte,MIA,SP,06rn4
Yhoangel Aponte,TOR,OF,05rgp
Jackson Appel,CHW,C,06pgm
Cam Appenzeller,(N/A),RP,06qyv
Cesar Aquino,PIT,RP,06ptv
Charlis Aquino,(N/A),SS,052ft
Derik Aquino,LAD,RP,06rvy
Patricio Aquino,MIL,RP,062po
Wellington Aracena,NYM/BAL,SP,06m7d
Luis Arana,MIA,"3B,SS",06uwm
Jhonny Aranguren,TB,RP,06l0v
Nelson Aranguren,(N/A),1B,0642b
Anderson Araujo,PHI,"C,1B",06y7q
Juan Araujo,(N/A),2B,06mv0
Jonathan Arauz,(N/A),2B,03nrm
Adrian Aray,PIT,SP,06r19
Cristian Aray,SEA,SP,06r4b
Jack Arcamone,(N/A),C,070bm
Nathan Archer,CHW,OF,06qia
Bryce Archie,CHC/CIN,RP,06z9w
Pascual Archila,TOR,OF,06k8b
Wilinyer Ardiles,CLE,SP,06r1l
Adrian Ardines,HOU,SP,06xv4
Silas Ardoin,BAL,C,0647o
Anderson Areinamo,HOU,SS,06ybb
Jadher Areinamo,MIL/TB,"2B,SS",062l0
Derek Arellan,MIA,RP,06o0i
Joneiker Arellano,CIN,SP,067zh
Nathan Arends,ATH,RP,06mei
Bryan Arendt,ATH,C,070dw
Luis Arestigueta,ATL,SP,06iey
Angel Arevalo,ATH,SS,05xah
Marco Argudin,TEX,OF,06uow
Anthony Arguelles,(N/A),RP,06ru3
Cristian Arguelles,COL,OF,06kkn
Joaquin Arias Jr.,TEX,OF,06jhk
Andres Arias,TOR,OF,06ic7
Benjamin Arias,STL,RP,066ne
Chalniel Arias,NYY,RP,06c2w
Cruzmel Arias,COL,C,06rhz
Dariel Arias,CLE,SS,06r1h
Daury Arias,NYY,OF,05yg0
Dayeison Arias,(N/A),RP,0586v
Diosbel Arias,(N/A),SS,04of1
Eligio Arias,PHI,RP,06ukq
Frankeli Arias,CHW,RP,06id7
Franklin Arias,BOS,SS,06c78
Gregori Arias,MIA,SS,06mt3
Isael Arias,NYY,OF,06ukd
Jaime Arias,(N/A),RP,05yee
Jalvin Arias,PHI,OF,06ibt
Jesmaylin Arias,SD,OF,06uqf
Jordy Arias,TEX,RP,061yn
Jose Arias,HOU,OF,061zz
Leandro Arias,BAL,SS,05yiq
Luis Arias,WSH,2B,06bt5
Michael Arias,NYY,RP,06ax0
Rayner Arias,SF,OF,066mw
Robert Arias,CLE,OF,06ibn
Roderick Arias,NYY,"2B,SS",05gec
Victor Arias,TOR,OF,05ui6
Wander Arias,WSH,RP,06o0q
Yeimison Arias,TEX,RP,06uqe
Joe Ariola,ARI,RP,06z16
Luis Ariza,TB,SS,05r5y
Ariel Armas,CHC,C,06pgg
Gustavo Armas,(N/A),OF,062zb
Justin Armbruester,BAL,RP,05yo1
Will Armbruester,MIN,RP,06ukp
Erubiel Armenta,PHI,RP,05xnl
Lazaro Armenteros,(N/A),OF,03yvj
Eldridge Armstrong III,NYM,RP,06qlf
Ivan Armstrong,WSH,RP,05t91
Sam Armstrong,CHC/MIN,SP,06hun
Bryce Arnold,TOR,2B,06htr
Chandler Arnold,STL,SP,066lo
Jamie Arnold,ATH,SP,06ktt
Zach Arnold,PHI,3B,06hwl
Jeremy Arocho,(N/A),"2B,OF",04o30
Erick Arosemena,SF,OF,062xz
Pablo Arosemena,CLE,C,06hss
Anson Aroz,LAD,OF,06zcg
Aiva Arquette,MIA,SS,06pg6
Cade Arrambide,(N/A),C,05u1v
Angel Arredondo,TEX,SS,06jfj
Esmeiquel Arrieche,TOR,C,06r7y
Gregori Arrieche,SEA,SP,06r57
Felix Arronde,KC,SP,06g2a
Carlos Arroyo,(N/A),2B,06tn4
Chris Arroyo,MIA,1B,06yjv
Christian Arroyo,PHI,2B,0310e
Edwin Arroyo,CIN,"2B,3B,SS",05rcj
Michael Arroyo,SEA,"2B,OF",05yid
Rowell Arroyo,CHC,RP,06uko
Samuel Arroyo,BOS,C,06r3e
J.T. Arruda,TB,SS,0518l
Aeverson Arteaga,SF,SS,05gsf
Andru Arthur,STL,OF,06c2i
Reny Artiles,CLE,RP,060xx
Johnny Ascanio,CIN,2B,06tle
Evan Aschenbeck,CHC,SP,06qtn
Enderson Asencio,NYM,1B,06akk
Vladimir Asencio,BOS,OF,06ic6
Yosander Asencio,BOS,OF,064w9
Konnor Ash,(N/A),RP,06tla
Micah Ashman,DET/BAL,RP,06qo7
Albertson Asigen,CHW,OF,06lfh
Keyshawn Askew,TB,RP,05ynj
Paulo Asprilla,STL,C,06c8r
Anthony Astudillo,TEX,SP,07101
Christian Astudillo,BAL,C,06qxx
Jose Astudillo,SF,SS,070ku
Javier Atencio,NYM,SP,060mg
Jose Atencio,WSH,SP,05yls
Luis Atocha,(N/A),1B,06c7g
Oscar Aude,(N/A),OF,05gtg
Mason Auer,TB,OF,05y4w
Brett Auerbach,SF,"2B,OF",05r9x
Brooks Auger,LAD,SP,06pq5
Jose Aular,NYM,C,06raa
Cade Austin,NYY,RP,062e3
Channing Austin,NYM,SP,06qle
Kelly Austin,NYY,RP,06hhl
Morris Austin,CHW,RP,06gjb
RJ Austin,BAL,"2B,OF",06ms6
Trevor Austin,HOU,SS,06qjv
Zack Austin,ATL,RP,06gj6
Corey Avant,ATH,SP,06fzc
Christian Avendano,SF,RP,060ow
Carlos Avila,LAD,C,05r68
Cesar Avila,LAA,SP,06qwm
Luis Avila,PHI,RP,06rpd
Nick Avila,(N/A),RP,066sq
Pedro Avila,(N/A),SP,03to4
Rivaldo Avila,(N/A),C,05m6c
Luis Aviles,(N/A),SS,03c6o
Jace Avina,NYY,OF,05y4t
Daniel Avitia,CHC,C,066ky
David Avitia,CHC,C,06u7a
Alex Ayala Jr.,TB,SP,05y69
Yelserth Ayala,CLE,2B,06iff
Junior Aybar,BAL,OF,06rqw
Nicandro Aybar,TB,SS,061zp
Cole Ayers,NYY,RP,06qw3
Kyle Ayers,ARI,RP,06qtv
Owen Ayers,CHC,C,06ool
Isaac Ayon,LAD,SP,06qp7
Karim Ayubi,BOS,OF,06r40
Enddy Azocar,BOS,OF,06nln
Katsuki Azuma,(N/A),SP,06ktp
Tyler Baca,WSH,OF,0669o
Mahki Backstrom,(N/A),1B,051e3
Franyel Baez,(N/A),OF,05ajc
Henry Baez,SD/ATH,SP,05iyp
Jarol Baez,STL,RP,06c8q
Jesus Baez,NYM/STL,"3B,SS",061rf
Jhoster Baez,HOU,RP,06ukn
Joshua Baez,STL,OF,05rcf
Juan Baez,MIL,"2B,3B",06c2b
Luis Baez,HOU,OF,060fy
Malvin Baez,ARI,SP,06sbq
Manuel Baez,SEA,C,06rtm
Mario Baez,ATL,"2B,SS",06c3t
Michael Baez,(N/A),1B,06rj7
Michel Baez,(N/A),RP,04akb
Nate Baez,MIN,"C,1B",065np
Ethan Bagwell,ATL,SP,06pk6
Carson Bailey,(N/A),SP,06v61
Myles Bailey,CHC,1B,06iex
Smith Bailey,(N/A),SP,06sj5
J.T. Bain,TOR,OF,06mbr
Max Bain,(N/A),RP,05rfd
Alec Baker,ARI,SP,06hov
Andrew Baker,PHI,RP,051co
Darren Baker,WSH,2B,05g47
Dru Baker,TB/CHW,SS,05uac
Tavano Baker,BOS,OF,06kug
Trace Baker,TOR,RP,06zax
Trent Baker,MIN,SP,05ynn
Yorsua Balanta,DET,RP,06sb7
Jordan Balazovic,DET,SP,041sc
Gerson Balbino,COL,SP,064oh
Thomas Balboni Jr.,NYY,RP,066k1
Leo Balcazar,CIN,SS,05unp
Dayker Baldallo,ATH,SS,060w2
Luis Baldiris,MIA,SP,05yeo
Merrick Baldo,WSH,RP,06hq2
Bryce Ball,CLE,1B,051is
Brady Ballinger,DET,1B,06uwn
Ricardo Balogh,(N/A),SS,052ia
Bryan Balzer,SD,SP,06rsx
Scott Bandura,SF,OF,06fqt
Brett Banks,NYM,RP,06fuk
Teo Banks,WSH,OF,06qvs
Zion Bannister,(N/A),OF,05ajd
Rylan Bannon,(N/A),"3B,SS",04eiz
Anthony Baptist,NYM,OF,066mj
Gustavo Baptista,CLE,C,06rw5
Sebastian Baquera,TEX,C,06qe0
Caleb Baragar,(N/A),RP,041v3
Junior Barajas,SF,P,06z3v
Aiverson Barazarte,ATH,C,06rwa
Jake Barbee,TEX,SP,070c8
Colin Barber,HOU,OF,0513p
Noah Barber,KC,OF,06hhf
Jackson Barberi,(N/A),SP,06mvq
Francesco Barbieri,WSH,OF,06qiz
Gabriel Barbosa,PHI,RP,04ylm
Edgar Barclay,(N/A),SP,051bv
Cristopher Barete,TB,OF,068xy
Alec Barger,COL,SP,05t6s
Jack Barker,PHI,OF,070ej
Luke Barker,(N/A),RP,05gdr
Isaiah Barkett,SF,3B,06z3u
Jordy Barley,WSH,SS,04aze
Joe Barlow,TEX,RP,0429m
Charlie Barnes,CIN,SP,04eg2
Matt Barnes,(N/A),RP,0260w
Zach Barnes,ARI,RP,06s3l
Sean Barnett,SD,OF,06qo3
Hunter Barnhart,(N/A),P,05jrg
Zane Barnhart,BAL,RP,06hpr
Boston Baro,NYM,"3B,SS",06fzm
Heisell Baro,(N/A),SP,05it7
Meykel Baro,BAL,SS,06rmd
Sadiel Baro,LAA,RP,06amk
Alex Barr,ATH,SP,070c5
Matt Barr,MIN,SP,06v1w
Kyle Barraclough,(N/A),RP,02n0z
Edwin Barragan,TB,"2B,3B",05ygq
Chris Barraza,LAA,SP,06gis
Elis Barreat,(N/A),2B,06qxd
Diego Barrera,ATH,RP,06hnc
Tres Barrera,TB,C,041sn
Emilio Barreras,MIA,P,06zcw
Franklin Barreto,BAL,OF,02ni1
Yulian Barreto,SF,SS,06rtc
Seamus Barrett,LAD,RP,06qur
Jaime Barria,(N/A),SP,03ysq
Brandon Barriera,TOR,SP,05rfo
Alberto Barriga,ARI,C,066rw
Malik Barrington,(N/A),SP,060oa
Gregory Barrios,TB,SS,05rbt
Johan Barrios,MIL,SS,05yiw
Jose Barrios,MIN,SS,06rvu
Marco Barrios,CHW,RP,06ukm
Nicolas Barrios,MIL,OF,06z5y
Beycker Barroso,TEX,1B,05yl9
Braden Barry,TOR,OF,06fzo
Justin Barry,BOS,2B,06uxn
Cameron Barstad,CLE,C,04prx
Blake Barthol,(N/A),3B,06kwv
Will Bartlett,(N/A),1B,05172
Caleb Bartolero,LAA,3B,06hhb
Javier Bartolozzi,LAD,RP,06mmo
Hudson Barton,(N/A),SP,06rfw
Andersson Barvosa,TOR/TB,RP,06aqh
Edgar Basabe,TEX,OF,060vy
Osleivis Basabe,SF,"2B,3B,SS",04ni5
Andrew Bash,TOR,RP,06fqi
Andy Basora,KC,RP,064p7
Jayson Bass,MIN,OF,06hrp
Angel Bastardo,TOR,RP,061zg
Abel Bastidas,DET,3B,05rdo
Abraham Bastidas,SD,SS,06z5o
Jesus Bastidas,HOU/ATL,"2B,3B,SS",0603r
Boston Bateman,SD/BAL,SP,06kkb
Brett Bateman,CHC,OF,06fpn
Adam Bates,BOS,RP,06sc3
Charlie Bates,(N/A),SS,06afa
Aldrin Batista,CHW,RP,06ce9
Andry Batista,TEX,OF,06mif
Arfeni Batista,STL,SS,066qc
Carlos Batista,WSH,OF,06c2v
Domingo Batista,TB,SS,06ky8
Edinson Batista,HOU/TOR,SP,061zx
Erick Batista,SD,RP,06uqd
Freuddy Batista,HOU,C,04yj2
Gilberto Batista,BOS/TOR,RP,06klc
Guillermo Batista,DET,SS,06r6i
Reminton Batista,MIA,OF,066q9
Yadiel Batista,STL,RP,06c87
Keegan Batka,PHI,SP,06zct
Matthew Batten,ATL,1B,052im
Peyton Battenfield,(N/A),SP,05177
Jalen Battles,TB,SS,0648w
Jack Bauer,(N/A),SP,06tf8
Tyler Baum,ATH,RP,04nay
Tanner Bauman,NYY,SP,06qu6
Garrett Baumann,ATL,SP,06aqk
Mike Baumann,(N/A),RP,04efe
Jackson Baumeister,TB,SP,05u9j
Collin Baumgartner,COL,RP,06hir
Carter Baumler,BAL,RP,05lg1
Nick Bautista III,TEX,SP,066jn
Danny Bautista,(N/A),OF,04pf7
Erick Bautista,COL,OF,066te
Erys Bautista,(N/A),OF,052hu
Israfell Bautista,TB,3B,06kuh
Jeremy Bautista,WSH,C,066ou
Jorge Bautista,(N/A),SP,06ek9
Kelvin Bautista,LAD,RP,05uop
Yorger Bautista,SEA,OF,06ps3
John Bay,NYM,OF,06zcy
Max Bayles,MIN,SP,06v4z
Jarod Bayless,PIT,OF,06s3e
Jamari Baylor,COL,SS,0512t
Sterling Bazil,DET,SS,06yt9
Travis Bazzana,CLE,2B,05zde
Kevin Bazzell,WSH,C,06c5i
Noah Beal,TB,RP,06qiv
Drew Beam,KC,SP,060ig
Trey Beard,MIA,SP,06sjo
Matt Beaty,(N/A),1B,03qpz
Christian Becerra,MIN,SP,06qnd
Andrew Bechtold,PHI,RP,04egk
Brendan Beck,NYY,SP,05uce
Jace Beck,MIA,RP,051gy
Jagger Beck,HOU,RP,06qjt
Jared Beck,BAL,RP,065ix
Brandon Beckel,PHI,RP,06hvc
Austin Becker,COL,RP,04t99
Colton Becker,KC,2B,06qjs
Eric Becker,CIN,2B,06l5d
Matthew Becker,MIN,RP,068a5
Nick Becker,SEA,SS,06utc
David Beckles,TOR,"1B,OF",06uju
Ian Bedell,(N/A),SP,05gs7
Will Bednar,SF,RP,05t9e
Tyler Beede,MIN,RP,02bq5
Merritt Beeker,WSH,RP,06qob
Seth Beer,PHI,1B,0414k
Blake Beers,ATH,SP,061hw
Landon Beidelschies,ATL,SP,06mpj
Charlie Beilenson,SEA,RP,06pgf
Jarrod Belbin,(N/A),1B,06hu6
Adrian Belen,KC,RP,06uh5
Marcos Belen,CLE,OF,06tfz
Jeff Belge,CHC,SP,051di
Nigel Belgrave,MIA,RP,06hto
Brock Bell,CIN,RP,0515u
Ethan Bell,CHC,RP,06tlg
Luke Bell,CHW,RP,06h1p
Talan Bell,(N/A),"1B,SP",06kx5
Tyler Bell,COL,SS,06nu9
Andrew Bellatti,SD,RP,02hc5
John Beller,ATH,SP,05t65
Adrian Bello,MIA,C,06rhe
Angel Bello,CHW,SP,06uwb
Carlos Bello,NYY,SS,06vy9
Erick Bello,(N/A),RP,05nss
Jose Bello,SF/BOS,RP,06mmn
Juan Bello,HOU,SP,06p4m
Rony Bello,WSH,SS,0700v
Brandon Belt,(N/A),1B,01uwk
Gustavo Beltran,(N/A),SS,06cp7
Hugo Beltran,BAL,SP,05u9e
Jeiki Beltran,ATL,RP,06ukw
Luis Beltran,BAL,RP,06ukv
Nolan Beltran,PHI,SS,061qu
Eddy Beltre,(N/A),OF,05vyn
Eduardo Beltre,MIN,OF,06icc
Manuel Beltre,TOR,"2B,3B,SS",05m1d
Cade Belyeu,(N/A),OF,06rok
Max Belyeu,COL,OF,06mpu
Carlos Benavides,DET,C,06rtd
Cristian Benavides,BAL,SS,067yb
Ruben Benavides,(N/A),C,05j8t
Justin Bench,(N/A),2B,066dr
Edwuin Bencomo,SD,RP,05t93
Frederick Bencosme,BAL,"2B,SS",05ykx
Colton Bender,SD/PHI,C,05ygl
Derek Bender,(N/A),1B,06id1
Spencer Bengard,MIN,RP,06htk
Carson Benge,NYM,OF,06aly
Angel Benitez,NYY,SP,061zf
Diego Benitez,ATL,SS,05u32
Johan Benitez,(N/A),SS,05iyn
Jorge Benitez,LAD,RP,04ek0
Keyner Benitez,MIA,SP,06bs9
Lazaro Benitez,(N/A),OF,059bw
Sthiven Benitez,KC,RP,06uwa
Yoxander Benitez,SF,SS,06l3n
Juan Benjamin,CLE,"1B,2B,3B",062hw
Wes Benjamin,SD,SP,03de6
Godwin Bennett,CHW,OF,065iq
Jake Bennett,WSH,SP,060i2
Nick Bennett,(N/A),RP,0514e
Pierce Bennett,PHI,2B,06hnq
Donovan Benoit,CIN,SP,05yd6
Sam Benschoter,CIN,RP,060y1
Cooper Benson,TOR,SP,05y64
Trey Benton,(N/A),RP,051b9
Alendry Benua,(N/A),RP,06r24
Alexander Benua,ARI,OF,06meb
Alvaro Benua,LAD,RP,06807
Alfredo Benzan,ARI,SS,06jfi
Jadon Bercovich,TB,RP,06qix
Derek Berg,PIT,C,06qv2
Adam Berghorst,(N/A),P,051ap
Jesse Bergin,MIA,RP,05y5m
Michael Berglund,(N/A),C,04ptc
Austin Bergner,(N/A),SP,0410p
William Bergolla,CHW,"2B,SS",05w8l
Victor Bericoto,SF,"1B,OF",051wu
Stevie Berman,(N/A),C,05rd2
Jonathan Bermudez,(N/A),SP,04q5u
Jonatan Bernal,KC/ARI,RP,060yf
Leo Bernal,STL,C,05rcw
Derek Bernard,COL,OF,0633e
Wynton Bernard,(N/A),OF,03eq5
Logan Berrier,DET,RP,06uh4
Osvaldo Berrios,STL,RP,04es4
Prelander Berroa,CHW,RP,0509b
Wilner Berroteran,LAA,SP,071ma
Caleb Berry,BOS,C,06zg2
Jacob Berry,MIA,"3B,OF",05t5m
Jake Berry,CLE,RP,06hx9
Luke Berryhill,(N/A),C,0519x
John Michael Bertrand,SF,SP,06685
Jay Beshears,MIA,"3B,SS",06f16
Justin Best,(N/A),OF,05u9x
Liam Best,STL,RP,06zaw
Jhostin Betances,LAA,SP,06rl6
Yelinson Betances,LAA,OF,06v28
Bryant Betancourt,COL,"C,1B",0626r
Carlos Betancourt,(N/A),SP,04vem
Joswal Betancourt,CLE,RP,06ib0
Wilson Betemit Jr.,KC,SP,05vyo
Freiker Betencourt,CHC,OF,06zs7
Christian Bethancourt,TOR,C,01sci
Trevor Bettencourt,(N/A),P,0426s
Ben Beutel,CHW,SP,06647
Dante Biasi,(N/A),P,04250
Dylan Bice,(N/A),P,0425r
Calvin Bickerstaff,BOS,RP,06qki
Phil Bickford,CHC/PHI,RP,03109
Nick Biddison,LAD/PHI,OF,064nn
Anderson Bido,HOU,RP,06r06
Merlin Bido,BOS,SP,06uku
Brandan Bidois,PIT,RP,06ex9
Brandon Bielak,ARI,RP,04el1
Michael Bienlien,(N/A),RP,051i7
Frediry Bierd,(N/A),RP,06r25
Gabe Bierman,MIA,RP,05y9s
Justice Bigbie,DET,OF,05ylo
Jax Biggers,TEX,"2B,SS",04ptb
George Bilecki,SD,OF,070ce
Denton Biller,BAL,RP,070d5
Jason Bilous,CLE,SP,04pwm
Jacob Bimbi,PIT,RP,06qo9
Alex Binelas,BOS/PHI,1B,05gs9
Ethin Bingaman,(N/A),SP,0701t
Malik Binns,PHI,SP,05yo3
Ryan Birchard,MIL,SP,06f1p
Brandon Birdsell,CHC,SP,05jr4
Reid Birlingmair,TEX,SP,06r0k
Kyle Bischoff,MIN,RP,06qyo
Braylon Bishop,PIT,OF,04yrm
Hunter Bishop,SF,OF,04267
Eric Bitonti,MIL,3B,05yed
Nick Bitsko,(N/A),RP,05g4l
Tucker Biven,WSH,RP,06zav
Ty Blach,TEX,SP,02mzi
Grant Black,STL,RP,068ng
JoJo Blackmon,(N/A),OF,05y4s
Benjamin Blackwell,(N/A),SS,06htz
Nolan Blackwood,(N/A),RP,041y9
Alec Blair,(N/A),OF,06utd
Andy Blake,(N/A),3B,06hha
Werner Blakely,LAA,SS,05llu
Wilmer Blanca,TOR,OF,06r6p
Jason Blanchard,(N/A),P,0516u
Tony Blanco Jr.,PIT,UT,05yci
Geyber Blanco,(N/A),2B,06meg
Hader Blanco,PIT,RP,066qz
Kennew Blanco,TOR,SS,06hyq
Pedro Blanco,ARI,OF,06qy8
Sebastian Blanco,COL,SS,06rnu
Wilmer Blanco,PHI,SP,06umf
Alex Blandino,(N/A),1B,03d6u
Travis Blankenhorn,LAA,OF,03qk2
Alejandro Blasco,CLE,2B,06r1g
Nathan Blasick,COL,RP,06ood
Miguel Bleis,BOS,OF,05m1c
A.J. Block,LAA,SP,051ct
Adam Bloebaum,WSH,RP,06qhq
Jack Blomgren,HOU,SS,05mrr
Jake Bloss,TOR,SP,06dqi
Josh Blum,NYM,RP,06qqv
Miguelangel Boadas,MIN,SP,06u79
Dennis Boatman,CIN,RP,06ugs
Jake Bockenstedt,CHW,SP,06h1o
Harrison Bodendorf,CLE,SP,07033
Caden Bodine,BAL,C,06c5r
Gage Boehm,SEA,RP,06qis
Jeziel Boekhoudt,CHW,RP,06mt2
Bryce Boettcher,HOU,OF,06qtu
Mike Boeve,MIL,"1B,3B",06dnb
Caden Bogenpohl,PHI,OF,06ms1
Adrian Bohorquez,MIN,SP,06ltf
Jace Bohrofen,TOR,OF,05gx3
Branden Boissiere,WSH,1B,05tzh
Jake Bold,SD,C,06zg1
Caleb Bolden,BOS,P,04eot
Andrew Bolivar,STL,RP,06c85
Angel Bolivar,BAL,SP,06sbh
Luis Bolivar,(N/A),OF,05rhc
Mason Bolivar,CLE,OF,06ak8
Moises Bolivar,LAD,SS,06mw4
Matthew Bollenbacher,WSH,RP,06hiq
Skye Bolt,(N/A),OF,03qkd
Henry Bolte,ATH,OF,05y7t
Brainer Bonaci,BOS,SS,0510d
Yander Bonaci,BOS,RP,06o14
Bo Bonds,TOR,RP,064nt
Peyton Bonds,SF,OF,06rue
Caleb Bonemer,CHW,"3B,SS",06hea
Jarrette Bonet,MIL,RP,06zcf
Jorge Bonifacio,KC,OF,029v2
Lisandro Bonifacio,MIA,SS,064r4
Mauro Bonifacio,(N/A),OF,052fy
Enmanuel Bonilla,TOR,OF,062hy
Ezequiel Bonilla,(N/A),SP,0689p
Peter Bonilla,LAD,RP,064zk
Bryce Bonnin,TEX,RP,05jpl
Richie Bonomolo,NYY,OF,06yzj
Paul Bonzagni,TEX,SP,06h1z
Colton Book,CHC,SP,06z9v
Jake Books,(N/A),OF,06kts
Rodney Boone,CLE,SP,05y0d
Trevor Boone,(N/A),OF,051e4
Tim Borden,HOU,SS,067xf
Wilian Bormie,TEX,RP,06uhl
Dario Borrero,(N/A),1B,05y3b
Gueile Borrome,CLE,2B,064o8
Coleman Borthwick,SD,3B,06yzr
Josh Bortka,PHI/MIN,SP,066jh
Ethan Bosacker,KC,SP,06hvf
Bobby Boser,ATH,3B,06y7h
Jacob Bosiokovic,MIN,RP,04226
Julian Bosnic,PIT,RP,0657z
Josh Bostick,SF,SP,06fpj
David Bote,LAD,"2B,3B",02n8i
Alex Bouchard,BOS,SP,06qso
Adam Boucher,TB,RP,06gjc
Pier-Olivier Boucher,(N/A),OF,06gjg
Matthew Boughton,CHW,SS,0703b
Ryan Bourassa,ATL,RP,06gj5
Kristofer Bow,NYY,SP,066la
Blake Bowen,(N/A),OF,06yuf
Darren Bowen,MIN,SP,066lp
Jase Bowen,SD,OF,0518m
Karson Bowen,(N/A),"C,1B",06cqa
Tyler Bowen,PHI,RP,070cf
TT Bowens,BAL,1B,05rd7
Sam Bower,SF,SP,065uy
Cody Bowker,PHI,SP,06yjw
Cooper Bowman,ATH,"2B,OF",05xou
Kaleb Bowman,MIL,RP,06s3h
Drew Bowser,CHC,SS,05jrl
Brad Boxberger,(N/A),RP,01sik
Emaarion Boyd,MIA,OF,064nf
Jeremiah Boyd,ARI,C,06gj9
Justin Boyd,CLE,OF,0630m
Jorge Boyer,(N/A),RP,060qr
Logan Boyer,(N/A),RP,05188
Ryan Boyer,TOR/DET,RP,068yb
Michael Boyle,(N/A),RP,03qqw
Sean Boyle,SD,SP,04q78
Greg Bozzo,NYY,C,06yzi
Angel Brachi,TB,SS,06jfk
Aaron Bracho,LAD,"1B,2B",04l97
Silvino Bracho,CIN,RP,03djz
Enrique Bradfield Jr.,BAL,OF,05jre
Cody Bradford,TEX,SP,0514o
Nicholas Bradley,(N/A),SP,05yas
Davis Bradshaw,(N/A),OF,04pvf
Tyler Bradt,STL,RP,06hry
Ryan Brady,KC,RP,0668j
Braxton Bragg,BAL,SP,06fzr
Kade Bragg,MIN,RP,06hpv
Trey Braithwaite,CIN,SP,066jg
Spencer Bramwell,MIA,C,066e6
Stevie Branche,(N/A),RP,05ogu
Jonathan Brand,BOS,RP,066ck
Connor Brandon,NYM,SP,065ja
Jack Brannigan,PIT,"3B,SS",0630j
Brooks Brannon,BOS,C,06300
Mason Brassfield,(N/A),OF,0680a
Michael Braswell,KC,SS,05yh7
Mitch Bratt,TEX/ARI,SP,05xq2
Corey Braun,ATH,SP,06zr3
Lucas Braun,ATL,SP,06f18
Logan Braunschweig,ATL,OF,06yzh
Ayendy Bravo,MIL,RP,06uo8
Damian Bravo,SF,OF,06z3z
Jhorman Bravo,BOS,SS,06rqg
Bralyn Brazoban,PIT,OF,06icb
Anthwan Brea,BAL,OF,06qxy
Jhose Brea,ATH,RP,06sug
Victor Brea,ARI,RP,06ukr
Hunter Breault,ATH,RP,06ugr
Josh Breaux,PHI,C,04pmj
Brody Brecht,COL,SP,05ybz
Alex Breckheimer,STL,RP,06zaz
Austin Breedlove,NYY,RP,06yzg
Bradley Brehmer,BAL,RP,04q5d
Noah Bremer,(N/A),P,04ehe
Tyler Bremner,LAA,SP,06icx
Payton Brennan,(N/A),OF,06ph1
Tim Brennan,TEX,SP,04psf
Jake Brentz,TB/CHC,RP,031d3
Jacob Bresnahan,SF,SP,06ht3
Ivan Brethowr,CHC/PIT,OF,06qgs
Colten Brewer,NYY,RP,02bt3
Hoss Brewer,NYM,RP,06qla
Jordan Brewer,HOU,OF,05130
Michael Brewer,(N/A),RP,056j9
Easton Breyfogle,(N/A),OF,06r78
Will Brian,NYY,RP,066d9
Endrys Briceno,LAA,RP,03amr
Jose Briceno,(N/A),C,031s7
Josue Briceno,DET,"C,1B",0637j
Miguel Briceno,MIN,"1B,2B,3B",06r08
Will Brick,TOR,C,06yzu
Trevor Brigden,(N/A),RP,051db
Austin Briggs,(N/A),RP,04z3u
Trace Bright,BAL,SP,0648i
Bryson Brigman,CIN,"2B,OF",041qn
Alec Briley,CHW,3B,06qkd
Juan Brima,ARI,SS,06rob
Jake Brink,CIN,SP,06za0
Nick Brink,MIA,SP,06qui
Anderson Brito,HOU,SP,06me7
Biembenido Brito,COL,SP,06am2
Chris Brito,KC,1B,06qxl
Edwin Brito,BOS,OF,06kvf
Erick Brito,PHI,"2B,SS",06avx
Heins Brito,CLE,SS,06rqh
Jhony Brito,SD,RP,050ih
Josue Brito,BOS,OF,06r3g
Juan Brito,CLE,"1B,2B,3B",05yhe
Moises Brito,(N/A),RP,063do
Raul Brito,SD,RP,06s36
Roldy Brito,COL,"2B,OF",06kui
Logan Britt,LAA,SP,06hpx
Rhett Britt,(N/A),SP,062zv
Rio Britton,ARI,RP,06htm
Ricardo Brizuela,CHW,SP,06u6e
Kyle Brnovich,BAL/COL,SP,05162
Taylor Broadway,BOS,RP,05y9p
Jesus Broca,MIL,RP,06ugq
Julian Brock,TEX,C,06dn9
T.J. Brock,TOR,RP,06575
Luke Broderick,COL,RP,06z9z
Sam Brodersen,STL,RP,06qri
Bryan Broecker,TB,C,06hug
Archer Brookman,DET,C,0665n
Aaron Brooks,ATH,SP,02bwv
Daniel Brooks,ATL,SP,06zcx
Jake Brooks,MIA,SP,060vg
Robert Brooks,TOR,C,06sub
Steven Brooks,BOS,SP,06qo6
Matt Brosky,(N/A),SP,066ce
Mike Brosseau,SD,1B,04ylg
Joey Broughton,MIL,SP,06pfg
Aaron Brown,HOU,SP,05yc7
Cam Brown,PHI,RP,05gx1
Cam Brown,HOU,RP,06tlc
Canyon Brown,KC,C,06qtz
Dasan Brown,(N/A),OF,0512s
Dawson Brown,ARI,RP,06qrb
Devonte Brown,TOR,3B,05u9t
Dylan Brown,BOS,SP,06zrd
Ely Brown,CHW,OF,070c3
Eric Brown,MIL,SS,060jp
Garrett Brown,(N/A),SP,066e9
Jake Brown,SEA,OF,06l5g
Jessada Brown,MIA,OF,06qjg
Juan Brown,CIN,3B,06mdm
Luke Brown,PIT,OF,051jl
Marcus Brown,WSH,SS,066ep
Ryan Brown,LAD,RP,06gih
Ryan Brown,ATH,RP,06hsf
Sam Brown,LAA/WSH,1B,06h1x
Vaun Brown,SF,OF,05y6h
Zack Brown,MIL,SP,041rx
Kevin Bruggeman,LAA,C,06xzy
Gavin Bruni,WSH,RP,05tuq
Alam Bruno,ARI,SS,06rtb
Ryan Bruno,ARI,RP,05jqo
Maddux Bruns,LAD,RP,05t9h
Chase Brunson,TOR,OF,06kqz
Thomas Bruss,DET,RP,06mip
Drew Brutcher,HOU,OF,06ujq
Ben Brutti,CIN,RP,064n6
Daniel Bruzual,TEX,C,064or
Brooks Bryan,KC,C,06r3v
Chad Bryant,(N/A),P,051iz
Tyler Bryant,MIL,RP,06s3g
Zach Bryant,BOS,RP,05rem
Yasmil Bucce,BAL,"C,1B",060p1
Daniel Bucciero,ATH,3B,07010
David Buchanan,TEX,SP,02h9b
Jacob Buchberger,STL,3B,05r3u
Micah Bucknam,TOR,SP,06yzf
Brayan Buelvas,ATH,OF,057z9
Ismauri Bueno,TOR,RP,06r12
Jesus Bugarin,COL,OF,06agm
J.B. Bukauskas,MIL,RP,03dsj
Blaine Bullard,TOR,OF,070c6
Tony Bullard,MIA,3B,06hiy
Brody Bumila,TEX,SP,06r73
Cade Bunnell,ATL,SS,06aqo
Tyler Burch,COL,RP,05uk0
Peyton Burdick,(N/A),OF,0512l
Colin Burgess,DET/ATL,C,0665m
David Burgos,LAD,RP,06rn5
Deivid Burgos,CIN,RP,06rtu
Jorge Burgos,CLE,OF,05uy6
Luis Burgos,NYY,SP,06rts
Raymond Burgos,SF,SP,0421m
Roberto Burgos,SD,RP,06rtr
Yerlin Burgos,ATH,RP,06su8
Garrett Burhenn,DET,SP,05yc2
Blake Burke,MIL,1B,062jb
Chris Burke,(N/A),C,06avw
Jacob Burke,CHW,OF,06584
Langston Burkett,SD,RP,06heo
Blake Burkhalter,ATL,SP,0630k
Griffin Burkholder,PHI,OF,06mnj
Grant Burleson,HOU,RP,06qpa
Robbie Burnett,NYY,2B,06ywi
Jimmy Burnette,TOR,RP,0614e
Connor Burns,CIN,C,06ekn
Mason Burns,STL,RP,06qsk
Nathan Burns,(N/A),RP,05y0x
Peter Burns,LAA,C,06hh9
Tanner Burns,CLE,RP,04mtq
Braden Burress,(N/A),OF,06uw2
Drew Burress,ATH,OF,067y4
Ryan Burrowes,CHW,SS,0668r
Beau Burrows,PIT,RP,03pj3
Logan Bursick-Harrington,TEX,SP,06hty
Max Burt,NYY,SS,060u9
Alan Busenitz,CIN,RP,031hh
Homer Bush Jr.,TB,OF,067xh
Ky Bush,CHW,SP,05tpz
Matt Bush,(N/A),RP,01t04
Will Bush,HOU,C,06hq3
Jack Bushell,DET,RP,06r7z
Alex Bustamante,NYY,RP,066aw
Omar Bustamante,DET,C,06r0e
Anielson Buten,CIN,OF,06akp
Aiden Butler,SEA,SP,06qu8
Connor Butler,(N/A),RP,066fx
Jonny Butler,ATH,OF,05tuu
Brandon Butterworth,SD/BAL,SS,06qnj
Ike Buxton,MIA,RP,066k5
Ben Bybee,SF,RP,06z3y
Michael Byrne,(N/A),RP,04pxh
Myles Caba,LAD,RP,06qjh
Starlyn Caba,MIA,SS,066mx
Juan Cabada,CHC,SS,06qsc
Jorge Caballero,MIA,OF,06bkv
Ryan Cabarcas,BAL,RP,06qf1
Trey Cabbage,(N/A),OF,03qko
Elijah Cabell,(N/A),OF,04pxy
Brayan Cabello,SF,RP,06sb5
Diosfran Cabeza,ARI,C,060q4
Johan Cabeza,CIN,SP,06sb9
Yeremmy Cabeza,COL,SP,06sb8
Aiven Cabral,ATL,SP,06c8v
Ismael Cabral,TB,SP,06rky
Jhon Cabral,MIA,RP,064vv
Riquelmin Cabral,ARI,3B,062es
Anel Cabrera,LAA,SP,06cqv
Baldemix Cabrera,TB,SP,06ul1
Daniel Cabrera,DET,OF,05gcu
J.P. Cabrera,STL,C,06rp6
Jan Cabrera,STL,SP,06rpb
Jean Cabrera,PHI,SP,05ww7
Jeisson Cabrera,BAL,RP,0558s
Jhonnys Cabrera,(N/A),C,05ryp
Jose Cabrera,ARI,SP,06plg
Jose Cabrera,LAD,RP,06rp1
Manuel Cabrera,WSH,SS,066m9
Marcos Cabrera,(N/A),SS,0510e
Marwys Cabrera,KC,SP,066m1
Ricky Cabrera,CIN,3B,05rjo
Romtres Cabrera,STL,OF,05rcx
Roni Cabrera,KC,OF,06cf4
Walking Cabrera,(N/A),OF,04v6s
Yeremy Cabrera,TEX,OF,06c3v
Yojancel Cabrera,LAA,SS,06uut
Yovanny Cabrera,CHC,RP,06suu
Juneiker Caceres,CLE,OF,06mmx
Justin Caceres,(N/A),RP,06r28
Kelvin Caceres,LAA,RP,06144
Sebastian Cadiz,CLE,C,06ife
Jose Caguana,SEA,C,06rtn
Luis Caicuto,PHI,C,06rl5
Tegan Cain,PHI,RP,06pg0
Christian Cairo,ATL/CLE,"2B,3B,SS",0513m
Frank Cairone,MIL,SP,06z9a
David Calabrese,TOR,OF,05js2
Anthony Calarco,(N/A),1B,06htx
Robert Calaz,COL,OF,066mo
Johan Calcano,ARI,RP,06sbz
Warren Calcaño,KC,SS,06r9a
Omar Calcurian,SF,2B,06r15
Fernando Caldera,HOU,C,06rk6
Francisco Caldera,HOU,C,06rju
Nehomar Caldera,(N/A),C,06c1n
Augusto Calderon,PHI,SP,06r05
Carlos Calderon,HOU,RP,060ut
Jaeden Calderon,PHI,OF,06hsw
Yorlin Calderon,SEA/ATH,RP,061lp
Michael Caldon,BAL,RP,06qp6
Slade Caldwell,ARI,OF,06agr
Willie Calhoun,(N/A),UT,0315r
Caleb Cali,SEA,3B,06hq8
Austin Callahan,CIN,3B,05y78
Brett Callahan,DET,OF,06hvg
Blair Calvo,DET,RP,051hf
Jeison Calvo,ARI,RP,06if0
Osiris Calvo,NYM,SP,06yce
Gerson Calzadilla,MIL,SP,06hig
Yojanser Calzado,CIN,OF,070kt
Angel Camacho,PIT,RP,06rgi
Jose Camacho,LAA,1B,06qze
Kevin Camacho,CHC,RP,06ul0
Reiver Camacho,COL,RP,06mw7
Santiago Camacho,SF,C,06nl7
Daniel Camarena,(N/A),RP,02c65
Jair Camargo,MIN/ATL,C,05ge4
Ali Camarillo,ATH,SS,06qns
Frank Camarillo,NYM,RP,06zcv
Jesus Camejo,ARI,RP,06ugx
Mario Camilletti,CHW,"2B,OF",066cl
Cam Caminiti,ATL,SP,062e0
Alain Camou,(N/A),2B,06427
Sergio Campana,(N/A),OF,04ym5
Clayton Campbell,DET,"C,1B,3B",06drp
Drew Campbell,(N/A),OF,051hz
Dylan Campbell,PHI,OF,06ekr
Jacob Campbell,SD,OF,066ad
Justin Campbell,CLE,SP,051e9
Kayden Campbell,(N/A),RP,06id3
Logan Campbell,(N/A),RP,060ob
Noah Campbell,(N/A),OF,04er6
Paul Campbell,CHC,SP,04eso
Alexander Campos,(N/A),SS,04b3m
Alexander Campos,TB,RP,06rtw
Chris Campos,LAD,SP,064wh
Daniel Campos,CHC,C,06rim
Diego Campos,HOU,C,06rjw
Dyron Campos,(N/A),OF,050yl
Elio Campos,ATL,SS,05r61
Manuel Campos,ATL,SS,06ru0
Roberto Campos,DET,OF,059tv
Ryan Campos,STL,C,06o0g
Ulices Campos,DET,SP,06rtx
Hector Campusano,BAL,2B,06o10
Gabriel Cancel,(N/A),"3B,SS",03qmu
Jarrod Cande,COL,SP,06hvx
Franklin Candelario,(N/A),OF,06r7u
Wilmin Candelario,(N/A),SS,04nau
Clark Candiotti,SD,SP,06o0d
Edelson Canelon,MIA,RP,071hf
Cam Cannarella,MIA,OF,06c1j
Will Cannon,CIN,RP,06qnk
Gregori Cano,(N/A),1B,06alz
Ichiro Cano,CIN,3B,06jh6
Matt Canterino,MIN,RP,0511v
Hayden Cantrelle,CHC,"2B,SS",05gs5
Conner Capel,ATL,OF,041sb
Justin Capellan,NYY,C,06jbi
Samuel Capellan,(N/A),OF,061zk
Brooks Caple,CHC,SP,06qu7
Francesco Capocci,(N/A),RP,05yge
Yiddi Cappe,MIA,3B,05110
Balian Caraballo,LAA,OF,06qrj
Brandy Caraballo,DET,OF,06rp4
Heriberto Caraballo,STL,C,06rp3
Jan Caraballo,SF,RP,06r3z
Miguel Caraballo,SF,C,06ya5
Uilfe Caraballo,TEX,SP,06r11
Trent Caraway,(N/A),3B,06cq4
Anderson Cardenas,ARI,RP,06maw
Noah Cardenas,MIN,C,05y2j
Ruben Cardenas,PHI,OF,04pyz
Xavier Cardenas,MIA,RP,06zcu
Ryan Cardona,CIN,SP,06cqw
Victor Cardoza,PHI,OF,06rgr
Kristian Cardozo,(N/A),RP,055cd
Enmanuel Carela,WSH,RP,06r6y
Juan Carela,CHW,SP,04z6l
Leny Carela,PHI,2B,064ov
Jack Carey,PIT,RP,060ul
Owen Carey,ATL,OF,06qrv
Tate Carey,(N/A),SP,06uw3
Luis Carias,LAD,SP,06su2
Michael Carico,CHC,C,0622v
Carlos Caripa,CLE,OF,06r1f
Billy Carlson,CHW,SS,06alq
Max Carlson,BOS,RP,05ygx
Parker Carlson,NYM,RP,06zdi
Sam Carlson,LAD,RP,04ef1
Drew Carlton,(N/A),RP,05g32
Kyler Carmack,PHI,RP,06c5m
Easton Carmichael,PIT,C,06k7s
Angel Carmona,ATL,SS,06rhx
Kelvin Carmona,ATL,RP,06rqx
Dylan Carmouche,SF,SP,06hti
Hunter Carns,(N/A),C,06iew
Carlos Caro,PIT,2B,06lt9
Josh Caron,SEA,C,06oo3
D.J. Carpenter,STL,RP,066lb
Michael Carpenter,MIN,SP,06qnz
Ryan Carpenter,(N/A),SP,02bvl
Alan Carpinteiro,SEA,SP,06s37
Leonardo Carpio,PHI,OF,06z59
Samuel Carpio,MIA,RP,06mca
Jared Carr,PHI,OF,05yhi
Kyle Carr,NYY,SP,06dmq
Peyton Carr,MIN,3B,06qvk
Carlos Carra,MIL,RP,06ukz
Deury Carrasco,(N/A),RP,04b3k
Luis Carrasco,ATH,RP,05h7i
Luis Carrasco,ARI,RP,06v6f
Carlos Carrasquel,BOS,SS,06jh0
Burl Carraway,CHC,RP,05jp6
Nicolas Carreno,NYM,RP,06sbc
David Carrera,NYY,OF,06tvi
Emisael Carrera,STL,SP,06c86
Jesus Carrera,HOU,RP,06img
Julio Carreras,COL,"3B,SS",04yj9
Yamvier Carrero,ATL,SS,06zww
Lorenzo Carrier,COL,OF,060ud
Cole Carrigg,COL,"SS,OF",066eo
Alvaro Carrillo,(N/A),RP,06tl4
Gerardo Carrillo,TEX,RP,04qnh
Oliver Carrillo,HOU,OF,062yz
Andrew Carson,SEA,RP,06ro0
Diego Cartaya,MIN/SF,C,04p0h
Yeiber Cartaya,BAL,SP,06bpr
Greysen Carter,NYY,SP,06agt
Irv Carter,TOR,RP,05uy2
Ross Carver,CLE,RP,061bm
Curt Casali,(N/A),C,02bxm
Jair Casanova,(N/A),OF,0637d
Jean Casanova,(N/A),RP,048tz
Gavin Casas,(N/A),1B,06akc
Brad Case,(N/A),RP,04q02
Tommy Case,LAD,SP,06zzb
Derek Casey,(N/A),P,03duc
Donovan Casey,WSH,OF,04erx
Jake Casey,TOR,OF,06z0p
Yanuel Casiano,CIN,C,06quz
Luichi Casilla,COL,SP,064of
Jiorgeny Casimiri,(N/A),RP,05no0
Connor Caskenette,MIA,C,06qnh
Conrad Cason,BOS,SS,06nzs
Brandon Cassedy,HOU,SP,06zdh
Xavier Casserilla,HOU,3B,06hhk
Estanlin Cassiani,(N/A),OF,06rjj
Johnny Castagnozzi,(N/A),2B,06kzx
Victor Castaneda,(N/A),RP,05ai6
Marcos Castanon,SD,"2B,3B",061yk
Alejandro Castellano,HOU,C,06rk4
Angelo Castellano,(N/A),"2B,SS",06qx3
Eiberson Castellano,MIN/PHI,RP,06l49
Enger Castellano,(N/A),1B,05gdi
Humberto Castellanos,(N/A),RP,050if
Santiago Castellanos,MIN,SP,06rm5
Nate Castellon,(N/A),SS,06v4q
Brayan Castillo,COL,RP,050ym
Byron Castillo,LAA,OF,06ams
Carlos Castillo,PIT,SP,06c9z
Chad Castillo,PHI,1B,066cs
Darian Castillo,SD,2B,06r5h
Deuri Castillo,SEA,SS,06qy3
Diego Castillo,COL,RP,041me
Diego Castillo,MIN/NYM/KC,SS,04vnr
Eruviel Castillo,BAL,SS,05xzk
Haritzon Castillo,MIN,SS,06rnp
Hector Castillo,CLE,RP,06r1k
Isaias Castillo,NYY,OF,06rqr
Jackson Castillo,NYY,OF,06m61
Jesus Castillo,PIT,SS,062l1
Juan Castillo,COL,C,06ri2
Kenny Castillo,ARI,C,05rhs
Kevyn Castillo,LAA,OF,06dqm
Kyler Castillo,MIA,OF,061h9
Luis Castillo,MIL,OF,061v8
Max Castillo,(N/A),SP,04k4u
Moises Castillo,CHW,SS,06148
Neyfy Castillo,(N/A),"1B,OF",04o38
Raymi Castillo,MIN,RP,06sbk
Rayner Castillo,DET,SP,05xng
Ruben Castillo,LAA,SP,06ksb
Ruben Castillo,NYY,OF,06rhu
Starlyn Castillo,(N/A),SP,04p0g
Walin Castillo,MIA,SP,0646e
Wilkelma Castillo,(N/A),RP,06rjk
Wilton Castillo,(N/A),SP,05t5j
Winifer Castillo,PHI,OF,06qh5
Yeiferth Castillo,CLE,OF,06mfs
Yolfran Castillo,TEX,SS,06icj
Allan Castro,BOS,OF,061yp
Ariel Castro,MIN,OF,066n0
Deybi Castro,SEA,SP,06r42
Felix Castro,ATH,RP,06ugw
Harold Castro,KC,"2B,OF",02zma
Jesus Castro,SD,C,06rnj
Jose Castro,MIA,OF,06kvb
Jose Castro,NYY,OF,06l0k
Kendry Castro,SF,RP,06r6r
Kervin Castro,NYY,RP,05r1t
Luis Castro,HOU,"1B,3B",02yhb
Manuel Castro,SD,RP,0620l
Ricky Castro,MIN,SP,06u72
Rodolfo Castro,PHI,2B,042c1
Sebastian Castro,NYM,OF,05y5x
Yon Castro,LAD,SP,06ba7
Neraldo Catalina,(N/A),SP,050nq
Tim Cate,(N/A),RP,04oul
Austin Cates,TOR,SP,06quj
Everett Catlett,COL,SP,06qnq
Pedro Catuy,ARI,OF,06ako
Cameron Cauley,TEX,"2B,SS",05uvx
Carlos Cauro,HOU,1B,06ezq
A.J. Causey,KC,RP,06oo4
Keoni Cavaco,HOU,SS,050w8
Drew Cavanaugh,SF,C,06hps
Jake Cave,CHW,OF,02bul
Pres Cavenaugh,CLE,OF,065v3
Zachary Cawyer,KC,RP,06qoe
Argenis Cayama,SF,SP,06kru
Juan Cazarez,SEA,SP,06mpl
Manuel Cazorla,LAA,SP,066nb
Sabin Ceballos,SF,3B,066b6
Jack Cebert,NYY,SP,06yze
Adler Cecil,SD,RP,06hna
Edward Cedano,ATL,RP,06mpn
Milleran Cedano,LAA,SP,06uky
Emmanuel Cedeno,TB,2B,06rt9
Jose Cedeno,CLE,C,062hm
Keywill Cedeno,COL,RP,06c37
Mani Cedeno,NYY,SS,06qsd
Nerwilian Cedeno,SD,2B,057p6
Oliver Cedeno,(N/A),SS,061tp
Lorenzo Cedrola,(N/A),OF,03ytg
Jeremy Celedonio,(N/A),OF,0637c
Victor Celedonio,BAL,SS,05xzs
Felnin Celesten,SEA,SS,05mx9
Gilberto Celestino,NYM,OF,03vum
Brendan Cellucci,TOR,RP,05191
Chase Centala,MIA,RP,06qoq
Andres Centeno,MIN,OF,05rgc
Juan Centeno,ARI,C,038hy
Angel Cepeda,CHC,"3B,SS",066ms
Felix Cepeda,BOS,SP,060pg
Geisel Cepeda,TEX,OF,06akx
Luis Cepeda,(N/A),SP,054p7
Luis Cepeda,ARI,SP,06v6e
Ryan Cepero,KC,SS,05y3v
Eric Cerantola,KC,SP,05r1e
Allan Cerda,MIN,OF,0529m
Christian Cerda,ARI,C,05m6g
Jose Cerice,KC,1B,06kvg
Brady Cerkownyk,DET,C,06hwf
Ryan Cermak,TB,OF,0622m
Charlie Cerny,(N/A),P,04pso
Logan Cerny,HOU,OF,05xox
Angel Cervantes,PIT,SP,06rmf
Edwin Cervantes,CIN,RP,066r1
Michel Cervantes,SD,SS,06rgl
Gabriel Cesa,ATL,OF,06qwx
Joel Cesar,MIN,RP,06u73
Luis Cesar,MIA,RP,064rq
Ryan Cesarini,CLE,OF,06pie
Ivan Cespedes,CHC,C,06rio
Rubel Cespedes,MIN,"2B,3B",06l48
Yoeilin Cespedes,BOS,SS,066mn
Yoelkis Cespedes,CHW,OF,04axv
Luis Cessa,(N/A),SP,03am2
Moises Chace,PHI,SP,060vu
Jose Chacin,(N/A),SP,05reh
Adan Chacon,(N/A),1B,06c3c
Esney Chacon,(N/A),OF,04yj3
Javier Chacon,SD,RP,06435
Juan Chacon,(N/A),OF,05gbh
Paul Chacon,ATH,RP,06sbg
Robinson Chacon,KC,OF,06r4f
Tyrelle Chadwick,COL,SP,06z9y
Gavin Chakar,(N/A),SP,06yuv
Elizaul Chalas,CHC,2B,066py
Yordin Chalas,ARI,SP,06lp6
Dakota Chalmers,(N/A),RP,03pj5
Christian Chamberlain,KC,RP,05mrl
Justin Chambers,LAD,RP,06hnl
Chandler Champlain,KC,SP,05y7q
Chase Chaney,MIN,SP,04pzg
Hung-Leng Chang,PIT,SP,064od
Yu Chang,(N/A),SS,039si
Loidel Chapelli,CHW,2B,062dz
Emmanuel Chapman,PIT,RP,06m60
J.T. Chargois,TEX,RP,02mx4
Sandi Charle,(N/A),RP,05iyq
Austin Charles,KC,"3B,SS",0647z
Eddison Charles,NYY,OF,06rqb
Wandisson Charles,DET,RP,04o0a
Connor Charping,SEA,C,0669x
Ryan Chasse,TOR,SP,066dl
Tyler Chatwood,(N/A),RP,01sfa
Kleiver Chauran,TB,2B,06yu0
Parker Chavers,CHC,OF,05gs2
Frainyer Chavez,TEX,"2B,3B",04q4n
Isais Chavez,MIL,C,06rsz
Jose Chavez,ATL,RP,066nc
Santiago Chavez,(N/A),C,05r14
Seth Chavez,TB,RP,06hj3
Michael Chavis,LAD,"1B,2B,3B",03d6t
Po-Yu Chen,PIT,SP,05r3l
Sheng-Ping Chen,ARI,SS,06ftv
Ethan Chenault,PHI,RP,06hoi
Wyatt Cheney,BAL,SP,066cy
Young Cheol Yoon,(N/A),SP,06rrc
Grant Cherry,TEX,RP,06qj4
Frank Chessman,TB,RP,06l0y
Luis Chevalier,CIN/KC,1B,061o0
Bryan Chi,TEX,RP,06in0
Will Childers,MIL,RP,0668i
Gabriel Chinchilla,STL,SP,06kxq
Alejandro Chiquillo,TEX,RP,06uw9
Harold Chirino,SD,RP,06bdd
Yoelvin Chirino,BOS,SP,06ukx
Amilcar Chirinos,HOU,RP,063gm
Frainner Chirinos,BAL,3B,06o0z
Jesus Chirinos,MIL,1B,05uh8
Jhosep Chirinos,SD,SP,064s1
Jordany Chirinos,CHW,SP,06kzy
Jose Chirinos,NYM,SP,06c5u
Junior Chirinos,STL,RP,0689n
Kendry Chirinos,TOR,3B,064p1
Nixon Chirinos,MIA,C,06rhb
Yonny Chirinos,(N/A),SP,03zu0
Hendry Chivilli,MIN,SS,066ma
Won-Bin Cho,STL,OF,05ygg
Jack Choate,SF,SP,066cx
Brady Choban,LAA,RP,06f8u
B.Y. Choi,SD,SS,06ekf
Hyun-il Choi,WSH,SP,04z9h
Roch Cholowsky,CHW,SS,05yeg
Byron Chourio,MIN,OF,063dn
Deinis Chourio,CIN,UT,06z60
Jaison Chourio,CLE,OF,05yix
Kendry Chourio,KC,SP,06rm6
Winyer Chourio,SD,RP,06uw8
Evan Chrest,CLE,SP,06c5q
Jakob Christian,SF,OF,06qi6
Jake Christianson,TB/ATH,RP,066jp
Will Christophersen,LAA,SP,06hh8
Ian Churchill,TOR,RP,066d7
Miguel Cienfuegos,SD,SP,06r0l
Jurrangelo Cijntje,SEA,SP,060m8
Nathanael Cijntje,PHI,OF,06lwn
Adam Cimber,(N/A),RP,03178
Nick Cimillo,PIT,1B,066jm
Jancarlos Cintron,(N/A),"2B,SS",04ev4
Junior Ciprian,ARI,SP,06rmy
Jeremy Ciriaco,COL,P,06aqi
AJ Ciscar,(N/A),SP,06uke
Jose Cisnero,(N/A),RP,02jmi
Tytus Cissell,ARI,SS,06q32
Cade Citelli,TB,RP,06qo1
Christian Ciuffetelli,WSH,SP,0669n
Chris Clark,LAA,SP,06f0v
Derek Clark,LAA,SP,06oh2
KK Clark,BAL,RP,070es
Kellum Clark,NYM,OF,06hnn
Levi Clark,(N/A),C,06rpe
Logun Clark,CLE,C,065v8
Max Clark,DET,OF,05u9y
Seth Clark,TEX,RP,0669v
Wallace Clark,ARI,SS,06z15
Brandon Clarke,BOS,SP,06qif
Chris Clarke,CHC,SP,0513o
Phil Clarke,TOR,C,0516p
Wes Clarke,MIL/HOU,1B,05rfv
Ian Clarkin,(N/A),RP,02y9j
Nick Clarno,ATL,C,0664h
Seth Clausen,COL,RP,06za4
Bryce Clavon,(N/A),SS,060ft
Sam Clay,DET,RP,03day
Cam Clayton,MIA,SS,06pha
Jake Clemente,MIA,RP,06r7d
Jharold Clemente,TB,SP,06ulg
Randel Clemente,STL,RP,066n2
Hendrik Clementina,(N/A),C,04i9p
Alex Clemmey,WSH,SP,06bfu
Nolan Clenney,CHC,RP,06r07
Tyler Cleveland,SEA,RP,064np
Nolan Clifford,COL,3B,06qpf
Ryan Clifford,NYM,"1B,OF",05ge1
Trevor Clifton,CHC,SP,03134
Jesus Clode,PIT,RP,06tlw
Patrick Clohisy,ATL,OF,06qnw
Jackson Cluff,WSH,"2B,SS",05150
Jhonan Coba,DET,SP,06v1u
Alex Cobb,DET,SP,01seh
Owen Cobb,NYY,SS,06qlo
Franny Cobos,(N/A),RP,04yvy
Kyle Cody,(N/A),RP,03pja
Adisyn Coffey,CHW,RP,05mrb
Cutter Coffey,TOR,"3B,SS",05u1x
Isaac Coffey,BOS,SP,066d8
Spence Coffman,SD,SS,066fa
Abraham Cohen,BAL,OF,06ckm
Chase Cohen,(N/A),P,04ptq
Harrison Cohen,NYY,RP,06awr
Luis Cohen,BOS,SP,06c3m
Trevor Cohen,SF,OF,06ynn
Parker Coil,MIL,RP,06z0n
Calvin Coker,(N/A),RP,04pyj
Oscar Colas,CHW/LAA,OF,05g2r
Deion Cole,(N/A),SS,05y99
Ethan Cole,COL,1B,06za3
Gerrit Cole,NYY,SP,01spo
Carson Coleman,NYY,RP,061mi
Dylan Coleman,BAL,RP,04pq2
Javen Coleman,TOR,RP,06qjd
Mark Coley II,MIA,OF,06hpy
Daniel Colina,LAA,RP,06r47
Edwar Colina,TEX,SP,04o63
Greider Colina,(N/A),SP,06jbj
Jesus Colina,CIN,RP,06uwy
Oscar Colina,MIA,OF,060ox
Robert Colina,(N/A),SP,0510g
Harold Coll,LAA,SS,06qjo
Maick Collado,CLE,1B,060ur
Lazaro Collera,(N/A),SP,06kk5
Dennis Colleran,KC,RP,06pq9
Cam Collier,CIN,3B,05u1y
Ke'Shun Collier,CHC,OF,066fo
Brendan Collins,WSH,RP,05y61
Bryce Collins,CHW,RP,06kzz
Corey Collins,NYM,1B,05jq6
Darnel Collins,KC,1B,05ubz
Darryl Collins,(N/A),OF,052rt
Gavin Collins,STL,C,041xi
Jack Collins,TEX,C,06zdg
Ty Collins,PHI,SP,05ynu
Tyler Collins,ATL,OF,05wdo
Gavin Collyer,TEX,RP,05198
Jose Colmenares,NYY/PHI,2B,06ftn
Mauricio Colmenares,CIN,SP,06uww
Samuel Colmenares,TOR,RP,06hrx
Willian Colmenares,BOS,SP,064s3
Carlos Colmenarez,TB,SS,05j7n
Edgar Colon,CIN,SP,06qo4
Ilmerson Colon,(N/A),RP,064we
Jeffrey Colon,(N/A),RP,066qq
Rabel Colon,HOU,OF,066s1
Juan Colorado,SF,SS,06r1w
Anderson Comas,(N/A),OF,04b11
Aaron Combs,PHI,SP,06pif
Brandon Compton,MIA,OF,06mhy
Drew Compton,ATL,1B,06gj4
Carlos Concepcion,SF,OF,06hfd
Jol Concepcion,(N/A),RP,04o65
Charlie Condon,COL,"1B,OF",06alk
Yerlin Confidan,CIN,OF,05j70
Bryce Conley,WSH,SP,04etl
Cal Conley,ATL,"2B,SS",05uy3
Kashon Conliffe,SD,OF,061tl
Cole Conn,ATH,C,06gvf
Justin Connell,MIN,OF,04elk
Caden Connor,CHW,OF,06ho8
Drew Conover,ATH,SP,06gjl
Adam Conrad,SD,RP,06qik
Ethan Conrad,CHC,OF,06pll
Teague Conrad,MIN,SP,06uxm
Thomas Conrad,MIL,SP,06zch
Jonah Conradt,NYM,RP,06zel
Stanley Consuegra,(N/A),OF,04n1v
Nick Conte,KC,RP,06ql0
Gavin Conticello,ARI,OF,05xq6
Efrain Contreras,SD,RP,04yl7
Freddy Contreras,KC,SP,06v35
Johan Contreras,NYY,C,06rjs
Jose Contreras,TB,OF,061wf
Mark Contreras,(N/A),OF,04ejt
Yan Contreras,(N/A),SS,05197
Yohandri Contreras,ATH,RP,06r1r
Alex Cook,TB,RP,065j5
Casey Cook,TEX,2B,06nui
Jake Cook,TOR,OF,06ynl
Bjay Cooke,ATH,SS,06r3x
Connor Cooke,TOR,RP,05yfb
Sam Coonrod,NYM,RP,03ded
Everett Cooper III,WSH,SS,0657w
Garrett Cooper,ATL,1B,03128
Hayden Cooper,NYM,RP,06qld
Riley Cooper,BAL,SP,06hw3
Daniel Cope,(N/A),C,051a8
Patrick Copen,LAD,SP,06at2
Pierce Coppola,CHC,SP,05tdf
Raino Coran,CHC,OF,062zd
Kaleb Corbett,TB,RP,06qor
Billy Corcoran,ARI,SP,065ir
Albert Cordero,TEX,RP,06qxa
Carlos Cordero,ATL,SS,06c3u
Christopher Cordero,BOS,SP,06rt3
Daris Cordero,(N/A),3B,06rqu
Franchy Cordero,WSH,UT,02k1f
Jimmy Cordero,(N/A),RP,03pdy
Jose Cordero,(N/A),OF,05gtf
Michael Cordero,STL,SS,06s48
Miguel Cordero,MIN,RP,06fz1
Wilfredo Cordero,TOR,RP,06qvc
Jose Cordoba,STL,OF,06ahp
Jose Cordova,COL,"C,1B",052c2
Maykel Coret,TB,OF,06qhg
Brayden Corn,SEA,OF,06z3x
Jamdrick Cornelia,NYM,RP,06if4
Riley Cornelio,WSH,SP,04yij
Daniel Corniel,MIL,RP,06l5q
Enmanuel Corniel,BAL,OF,06o0y
Juan Corniel,ARI,SS,05u3s
Alexander Cornielle,MIL,SP,0622r
Joshua Cornielly,NYM,RP,05h7g
Alex Cornwell,STL,SP,06c7f
Luis Corobo,MIL,C,06o0n
Danny Corona,(N/A),SS,05zdd
Jorge Corona,CHW,C,06qkc
Elaineiker Coronado,TOR,SS,06rul
Deivid Coronil,SD,SS,06r7n
Danis Correa,ATH,RP,04yua
Eccel Correa,BAL,SP,06c4y
J.C. Correa,(N/A),SS,05lut
Jesus Correa,CIN,SS,0637g
Yanzel Correa,COL,RP,06hot
Derek Corro,ATH,RP,064p4
Seth Corry,SF,SP,04efx
Brayan Cortesia,WSH,SS,06rgo
Chris Cortez,LAA,RP,066kw
Enniel Cortez,MIL,SP,06bpx
Harold Cortijo,(N/A),P,04eng
Elian Cortorreal,ATL,SS,06fv3
Teudis Cortorreal,BAL,OF,05y5w
Andrew Cossetti,MIN,"C,1B",066lz
Ryan Costeiu,LAA,SP,05yb3
Chase Costello,MIL,RP,06rpy
Jack Costello,SD,1B,06op2
Marty Costes,(N/A),OF,04evo
Maxwell Costes,(N/A),1B,0664b
Irving Cota,NYM,RP,06u0c
Felix Cotes,TB,2B,0637h
Cameron Cotter,SF,SP,06r03
Gabriel Cotto,(N/A),P,04psl
Magdiel Cotto,PIT,RP,06gjm
Chase Cotton,(N/A),3B,06r4r
Brady Counsell,ARI,2B,06z12
Isaiah Coupet,COL,RP,06ekj
Corey Cousin,KC,OF,06qvl
Josimar Cousin,(N/A),RP,06aww
Jake Cousins,NYY,RP,04eru
Matt Coutney,LAA,1B,065j2
Andres Cova,LAA,RP,06pqs
Jesus Cova,ATL,SP,06v22
Luis Cova,MIA,OF,06ibu
Ricardo Cova,SEA,OF,062jz
Dylan Covey,ATL,RP,01uci
Ben Cowles,CHC/CHW,"3B,SS",05y6f
Brenner Cox,WSH,OF,06486
Jackson Cox,COL,SP,06146
Jonah Cox,SF,"2B,OF",06ek4
Jacob Cozart,CLE,C,06er6
Sam Cozart,(N/A),SP,05u1z
Gabe Craig,PHI,RP,06zfr
Luke Craig,ARI,RP,06qum
Trendon Craig,BAL,OF,05y6z
Hunter Cranton,SEA/ARI,RP,06o00
Robert Cranz,WSH,RP,06pqc
Jacob Cravey,BAL,RP,06f1d
Brooks Crawford,CIN,RP,059c3
Justin Crawford,PHI,OF,05y30
Kutter Crawford,BOS,SP,04ep8
Reggie Crawford,SF,P,05uee
Aidan Cremarosa,TB,SP,06zrf
Dustin Crenshaw,SEA,2B,06qiq
Wyatt Crenshaw,ARI,2B,06hob
Anthony Crespo,NYM,RP,06upw
Ricardo Crespo,SF,OF,06r5f
Will Cresswell,TOR,C,06zay
Kyle Crick,(N/A),RP,02bqp
Kyle Crigger,MIA,SP,06651
Demetrio Crisantes,ARI,2B,064o4
Alejandro Crisostomo,MIN,RP,06kj2
Yatner Crisostomo,CLE,RP,06bsd
Jeff Criswell,COL,SP,05gx2
Dayson Croes,SF,3B,06uwx
C.J. Cron,(N/A),1B,02bq4
Declan Cronin,MIA,RP,06ejy
Matt Cronin,SEA,RP,05137
Narciso Crook,BOS,OF,03153
Dylan Crooks,COL,RP,06za2
Jac Croom,(N/A),2B,05ubn
Jack Cropper,(N/A),RP,06rrp
Gavin Cross,KC,OF,05tcd
Kerrington Cross,SD,3B,06zlh
Brett Crossland,(N/A),SP,06ydl
Cade Crossland,STL,SP,06z7l
Josh Crouch,LAA,C,05yno
Hans Crouse,LAA,SP,04ak3
Coleman Crow,MIL,SP,0569p
Jack Crowder,BAL,RP,06quc
Wil Crowe,PHI,RP,0423i
Wyatt Crowell,LAD,SP,066pk
Dayber Cruceta,PHI,OF,06rrw
Adanson Cruz,(N/A),OF,04z2s
Aleiman Cruz,DET,SP,06r0f
Alejandro Cruz,CHW,3B,06rkn
Alex Cruz,(N/A),OF,06r82
Angel Cruz,(N/A),2B,052g0
Angel Cruz,LAD,RP,06cn3
Armando Cruz,WSH,SS,05k7s
Cristopher Cruz,(N/A),SP,056j1
Darvin Cruz,KC,OF,06bj1
Deivy Cruz,BAL,RP,05zzf
Fadriel Cruz,(N/A),SS,04nfi
Fernando Cruz,CHC,SS,05yck
Humberto Cruz,SD,SP,06jbn
Jesus Cruz,ATL/LAA,RP,0509c
John Cruz,MIA,OF,06200
Jose Cruz,(N/A),RP,066n8
Juan Cruz,SEA,OF,06rs1
Luis Cruz,PIT,OF,06v6c
Luis Cruz,CIN,RP,06v6d
Narbe Cruz,HOU,"1B,2B,3B",05w9u
Nathanael Cruz,BOS,SP,05ui8
Naykel Cruz,BAL,RP,06kuf
Nicolas Cruz,LAD,RP,064ru
Rafael Cruz,MIN,SS,05xzl
Rey Cruz,PHI,C,06ui8
Reynardo Cruz,CIN,RP,060w7
Rolphy Cruz,BAL,1B,06c5e
Ronny Cruz,CHC/WSH,SS,06o8q
Steven Cruz,CLE,2B,06r7q
Stiven Cruz,MIL,RP,05y3g
Trei Cruz,DET,SS,05gsd
Xavier Cruz,STL,RP,06c84
Yan Cruz,BOS,OF,06qpl
Yovanny Cruz,BOS,RP,04w0m
Jose Cuas,PHI/ATL,RP,060mz
Angel Cuenca,(N/A),RP,050yp
Gio Cueto,LAD,C,06qjj
Johnny Cueto,(N/A),SP,0055e
Danyer Cueva,TEX,"2B,SS",05rct
Candido Cuevas,NYM,SP,06c4e
Elis Cuevas,BAL,OF,062zh
Jonny Cuevas,TB,RP,05yna
Luis Cuevas,ATH,SS,06su9
Melvin Cuevas,MIA,RP,06su4
Michael Cuevas,WSH,RP,051hv
Yohairo Cuevas,NYM,OF,05uhy
Rohan Culmer,WSH,SS,06r6k
C.J. Culpepper,MIN,RP,065j0
Kaelen Culpepper,MIN,SS,06hx4
Wuilker Cumare,COL,OF,06bky
Brad Cumbest,(N/A),OF,064o1
Dylan Cumming,SF/CHW,RP,06l5w
Ty Cummings,TB,SP,06fqn
Bryce Cunningham,NYY,SP,06l3m
Carter Cunningham,TOR,OF,06plb
Jake Cunningham,BAL,OF,06dn5
Kayson Cunningham,ARI,SS,067z9
Wilson Cunningham,CHC,SP,05y80
Dylan Cupp,(N/A),SS,05y3n
Yoniel Curet,TB,RP,05uec
Michael Curialle,STL,OF,05ubr
Derek Curiel,PIT,OF,05u9r
Brian Curley,ARI,SP,06roy
Dean Curley,CLE,SS,06ksc
Connor Curlis,(N/A),P,04q62
AJ Curry,(N/A),1B,06yuc
Aidan Curry,TEX,SP,06b49
Jake Curtis,CHW,SS,06umm
Khristian Curtis,PIT,SP,06fwg
Kolton Curtis,TEX,SP,06r7i
Mathieu Curtis,ATL,RP,070er
Jack Cushing,(N/A),RP,051ha
Ryan Cusick,ATH/DET/CHW/PHI,RP,05r3f
Jauri Custodio,(N/A),OF,057xs
Hayden Cuthbertson,MIA,RP,06zdk
Daniel Cuvet,WSH,SS,05yel
Blake Cyr,NYY,SS,06ags
T.J. Czyz,ATH,SP,065je
J.J. D'Orazio,ARI,C,0520t
R.J. Dabovich,SF,RP,04q0v
David Dahl,PHI,OF,02i2m
Nate Dahle,TB,SP,066ll
Ace Daigle,(N/A),1B,06mv2
Elijah Dale,SEA,RP,06huc
Jarryd Dale,(N/A),2B,04sxp
Jaxon Dalena,SD,SP,06zgs
Nick Dalesandro,(N/A),"C,OF",04pua
Wilder Dalis,COL,3B,06r8g
Chad Dallas,TOR,SP,05xpp
Jack Dallas,PHI,RP,066ap
Matthew Dallas,WSH,SP,062zt
Micah Dallas,ATH,RP,065v0
Pedro Dalmagro,CLE,C,06if2
Andrew Dalquist,CHW,RP,0512o
Mitchell Daly,LAA,2B,06qjn
Omar Damian,HOU,SP,06rws
Casey Dana,LAA,OF,066jj
Engel Daniel Peralta,HOU,RP,06imu
Caleb Daniel,(N/A),OF,06uwq
Colin Daniel,ATL,SP,070bw
Omari Daniel,DET,SS,064nh
Ryan Daniels,MIN,2B,070bs
Zach Daniels,HOU,OF,05mrj
Joey Danielson,TEX,RP,06qq1
Tyler Danish,(N/A),SP,0311e
Jackson Dannelley,ATL,RP,06rgn
Hagen Danner,SEA,RP,03o0h
Zander Darby,SF,2B,06kk2
Edwin Darville,BOS,SS,06qe2
Shoei Darvish,(N/A),OF,06aql
Jack Dashwood,LAA,RP,0518v
Derek Datil,TB,OF,06qrt
Kyle Datres,CLE,3B,04pw0
Michael Dattalo,STL,3B,06zb1
Zach Daudet,HOU,SS,07036
Charles Davalan,LAD,OF,06rvt
David Davalillo,TEX,SP,06mio
Gabriel Davalillo,LAA,C,06qsf
Aaron Davenport,CLE,SP,05w9t
Mason Davenport,TOR,RP,06ywh
Ramsey David,HOU,RP,06qup
Bo Davidson,SF,OF,06hua
Tucker Davidson,MIL,SP,04225
Drew Davies,CIN,OF,06ucw
Zach Davies,(N/A),SP,02i4x
Garrett Davila,WSH,RP,03qku
Jose Davila,STL,SP,05h7l
Manuel Davila,SD,RP,06mhu
Nick Davila,SEA,RP,05oyw
Alton Davis II,LAA,RP,070bn
Austin Davis,SD,RP,03dji
Braden Davis,STL,SP,06qi2
Brendon Davis,(N/A),"1B,3B,OF",03qlj
Brennen Davis,NYY,UT,04pmv
Chase Davis,STL,OF,05jrf
Colin Davis,SEA,OF,05xq1
Dalton Davis,SEA,1B,06v2t
Gabe Davis,LAA/CHW,SP,06mwe
Jared Davis,ATH,2B,0710s
Jonathan Davis,(N/A),OF,0375e
Luke Davis,PHI,C,06ppt
Marc Davis,WSH,SP,05ynf
Nathaneal Davis,(N/A),OF,06yue
Tague Davis,(N/A),1B,06sj6
Tyler Davis,KC,RP,06qre
Tyler Davis,CHW,RP,06qxg
Duncan Davitt,TB/CHW,SP,066f4
Caden Dawson,(N/A),OF,06igc
Brady Day,PHI,SS,06quq
Cam Day,LAD,RP,06l0m
Ernie Day,STL,SP,06hwp
Joshua Day,ARI,SS,06656
Yonathan Daza,COL,OF,03mwy
Danny De Andrade,MIN,SS,05m1f
Sebastian De Andrade,SEA,C,06agg
Luis De Avila,ATL,SP,061p7
Rikelbin De Castro,STL,SS,056j5
Manuel De Cesare,SEA,OF,06mfh
Alex De Goti,TEX,2B,04z6o
Cedric De Grandpre,ATL,SP,066bw
Alex De Jesus,TOR,3B,05li9
Angel De Jesus,(N/A),RP,059zq
Cesar De Jesus,TB,RP,06ulf
Dairon De Jesus,ATH,RP,06imx
Enmanuel De Jesus,MIA,SP,05r0r
Jose De Jesus,TEX,OF,05ygu
Rafael De Jesus,TOR,SP,06r31
Randy De Jesus,LAA,OF,05yir
Chase De Jong,PIT,RP,02mxi
Justice De Jong,(N/A),3B,06ig7
Abdias De La Cruz,ARI,OF,05yhd
Alejandro De La Cruz,MIA,RP,06mvd
Alessander De La Cruz,COL,OF,06c3f
Alexis De La Cruz,PHI,RP,06ih4
Carlos De La Cruz,WSH,OF,04o4r
Daneurys De La Cruz,DET,1B,05yl3
Elian De La Cruz,ARI,OF,06r95
Erick De La Cruz,ARI,SS,06kya
Felipe De La Cruz,NYM,RP,06dm0
Jancory De La Cruz,MIA,OF,06cp5
Jasseel De La Cruz,ATL,SP,04n0e
Jhoan De La Cruz,SD,SS,06rh2
Jose De La Cruz,(N/A),OF,04un0
Jose De La Cruz,COL,C,06rkm
Jose De La Cruz,HOU,3B,06v2y
Juan De La Cruz,MIA,SP,062zq
Luis De La Cruz,CLE,2B,06jfl
Luis De La Cruz,MIA,RP,06rp0
Marlon De La Cruz,WSH,SP,06r6x
Michael De La Cruz,(N/A),C,060yu
Misael De La Cruz,TB,SP,06l0t
Nauris De La Cruz,WSH,OF,06v3v
Nicolas De La Cruz,BOS,RP,06agj
Rodolfo De La Cruz,(N/A),SP,062zn
Rolando De La Cruz,LAA,SP,06qjk
Wanderly De La Cruz,CIN,OF,06z5h
Wilfri De La Cruz,CHC/BAL,SS,06qhf
Willmer De La Cruz,(N/A),SS,05lo7
Yuliangel De La Cruz,LAD,RP,064oc
Franklin De La Paz,(N/A),SP,06l0j
Greylin De La Paz,LAA,SS,06kva
Jarlen De La Paz,PIT,SP,06r3y
Reynaldo De La Paz,ATH,OF,06iez
Bladimir De La Rosa,(N/A),SS,0510f
Carlos De La Rosa,NYY/SF,SP,06y88
Dioris De La Rosa,LAA,SP,06kvl
Franck De La Rosa,PIT,RP,06r0c
Jeremy De La Rosa,WSH,OF,04yt7
Jose De La Rosa,(N/A),SP,06r14
Jose De La Rosa,SF,RP,06v2x
Luis De La Rosa,BOS,SP,052i1
Manuel De La Rosa,(N/A),SP,05yl8
Mayki De La Rosa,ARI,OF,06rsy
Moises De La Rosa,SF,OF,06202
Samil De La Rosa,STL,3B,05t5l
Luis De La Torre,SF,SP,06ugp
Abel De Leon,CHC,C,06ril
Adrian De Leon,ARI,C,06rjg
Darlyn De Leon,CHC,OF,067zq
Darwin De Leon,HOU,"3B,SS",06cwu
Edgardo De Leon,CHC,3B,06mox
Francis De Leon,(N/A),OF,062za
Fraymi De Leon,BOS,2B,05yif
Isaac De Leon,(N/A),"1B,3B",05r8z
Luis De Leon,SD,OF,06c7h
Luis De Leon,BAL,SP,06ckl
Luis De Leon,HOU,C,06y9p
Meylin De Leon,PHI,3B,06ule
Alexander De Los Santos,PHI,SP,06uld
Anderson De Los Santos,BAL,SS,05uxv
Angel De Los Santos,DET,2B,06ytb
Carlos De Los Santos,LAD,RP,066n5
Daiber De Los Santos,MIN,SS,06hyr
David De Los Santos,BAL,SP,06rti
Deyvison De Los Santos,MIA,"1B,3B",05nsq
Eliazar De Los Santos,ATH,RP,06rth
Ericksson De Los Santos,DET,RP,06m8j
Greudis De Los Santos,ARI,SP,06rsk
Jefrey De Los Santos,NYM,2B,06rsl
Johan De Los Santos,PIT,SS,06r9b
Joldelanio De Los Santos,LAD,RP,06rsm
Juan De Los Santos,BAL,SP,061bu
Luis De Los Santos,NYM,"3B,SS",06amh
Omar De Los Santos,NYM,OF,061i0
Raimundo De Los Santos,BOS/TOR,OF,06rsn
Raudy De Los Santos,(N/A),2B,06rso
Sebastian De Los Santos,CLE,2B,06uy2
Weslin De Los Santos,LAD,RP,06rsp
Yordany De Los Santos,PIT,SS,05ygt
Branny De Oleo,NYM,SS,06idt
Axell De Paula,HOU,OF,06205
Brayan De Paula,HOU,SP,05y0p
Josue De Paula,LAD,OF,061zv
Rosniell De Paula,COL,SS,06z58
Yilver De Paula,LAA,SS,06rm4
Wilberson De Pena,NYY,OF,06zql
Carlos De Sousa,TB,C,06sum
Leo De Vries,SD/ATH,SS,067yc
Kyle DeBarge,MIN,2B,06kkg
Jaron DeBerry,MIL,SP,06o8r
Nick DeCarlo,MIL,RP,06v2s
Jason DeCaro,PIT,SP,06l5c
Justin DeCriscio,SD,SS,07035
Kyle DeGroat,KC,SP,06qsh
Jacob DeLabio,HOU,RP,060yr
Chase DeLauter,CLE,OF,05uei
Jake DeLeo,MIA,OF,06ahf
Zach DeLoach,CHW,OF,05gs6
Dylan DeLucia,CLE,SP,06494
Carson DeMartini,PHI,3B,062ec
Anthony DePino,CHW,3B,06zlf
Tate DeRias,(N/A),SP,06ukf
Ryan DeSanto,CLE,SP,070ct
Delino DeShields,WSH,OF,01tji
Ricky DeVito,MIA,RP,05163
Nolan DeVos,HOU,SP,065j7
Aidan Deakins,TEX,SP,06qtw
Hayden Deal,(N/A),RP,04zak
Breyias Dean,MIA,3B,06if6
Nick Dean,CHC,SP,06hoa
Noah Dean,BOS,SP,0648u
Tyler Dearden,MIN,OF,04ob8
Max Debiec,(N/A),SP,05ua0
Brandon Decker,NYY,SP,06ook
Cameron Decker,LAD,SS,066f6
Nick Decker,BOS,OF,04pmx
Niko Decolati,COL,OF,04prm
Bailey Dees,NYY,RP,06lff
Jaycob Deese,PIT,RP,064nm
Kevin Defrank,MIA,SP,06rgh
Ryan Degges,PHI,SP,06qpz
Greg Deichmann,(N/A),OF,04eem
Anthony Del Angel,(N/A),3B,06r85
Fineas Del Bonta-Smith,PIT,RP,051h6
Alisson Del Orbe,(N/A),2B,057xr
Miguel Del Pozo,SF,RP,03mny
Angel Del Rosario,MIN,3B,05un0
Ismael Del Rosario,TB,OF,06l0p
Joelvis Del Rosario,ATH,SP,06imy
Richel Del Rosario,(N/A),"1B,3B,OF",05y6d
Chad Delancey,BOS,UT,06c2h
Jason Delay,PIT/ATL,C,041w5
Adrian Delgado,BAL,RP,067zg
Antonio Delgado,HOU,RP,06y9y
Enderson Delgado,DET,C,06bs5
Jesus Delgado,TEX,RP,06mht
Jesus Delgado,ATH,SP,06rwc
Joan Delgado,CHC,OF,06med
Keiner Delgado,PIT,"2B,SS",061z7
Raynel Delgado,MIL,"2B,3B",04ps5
Joe Delossantos,NYY,OF,06quy
Geremi Delpino,PHI,RP,06r1p
Cody Delvecchio,SF,SP,06z42
Sadbiel Delzine,BOS,SP,06r9y
Austin Deming,HOU,3B,06gjk
Eddy Demurias,CIN,RP,060vb
Mason Denaburg,WSH,SP,04mnv
Jeremy Denaud,(N/A),OF,06icd
Joseph Deng Thon,LAD,RP,06rlk
Trenton Denholm,CLE,SP,05jpf
Theo Denlinger,BOS,SP,05yft
Jacob Denner,SEA,RP,06ume
Noah Denoyer,BAL,SP,05ydf
Cade Denton,COL,RP,06f1i
Zane Denton,(N/A),3B,05u2h
Brad Deppermann,SF,RP,05155
Kyle Dernedde,CLE,SS,06ror
Nicolas Deschamps,TOR,C,06sut
Mishael Deson,(N/A),OF,05j8p
Parker Detmers,(N/A),SP,067ym
Nathan Dettmer,ATH,SP,063e1
Jose Devers,ATL,SS,04mkz
Jose Devers,CLE,3B,05uhx
Luis Devers,CHC,SP,060vz
Filippo Di Turi,MIL,"2B,SS",066mf
Michael DiMartini,(N/A),OF,06yqb
Angelo DiSpigna,MIA,1B,06hiz
Jordan DiValerio,(N/A),SP,05rc0
Derek Diamond,PIT,RP,06495
Khadim Diaw,MIN,C,06o02
Aledmys Diaz,(N/A),"1B,3B,SS",02y8t
Anderson Diaz,DET,SP,06rsg
Angel Diaz,LAD,C,06con
Blayberg Diaz,MIL,"C,1B",05m6d
Brauli Diaz,CIN,3B,06hsu
Bryan Diaz,CIN,RP,06ht0
Camilo Diaz,HOU,3B,066mu
Davis Diaz,ATH,C,05yh4
Dencer Diaz,MIN,SS,06sav
Edwin Diaz,HOU,SS,0375c
Franyel Diaz,NYM,RP,06f0j
Gleiner Diaz,SEA,RP,06rs3
Indigo Diaz,NYY,RP,05t8w
Isan Diaz,DET/KC,"2B,3B",03da6
Jairo Diaz,CHC,C,06riq
Jatnk Diaz,DET,SP,06dpt
Jhiancarlos Diaz,BOS,SS,06qh6
Jhon Diaz,TB,OF,050k5
Jhon Diaz,HOU,2B,06hsv
Joel Diaz,NYM,SP,05rjb
Jordan Diaz,(N/A),2B,04yub
Joseph Diaz,PHI,OF,06ajs
Kelvin Diaz,(N/A),2B,05itw
Kelvin Diaz,WSH,SS,06u78
Lewin Diaz,(N/A),1B,031ui
Lisbel Diaz,SF,OF,06dvu
Miguel Diaz,SF,RP,03mkx
Nomar Diaz,SF,C,066k6
Norbis Diaz,HOU,RP,06ulc
Omar Diaz,(N/A),OF,050yk
Oniel Diaz,CIN,SP,06r51
Randal Diaz,WSH,SS,06o0b
Reudis Diaz,CHW,RP,06ulb
Rhodery Diaz,(N/A),OF,05h2v
Victor Diaz,(N/A),1B,0526b
Victor Diaz,CIN,RP,06qt6
Wilman Diaz,LAD,"2B,3B,SS",05gyh
Winder Diaz,(N/A),2B,060p4
Yidel Diaz,CHC,C,06rir
Yimmy Diaz,DET,SS,060ql
Yoljeldriz Diaz,(N/A),RP,05gvn
Yorvit Diaz,ATH,SS,06rpc
Yusniel Diaz,(N/A),OF,03vuk
Blake Dickerson,DET,SP,067z6
Dustin Dickerson,KC,SS,06fqf
Korbyn Dickerson,SEA,OF,067zd
Luke Dickerson,WSH,SS,06mne
Jared Dickey,ATH,OF,060my
Daniel Dickinson,MIL,2B,06lz2
Jose Dickson,DET,SS,06lwi
Jose Dicochea,ATH,P,0516i
Harrison Didawick,(N/A),OF,06qqq
Ray-Patrick Didder,MIA,OF,03mpg
Sayer Diederich,BAL,RP,06uxk
Hunter Dietz,NYY,SP,06hi6
Tyler Dietz,SD,RP,06zg0
Wilmer Difo,(N/A),"2B,3B",03c7r
Jairon Digon,ARI,RP,06mey
Eriel Dihigo,COL,SS,06kvd
Jay Dill,ATH,RP,0710t
Trey Dillard,PHI,RP,04pzn
Vladimir Dilone,(N/A),2B,052cl
Dawson Dimon,(N/A),C,04ydk
Marco Dinges,MIL,UT,06o0e
Owen Diodati,(N/A),OF,05uae
Will Dion,CLE,RP,05xtu
Jonah Dipoto,PHI,RP,06gu6
Isaias Dipre,PHI,SS,06r04
Justin Dirden,(N/A),OF,05rbh
Eliazar Dishmey,MIA,SP,06krw
Arturo Disla,TEX,1B,06htw
Jordan Dissin,PHI,C,0668a
JD Dix,ARI,SS,066j0
Brenden Dixon,PIT,3B,05yet
Joey Dixon,HOU,RP,06fqj
Hunter Dobbins,DET,C,06qk6
Tanner Dodson,ATH,RP,04pn2
Griffin Doersching,SD,1B,06431
Nate Dohm,NYM/STL,SP,06nug
Jason Doktorczyk,MIN,SP,06qub
Ryan Dollar,NYM,RP,06zek
Taylor Dollard,SEA,SP,05jrq
Nick Dombkowski,PIT,RP,06agi
Trey Dombroski,HOU,SP,062yw
Vicarte Domingo,SD,RP,06ooj
Alexis Dominguez,LAD,RP,06kj1
Carlos Dominguez,NYM,OF,060z2
Diego Dominguez,STL/TOR,RP,06c83
Eric Dominguez,ARI,RP,06c59
Johan Dominguez,(N/A),SP,05uxw
Michael Dominguez,(N/A),P,051bk
Miguel Dominguez,(N/A),C,066rv
Ramiro Dominguez,MIN,SS,06r1v
Robert Dominguez,(N/A),RP,05gbb
Yonael Dominguez,STL,SP,0635i
Brody Donay,TB,C,06r3r
Rayne Doncon,MIN,"3B,SS",05r6f
Carlos Done,MIL,OF,06uqp
Leni Done,NYY,3B,06z64
Matt Donlan,BOS,C,06rj1
Anthony Donofrio,SEA,OF,06quw
Dakota Donovan,(N/A),P,051ch
Liam Doolan,LAD,SP,0664q
Ethan Dorchies,MIL,SP,06quu
Carter Dorighi,SEA,SS,06qio
Patrick Dorrian,(N/A),3B,03djy
Carson Dorsey,BAL,SP,06quk
Manuel Dos Passos,ATL,C,06rj9
Sebastian Dos Santos,STL,2B,06yd4
Vinicius Dos Santos,SF,OF,06r6t
Terence Doston,(N/A),OF,051h9
Wilber Dotel,PIT,SP,05t5k
Luke Dotson,ARI,RP,06z13
Christian Doty,(N/A),SS,060io
Ty Doucette,CIN,1B,06za1
Jack Dougherty,MIN,SP,06fv7
Braylon Doughty,CLE,SP,06kk6
Cade Doughty,TOR,2B,05gds
Drew Dowd,TB,RP,06fzp
Kevin Dowdell,LAA/WSH,RP,06hh7
Kyle Dowdy,BAL,RP,03qql
Brandon Downer,BAL,SP,06qtr
Jhojan Downer,SD,C,06rni
Aaron Downs,(N/A),3B,05tzc
Jeter Downs,(N/A),"3B,SS",04eeg
John Doxakis,(N/A),RP,0511y
Liam Doyle,STL,SP,06roc
Tommy Doyle,COL,RP,04ef7
Hunter Dozier,(N/A),"1B,3B",03108
Joel Dragoo,PHI,OF,06qtx
Isaiah Drake,ATL,OF,06dna
Kohl Drake,TEX/ARI,SP,066m0
Dylan Dreiling,TEX,OF,06kk8
Dylan Driessen,STL,RP,06zb0
Logan Driscoll,TB,C,0512b
Jay Driver,CLE,RP,06gif
Shane Drohan,BOS,"SP,RP",04eud
Ryan Dromboski,PHI,SP,06ppu
Brody Drost,(N/A),OF,05ua1
Miguel Droz,(N/A),SS,04ym6
Jorge Drullard,BAL,2B,06z5z
Brandon Drury,CHW/LAA,"1B,2B,3B",02hlw
Hunter Dryden,SF,SP,06qpm
Athanael Duarte,LAA,SS,06xzx
Daniel Duarte,MIN,RP,05y12
Fernando Duarte,ATL,RP,06kyz
Jayden Dubanewicz,MIL,SP,06qqn
Jacob Dudan,ATH,SP,06ig8
Bryson Dudley,KC,RP,06zak
Cole Duensing,(N/A),RP,041t1
Damon Dues,SD,2B,06805
Brandon Dufault,LAA,SP,06ciy
Tyler Duffey,(N/A),RP,02mzd
Danny Duffy,(N/A),RP,01sil
Matt Duffy,(N/A),3B,02c5y
Matt Duffy,BOS,SP,06f0l
Nick Dugan,(N/A),SP,05u6i
Gavin Dugas,WSH,"2B,3B",0603k
Robert Dugger,ATH/TEX,SP,0421i
Hunter Dula,SF,RP,06kwm
Kevin Dume,ATH,1B,061yf
Nick Dumesnil,DET,OF,06mvf
Titus Dumitru,ATL/PIT,OF,06qr8
Joe Dunand,(N/A),SS,04eei
Matt Dunaway,SF,RP,06y0a
Andrew Dunford,DET,RP,06h20
Clay Dungan,SD,"2B,3B,SS,OF",0516r
Elijah Dunham,NYY,OF,05jr2
Hayden Dunhurst,(N/A),C,05ra1
Justin Dunn,CHW/KC,SP,041m4
Lucas Dunn,SD,2B,05ync
Nick Dunn,SEA/PHI,"2B,3B",04pqr
Ross Dunn,MIN,SP,06371
Alfredo Duno,CIN,C,06626
Parker Dunshee,WSH,P,041y7
Jared Dupere,SF,"2B,3B,OF",05y77
Jon Duplantier,(N/A),RP,041qq
Alessandro Duran,SF,C,067zr
Carlos Duran,PHI,SP,06rw8
Edinson Duran,NYY,1B,065s0
Edward Duran,TOR,"C,1B",05xyq
Gregory Duran,MIN,1B,06rne
Juan Duran,BAL,RP,06rnd
Julian Duran,CHC,RP,06o12
Rodolfo Duran,SD,C,04yj5
Steven Duran,MIL,SP,06z5l
Yovanny Duran,MIN,OF,06ytz
Luis Durango,NYY,OF,05j8v
Brendan Durfee,SD,C,06qsp
Hayden Durke,ARI,RP,06huo
Max Durrington,ATH,SS,06rln
Konni Durschlag,SEA,OF,06ywg
Andrew Dutkanych,STL,SP,05tp8
Samuel Dutton,ATH,SP,07039
Adam Duvall,(N/A),OF,027ow
Ty Duvall,SEA/MIL,C,051jk
Camden Duzenack,(N/A),SS,04258
Josh Dye,KC,P,04q5k
Matthew Dyer,(N/A),OF,05mrf
Connor Dykstra,SEA,C,06qip
Joseph Dzierwa,BAL,SP,06rre
Daniel Eagen,ARI,SP,06o03
Jerrion Ealy,(N/A),OF,04ya3
J'Briell Easley,TEX,SP,06qj2
Jayce Easley,(N/A),"2B,3B",04prf
Reid Easterly,SEA,RP,06ywf
Konner Eaton,COL,SP,06pgh
Brady Ebel,MIL,SS,06alr
Weston Eberly,CHW,C,06hs4
Bryce Eblin,CHW,SS,06qkg
Steven Echavarria,ATH,SP,06cqx
Kaden Echeman,STL,SP,06zb4
Noah Edders,CHC,RP,06za6
Jake Eddington,PHI,RP,06fqk
Cam Eden,NYY,OF,0514l
Kamden Edge,KC,RP,06zam
Brian Edgington,CIN,SP,06l50
Derrick Edington,TB,RP,06s3c
Christian Edwards,CHW,SP,05yo8
Evan Edwards,TB/LAA,1B,0513e
Garrett Edwards,TB,SP,06gjx
Jacob Edwards,CIN,OF,06ul8
Zach Edwards,(N/A),SP,05yd4
Payton Eeles,MIN,"2B,SS",06ltg
Kenten Egbert,CHC,SP,06h1r
Drew Ehrhard,BOS,1B,06h1s
Zach Ehrhard,BOS/LAD,OF,066l0
Austin Ehrlicher,BOS,SP,06l4q
Breck Eichelberger,SD,SP,06hen
Jeremy Eierman,ATH,SS,04mls
Brandon Eike,SEA,3B,06qto
Riley Eikhoff,CHW,SP,0700z
Josh Ekness,MIA,RP,05yj3
Joe Elbis,ARI,SP,05uoy
Will Eldridge,ATL,RP,06zej
Frank Elissalt,NYM/STL,RP,06oog
Lucas Elissalt,DET,SP,06qti
Jaron Elkins,LAD,OF,06fzi
Seth Elledge,ATH,RP,04ege
Magnus Ellerts,CLE,RP,064n3
Clark Elliott,ATH,OF,0603n
Hunter Elliott,(N/A),SP,0629r
Chris Ellis,(N/A),SP,03dab
Drew Ellis,SF,3B,04eet
Duke Ellis,NYY,OF,04es1
Matthew Ellis,SEA,C,06qit
James Ellwanger,MIN,SP,06iet
Marco Eluscat,SD,SP,06mel
Cole Elvis,(N/A),C,06hgy
Kent Emanuel,MIA,RP,02hqe
Stevie Emanuels,ATH,RP,05jpn
Austin Emener,COL,RP,06hsa
Colt Emerson,SEA,"3B,SS",060ub
Grady Emerson,TB,SS,066j2
Rob Emery,(N/A),C,05r9y
Leandro Emiliani,(N/A),1B,05ama
Myles Emmerson,LAA,C,06sbj
Kale Emshoff,KC/TEX,UT,05jqu
Andy Encarnacion,ARI,OF,061zj
Anyelo Encarnacion,STL,"2B,3B,SS",063zd
Breidy Encarnacion,(N/A),SP,057za
Diwarys Encarnacion,MIA,SS,06xzv
Freili Encarnacion,BOS,SS,05ycp
Handelfry Encarnacion,MIL,OF,06kv2
Juan Daniel Encarnacion,BOS,SP,05ydx
Kifraidy Encarnacion,MIA,RP,06klh
Lorenzo Encarnacion,ARI,SP,06suz
Luis Encarnacion,HOU,1B,05ydw
Nixon Encarnacion,LAA,RP,064w7
Yamal Encarnacion,HOU,2B,060w3
Jimmy Endersby,HOU/ARI,SP,05rc1
Scott Engler,(N/A),P,04205
Blayne Enlow,ATL,SP,04ak4
Hunter Ensley,KC,OF,06zeo
Sean Episcope,MIL,SP,06zdj
Haden Erbe,TB/DET,RP,06fu3
Alessandro Ercolani,PIT,SP,06imz
Kevin Ereu,MIL,SS,066md
Mason Erla,LAA,RP,05jqq
Robbie Erlin,LAD,RP,01ub5
Estarlin Escalante,NYM,"OF,RP",06u6l
Yhoan Escalona,PHI,C,06rl3
Aneudi Escanio,TOR,SS,06idi
Brenny Escanio,NYY,"2B,3B",05wbo
Alan Escobar,CHW,OF,06vya
Aroon Escobar,PHI,2B,06423
Eduardo Escobar,(N/A),3B,021n3
Edwin Escobar,(N/A),RP,024nt
Jose Escobar,CHC,2B,066qd
Maikol Escotto,PIT,SS,04z94
Luis Escudero,NYY,2B,06o0h
Samuel Escudero,PIT,C,05u1q
Alan Espinal,COL,C,06qod
Cesar Espinal,MIL,RP,06ugv
Edian Espinal,DET,2B,06yyt
Edwardo Espinal,LAA,OF,06uj4
Ewry Espinal,(N/A),OF,05gdj
Jeury Espinal,ARI,RP,06op6
Juan Espinal,ATL,OF,06iyu
Daniel Espino,CLE,"SP,RP",04ya2
Paolo Espino,TOR,SP,02yxb
Sebastian Espino,TOR,SS,04o3c
Christopher Espinola,CLE,OF,05y5v
Carlos Espinosa,LAA,RP,060qf
Romeli Espinosa,PHI,SS,06yex
Anderson Espinoza,SD,RP,03g4b
Eiver Espinoza,MIA,RP,064vs
Francisco Espinoza,LAD,C,06qxw
Leonel Espinoza,CHC,OF,06c2x
Lizandro Espinoza,ATL,"SS,OF",0624a
Ludwing Espinoza,CHC,SS,066my
Luis Espinoza,BAL,SP,06o0x
Manuel Espinoza,CHC,SP,05tjl
Rainer Espinoza,SF,OF,06zwv
Victor Espiritu,TOR,RP,06r6m
Tyler Esplin,(N/A),OF,04eio
Luke Esquivel,(N/A),1B,06igu
Conor Essenburg,ATL,P,06yk0
Jaydenn Estanista,PHI,RP,0641j
Claudio Estelie,PIT,RP,0700w
Chase Estep,NYM,3B,06484
Wilson Esterlin,NYM,SP,06cna
Evan Estevez,SF,OF,06kuk
Geury Estevez,(N/A),SS,05j74
John Estevez,ATL,OF,06aot
Samuel Estevez,PHI/MIA,OF,06mc2
Aron Estrada,BAL,"2B,SS",0630n
Johan Estrada,DET,1B,06rkf
Mack Estrada,NYY,SP,06qo2
Mason Estrada,LAD,SP,06yqz
Ricardo Estrada,SF,RP,06y03
Mauricio Estrella,SF,RP,064vp
J.T. Etheridge,NYY,SP,06qll
Ben Ethridge,MIN,SP,066k4
Will Ethridge,(N/A),P,0513r
Matthew Etzel,TB/MIA,OF,06fut
Chan Eui Song,(N/A),2B,06rr6
Casan Evans,(N/A),SS,06ahg
Donye Evans,DET,RP,06hsb
Justin Evans,(N/A),P,04q1h
Phillip Evans,(N/A),"1B,3B",02610
Ty Evans,ATL,OF,06pgz
Wyatt Evans,(N/A),RP,066it
Zach Evans,SD,SS,06qu5
AJ Evasco,(N/A),OF,06uuu
A.J. Ewing,NYM,OF,06dn7
E.J. Exposito,ATL,"2B,SS",066je
Anthony Eyanson,BOS,SP,06mph
Albert Fabian,SD,OF,04z95
Andy Fabian,BAL,RP,06ulj
Deric Fabian,(N/A),SS,05ybu
Jud Fabian,BAL,OF,05gsp
Samuel Fabian,STL,RP,06u6h
Sandro Fabian,(N/A),OF,03o3v
Allen Facundo,NYY,SP,05xxv
Alex Faedo,TB,RP,04aec
Christian Fagnant,WSH,C,06qj1
Jake Faherty,MIA,RP,066io
Fred Fajardo,CHC,RP,06uli
German Fajardo,SEA,RP,06hu5
Yhoiker Fajardo,BOS,SP,06mcc
Yoyner Fajardo,SEA,OF,04s8l
Nick Falter,SD,SP,06zg5
Trey Faltine,CIN,"2B,OF",05ua2
Cesar Familia,CHW,RP,06vy8
Christopher Familia,NYY,OF,0624b
Jose Familia,PHI,SS,06lwg
Nomar Fana,DET,OF,06r8d
Willy Fanas,NYM,OF,060qh
Callan Fang,MIN,SP,070dx
Ryne Farber,(N/A),SS,06ks6
Elijah Farley,HOU,OF,070cb
Jonny Farmelo,SEA,OF,066sx
Buck Farmer,ATL/LAA/CIN,RP,02n6j
Caleb Farmer,WSH,C,0669m
Ezra Farmer,(N/A),OF,066ao
Greg Farone,SF,SP,06qug
Trent Farquhar,PHI,"2B,SS",06hex
Sawyer Farr,(N/A),SS,06ra3
Thomas Farr,CIN,RP,05xpx
Luke Farrell,CHW,RP,031bk
Ian Farrow,PIT,OF,06qsm
Zac Fascia,CLE,C,06qxm
Drew Faurot,MIA,SS,06z7o
Jaden Fauske,CHW,OF,06y9u
Braeden Fausnaught,PHI,SP,066an
Caden Favors,CLE,SP,06pgp
Moises Febrillet,CHC,3B,064zn
Ryan Feczko,(N/A),SP,062ja
Daniel Federman,BAL,RP,06bmz
Kyler Fedko,MIN,OF,05yhm
Cade Feeney,BOS,RP,06hul
Brady Feigl,MIN,RP,04anh
Mario Feliciano,(N/A),C,041qj
Wilmer Feliciano,BAL,OF,05ra2
Angel Felipe,LAA,RP,060mo
Diego Felix,COL,OF,06c3b
Eddy Felix,DET,SP,06mmp
Edrick Felix,CHW/TOR,3B,06hwv
Adbiel Feliz,PIT,SS,06ibj
Albert Feliz,(N/A),OF,0510y
Angel Feliz,WSH,SS,06ibw
Cristian Feliz,(N/A),OF,05it8
George Feliz,SEA,OF,05ad6
Ignacio Feliz,MIA,SP,04rzy
Jose Feliz,WSH,SP,06k85
Kendry Feliz,MIA,SS,066o0
Wandi Feliz,COL,OF,06rkv
Mervin Fell,ARI,SP,06ugu
Drake Fellows,PIT,P,0514x
Durbin Feltman,STL,SP,04ppx
Jackson Feltner,ARI,1B,06fqd
Kenny Fenelon,MIL,OF,06r5q
Connor Fenlong,KC,SP,06hhe
Gray Fenter,(N/A),SP,03qmw
Cade Fergus,PHI,OF,064n4
Max Ferguson,BOS,3B,05uaf
Anderson Fermin,BOS,OF,06lwh
Christian Fernandez,ATH,RP,061qs
Darling Fernandez,ATH,OF,066m8
Dauri Fernandez,CLE,2B,06kxm
Eduarqui Fernandez,(N/A),OF,04y7p
Ilan Fernandez,BOS,SS,06nlp
Ilvin Fernandez,(N/A),SS,052fv
Jesus Fernandez,ATH,SS,06hf8
Johan Fernandez,ARI,C,06rjd
Jomar Fernandez,BOS,SP,06r5n
Jose Fernandez,ARI,SS,05rkq
Jose Fernandez,MIA,RP,064ry
Juan Fernandez,SD,C,048tm
Junior Fernandez,KC/NYM,RP,03mo2
Malvin Fernandez,ATL,SS,06rty
Richard Fernandez,ATH,RP,06lta
Xavier Fernandez,(N/A),C,031d2
Yeiner Fernandez,LAD,"C,2B",05adw
Yosmi Fernandez,KC,SS,05rha
Matthew Ferrara,PHI,SS,0701l
Alirio Ferrebus,PHI,C,06mcb
Johan Ferreira,NYY,3B,060u8
Andinson Ferrer,NYM/ATH,SP,06c8t
Jaime Ferrer,MIN,OF,062e6
Richard Ferrer-Westrop,(N/A),3B,05ym2
Pascanel Ferreras,HOU,"2B,3B,SS",06hnr
Jackson Ferris,LAD,SP,05u6g
Jadyn Fielder,MIL,2B,06ql2
Brandon Fields,(N/A),OF,05jq8
Colin Fields,DET,RP,0665l
Dylan Fien,ATH,C,06pq8
Gavin Fien,TEX,3B,06qyu
Adonis Figuereo,(N/A),OF,04ymj
Enmanuel Figuereo,BOS,OF,06s4a
Gleider Figuereo,TEX,3B,05xnt
Alvaro Figueroa,(N/A),SP,061wk
Derlin Figueroa,KC,"1B,3B",066td
Edgardo Figueroa,WSH,C,06z67
Jeferson Figueroa,MIL,RP,05uvf
Leiker Figueroa,ATL,3B,064wc
Victor Figueroa,SD/BAL,1B,06nv7
Dylan File,SEA,SP,04esk
Jack Findlay,STL,RP,062ea
Jackson Finley,ATH,SP,06ajo
Leighton Finley,BOS,SP,06z14
Claudio Finol,(N/A),3B,04ggh
Graham Firoved,(N/A),RP,0657x
Andrew Fischer,MIL,3B,06k7t
Carson Fischer,WSH,RP,070db
Cade Fisher,BOS,SP,06agk
Cam Fisher,HOU,OF,06amp
Colin Fisher,SF,SP,06mib
Hugh Fisher,ARI,RP,05jqr
Matthew Fisher,PHI,SP,06uth
Nate Fisher,NYM,RP,0642k
Evan Fitterer,SD,RP,05146
Devin Fitz-Gerald,TEX,SS,06p5z
Hunter Fitz-Gerald,SEA,3B,06hu4
Kevin Fitzer,COL,1B,06qqp
Jake Fitzgibbons,ARI,RP,06hwy
Brian Fitzpatrick,MIL,RP,06686
Daniel Flames,TEX,SS,06kvh
Ethan Flanagan,CHC,SP,06hpu
Danny Flatt,NYY,SP,06hwm
Osmany Fleitas,(N/A),2B,05yhy
Josh Fleming,SEA,RP,04egq
William Fleming,KC/SEA,RP,05ybk
Cooper Flemming,TB,SS,06yxh
Stu Flesland III,COL,RP,06gjq
David Fletcher,ATL,SS,03qlw
Jose Fleury,HOU,SP,066qg
Nathan Flewelling,TB,C,06o01
Tucker Flint,LAA,OF,066bv
Jackson Flora,SF,SP,06rop
Dariel Florentino,PIT,SP,06qe5
Edward Florentino,PIT,OF,06mh4
Jostin Florentino,CHC,SP,06ifv
Omar Florentino,(N/A),SS,04ybl
Randy Florentino,(N/A),C,04u6u
Anthony Flores,MIL,RP,062zr
Diego Flores,NYY,UT,06ky1
Jalin Flores,STL,SS,066kx
Jason Flores,(N/A),RP,06rfv
Jesus Flores,MIL,RP,06rh8
Joshua Flores,MIL,SP,06z7k
Juan Flores,LAA,C,06iao
Junior Flores,SF,RP,06ulh
Luis Flores,CLE,RP,06s3q
Miguel Flores,CLE,SP,06k88
Miguel Flores,HOU,C,06rjt
Rafael Flores,TOR,3B,06r5y
Randy Flores,LAA,2B,06k6o
Roderick Flores,MIL,SS,06bpy
Ronaldo Flores,(N/A),C,057xt
Stiven Flores,CHW,C,06ekv
Wilfredo Flores,PHI,2B,066pw
Wilmer Flores,DET,RP,05ww2
Yemal Flores,PHI,SS,05rcv
Santiago Florez,(N/A),SP,04z8l
Estevan Florial,CLE,OF,03yth
Dylan Floro,ATH,RP,02hhd
J.C. Flowers,(N/A),RP,0421a
Taylor Floyd,SEA,RP,0517x
Ty Floyd,CIN,SP,05u2l
Cameron Flukey,DET,SP,06l5b
Bennett Flynn,TOR,SP,06qje
Michael Flynn,TB,RP,04pru
Aidan Foeller,LAD,SP,06qnx
Zach Fogell,BOS,RP,06hp6
Connor Foley,ARI,SP,06p62
Jason Foley,DET,RP,04aoq
T.J. Fondtain,TB,RP,06g6d
Shayne Fontana,(N/A),1B,051hl
Cole Fontenelle,LAA,3B,06dqn
Patrick Forbes,ARI,SP,06roe
Ryan Forcucci,HOU,SP,06kkj
Grant Ford,(N/A),P,0514b
Henry Ford,SEA,3B,06kvp
Kasey Ford,HOU,SP,05ym1
Mike Ford,MIN,UT,03mgg
Walter Ford,SEA,SP,05ua3
Brandon Forrester,HOU,SS,06zen
Garret Forrester,MIA,3B,06dqc
Michael Forret,BAL,SP,06hwt
Logan Forsythe,ATL,RP,070ee
Peyton Fosher,MIA,RP,06zhd
Cameron Foster,NYM/BAL,RP,066lh
Cole Foster,SF,SS,05jpr
Matt Foster,ARI,RP,0422q
Rio Foster,LAA,OF,06fwf
Kale Fountain,SD,3B,06kka
Christian Foutch,BOS,RP,06z0z
Brody Fowler,ATL,SP,070eu
Brooks Fowler,TEX,SP,06qrz
Dalton Fowler,TB,RP,06dse
Jordan Fowler,PHI,SP,05y5i
Michael Fowler,MIL,RP,06zzc
Jake Fox,CLE,OF,05w8n
Lucius Fox,(N/A),SS,03pzm
Luke Fox,LAD,SP,06hol
Mason Fox,SD,SP,05rcr
Phil Fox,CHW,RP,06pqb
Rory Fox,NYY,SP,06yyu
Luis Fragoza,MIN,OF,06qzf
Juan Fraide,HOU,SP,06ruo
Matt Fraizer,PIT,OF,0512f
Chase Fralick,(N/A),C,06sj3
Juan Frances,(N/A),OF,06ifo
Dariel Francia,PIT,RP,06ux9
Dale Francis,(N/A),1B,06rq5
Joshua Francis,SEA,2B,06qh3
Welbyn Francisca,CLE,"2B,SS",066mk
Brent Francisco,MIN,RP,06ul7
Carlos Francisco,(N/A),RP,06s3f
Estarlin Francisco,MIA,RP,06kli
Javier Francisco,(N/A),SS,05nir
Branneli Franco,STL,RP,06iby
Carlos Franco,ATH,C,060gn
Cesar Franco,ATH,OF,06qlu
Jesus Franco,KC,RP,064p6
Jose Franco,CIN,SP,05j93
Junior Franco,ARI,OF,05y3t
Lucas Franco,(N/A),SS,06alx
Marlon Franco,SF,RP,06ux8
Noah Franco,(N/A),1B,060in
Oliver Franco,SD,SP,06uwc
Sadrac Franco,SF,RP,0586u
Wander Franco,TB,SS,04csx
Hayden Frank,CHC,SP,06qrr
Jack Frankel,(N/A),SP,05y9a
Christian Franklin,CHC/WSH,OF,05rb5
Jesse Franklin,ATL,OF,05jqc
Kohl Franklin,CHC,SP,04ps3
Tanner Franklin,STL,SP,06yjx
Zach Franklin,CHW,RP,06giw
Jason Franks,ATL,SP,066ci
Arij Fransen,CIN,RP,05ya6
Caleb Franzen,COL,SP,065jg
Geronimo Franzua,(N/A),SP,06qxp
Nick Frasso,LAD,RP,05jpo
Nick Fraze,SEA,SP,051gx
Garrett Frechette,(N/A),1B,05148
Carter Frederick,KC,OF,06pik
Dominic Freeberger,BAL,SP,06kxo
J.R. Freethy,TOR,2B,06qst
Dariel Fregio,DET,RP,06ul6
Jesus Freitez,COL,C,06kld
Luis Freitez,ATH,OF,06ujp
Anderson French,(N/A),C,06r4u
Ethan Frey,HOU,OF,06yjs
Riley Frey,ATL,RP,06hn8
Alexander Frias,MIL,OF,06rq4
Dayan Frias,CLE,3B,05ydh
Jealmy Frias,CIN,SS,06s9z
Luis Frias,CLE,RP,04ysx
Madinson Frias,BOS,RP,06r3b
Wander Frias,(N/A),2B,06rj2
Yonathan Frias,(N/A),RP,06rq0
Tomas Frick,NYY,C,06ht7
Colby Frieda,NYM,RP,06zg4
Ross Friedrick,STL,1B,06hu1
Jacob Friend,CIN,C,06pgs
Hayden Friese,ATL,OF,070et
Matt Frisbee,(N/A),P,04py8
Vito Friscia,(N/A),C,05gsn
Jackson Fristoe,NYY,RP,05jr8
Dom Fritton,TB,SP,06amq
Will Frizzell,WSH,1B,05tc9
Anthony Frobose,NYM,SS,0701k
Jacob Frost,LAD,SP,06yyr
Zach Fruit,BAL,SP,06fu2
Paul Fry,(N/A),RP,031ez
Bradley Frye,SD,SS,06zcs
Davirik Fuenmayor,(N/A),OF,06qzr
Johandry Fuente,MIA,RP,064vo
Alexander Fuentes,SF,SP,06ux7
Josh Fuentes,(N/A),3B,0413a
Yadimir Fuentes,PHI,C,06qh2
Abel Fuerte,ARI,SP,061sz
Shintaro Fujinami,SEA,RP,02xih
Masahiro Fukuda,TEX,RP,06y09
Miguel Fulgencio,PIT,SP,0657k
Chase Fuller,(N/A),SS,06cqh
Dax Fulton,MIA,SP,05gwu
Kyle Funkhouser,LAD,SP,03nqh
Nate Furman,SF,2B,06487
Hunter Furtado,PIT,RP,06dsb
Devin Futrell,BOS,SP,060es
Matt Gabbert,MIN,RP,06u77
Cole Gabrielson,NYY,OF,06hf7
Luke Gabrysh,PHI,SP,06qrw
Gabe Gaeckle,ATH,SP,062zu
Luke Gaffney,(N/A),1B,06mic
Will Gagnon,LAD,SP,06qsw
Garrett Gainey,TB,RP,06qi9
Marty Gair,PHI,RP,06hw6
Ray Gaither,HOU,RP,06qyj
Daniel Gaitor,MIA,OF,06c3r
Andres Galan,TB,SP,06qpt
Emiliano Galan,TB,OF,06l0o
Luis Galan,CLE,SS,06tzy
Yosy Galan,TEX,OF,05t6m
Ryan Galanie,CHW,1B,06huk
Yorman Galindez,MIL,SP,066r6
Ruben Galindo,SD,RP,06idz
Jesus Galiz,LAD,C,05mod
Cam Gallagher,(N/A),C,02brd
Nick Gallagher,CHW,RP,061t6
Pat Gallagher,TOR,RP,066lw
Ryan Gallagher,CHC/MIN,SP,062j9
Gavin Gallaher,(N/A),3B,06l59
Moises Gallardo,WSH,OF,06sbf
Richard Gallardo,TOR,SP,04qnb
Patrick Galle,BOS,RP,06z10
Alonso Gallegos,ARI,"2B,3B",06r2o
Giovanny Gallegos,LAD,RP,03mul
Isaac Gallegos,ATL,RP,06hq7
Joey Gallo,(N/A),"1B,OF",02i3v
Ronaldo Gallo,PIT,RP,06her
Over Galue,TB,SP,06agb
Claudio Galva,(N/A),SP,05xtw
Alex Galvan,ARI,RP,06z11
Gilbel Galvan,BOS,RP,06r49
Rylan Galvan,CHW,C,070du
Jovi Galvez,STL,RP,066qj
Sean Gamble,KC,SS,062cy
Alec Gamboa,BOS,P,05173
Arquimedes Gamboa,(N/A),SS,03ml3
Grant Gambrell,BOS,SP,0512n
Ben Gamel,HOU/DET/LAA,OF,02hka
Jesus Gamez,TEX,OF,06bl5
Tadeo Gamez,CHC,SP,06z50
John Gant,KC,SP,03c8u
Natanael Garabitos,KC/SEA,RP,059zm
Carter Garate,TEX,3B,06zem
Raul Garayzar,ARI,RP,06z0w
Carlos Garces,CLE,SS,06r1e
Eliomar Garces,TB,SS,06rnw
Jonierbis Garces,WSH,OF,06tzt
Jose Garces,PIT,RP,05uaz
Roel Garcia III,TB,RP,066b4
Hector Garcia Jr.,MIN,SP,06hp7
Adrian Garcia,PHI,3B,06tko
Alexander Garcia,CLE,SP,06z5j
Anderson Garcia,KC,SS,06qxv
Angel Garcia,BAL,OF,06o0w
Anhuar Garcia,CHC,SP,06r2a
Anthony Garcia,ATL,RP,06uh1
Avisail Garcia,(N/A),OF,01urw
Benito Garcia,STL,RP,06g24
Brett Garcia,TOR,RP,06v2r
Carlos Garcia,(N/A),RP,05ui7
Carlos Garcia,TOR,C,06rn3
Cristian Garcia,LAA,1B,060p8
Daniel Garcia,MIL,SP,071m2
Dariel Garcia,COL,SS,06r0q
Darison Garcia,KC,SS,06k82
Darol Garcia,(N/A),SS,05niq
Darvin Garcia,BOS,SP,06r09
Davian Garcia,WSH,SP,06o09
David Garcia,MIL,C,049vk
Deivi Garcia,MIL,SP,0406o
Dermis Garcia,WSH,1B,03c8a
Duncan Garcia,(N/A),OF,062zf
Eduardo Garcia,MIL,SS,04ye6
Elian Garcia,(N/A),OF,062zj
Elvin Garcia,BAL,SS,06jgz
Elvis Garcia,(N/A),RP,05itc
Engert Garcia,TB,SP,06u6k
Eric Garcia,PHI,RP,066am
Francisco Garcia,COL,3B,05uv4
Gerald Garcia,(N/A),SP,05iyk
Isaac Garcia,CIN,OF,06rt1
Jaiker Garcia,TEX,"1B,RP",06ux6
Jogly Garcia,CLE,SP,06c5f
Johanfran Garcia,BOS,C,05yig
John Garcia,HOU,C,066fk
Juan Garcia,(N/A),SS,05gt8
Juan Garcia,BAL,C,06max
Juan Garcia,(N/A),C,06rig
Julian Garcia,PHI/CIN,SP,041vj
Junior Garcia,ATL,OF,06mdg
Keiver Garcia,NYM,SS,06akb
Kevin Garcia,MIL,C,06mep
Leonard Garcia,LAA,RP,06byi
Leury Garcia,(N/A),OF,021oi
Luis Garcia,TOR,SS,05rgn
Luis Garcia,CLE,SS,06rnx
Misael Garcia,(N/A),SP,04vsq
Nick Garcia,SF,RP,05lb9
Pedro Garcia,(N/A),SP,06qyi
Pedro Garcia,DET,RP,06upz
Reivaj Garcia,CHC,"2B,3B",04vvz
Rodrigo Garcia,WSH,UT,06qy6
Roelmy Garcia,(N/A),RP,05j95
Roni Garcia,NYM,OF,06z62
Rony Garcia,(N/A),RP,045gt
Roy Garcia,(N/A),RP,06ahs
Ryan Garcia,CIN,RP,0511x
Sam Garcia,MIL,SP,06qkv
Saul Garcia,NYM,RP,06c4d
Yhoswar Garcia,MIL,OF,05h2s
Yirer Garcia,TB,C,06hw1
Yunior Garcia,(N/A),OF,04pf6
Jake Garland,ATH,SP,066dh
Kyle Garlick,(N/A),OF,03v3t
Travis Garnett,ARI,RP,06qkp
Tristan Garnett,PHI,RP,06ilw
Amir Garrett,TOR,RP,02i3x
Braxton Garrett,MIA,SP,041e3
Drew Garrett,PHI,SP,066fb
Ray Garrett,ATH,SS,05rcy
Stone Garrett,WSH,OF,03dgh
Andy Garriola,CHC,OF,066j9
Willie Joe Garry Jr.,(N/A),OF,04pu3
Joey Gartrell,BOS,RP,06qrn
Andres Garza,SD,C,06rnf
Will Gasparino,PHI,OF,067y3
Luis Gastelum,STL,RP,06qgo
Sandro Gaston,HOU,1B,0629s
Sandy Gaston,LAA,RP,04ofy
Evan Gates,SF,RP,066ew
Jake Gatewood,NYY,1B,032ll
Claudio Gatier,(N/A),RP,06ilv
Connor Gatwood,LAA,SP,06pgc
Chris Gau,PIT,RP,04pxi
Austin Gauthier,LAD,"2B,SS,OF",0629a
Thomas Gavello,SF,"2B,3B",0657h
Grant Gavin,(N/A),SP,04aq9
Aldo Gaxiola,TOR,3B,06mik
Jon Jon Gazdar,STL,3B,06qhz
Jordan Geber,NYM,SP,06ax9
Will Geerdes,SD,SP,066ac
Jake Gelof,LAD,3B,060g1
Angel Genao,CLE,"2B,3B,SS",05r5e
Feliz Genao,ARI,3B,06sbt
Jhostin Genao,TEX,OF,06rrx
Manuel Genao,MIA,RP,06k86
Ricardo Genoves,TB,C,043cc
Eric Genther,NYY,OF,06ywe
Tyler Gentry,KC,OF,05jqw
Drake George,SF,SP,06qtk
Kendall George,LAD,OF,06cql
Nate George,BAL,OF,06qr6
Pierce George,CHW,RP,06qta
Jose Geraldo,SD,RP,06tlo
Jose Geraldo,SEA,RP,06v2w
Jose Gerardo,MIA,OF,060xy
Domingo German,(N/A),SP,03c97
Franklin German,CHW,RP,04pqk
Luis German,SD,RP,064vt
Manuel German,KC,1B,0666b
Marconi German,WSH,SS,06v26
Nestor German,BAL,SP,06gjv
Domingo Geronimo,LAD,RP,064nq
Sam Gerth,COL,RP,06qsi
Will Gervase,LAA,RP,06qqu
Josh Gibbs,(N/A),SS,06kr2
Trey Gibson,BAL,SP,06mc1
Max Gieg,LAA,RP,066ey
Spencer Giesting,ARI,SP,0648o
Adrian Gil,(N/A),RP,05y4f
Adrian Gil,CHW,"1B,3B",06i07
Angel Gil,(N/A),OF,06bj9
Franklin Gil,HOU,SP,06fi9
Igor Gil,SD,RP,06u76
Jhon Gil,LAD,C,06yxf
John Gil,ATL,SS,06hsz
Mateo Gil,COL,SS,04nx4
Samuel Gil,DET,"2B,SS",060wn
Santiago Gil,ARI,C,06sbu
Geoffrey Gilbert,NYY,RP,066ln
Jake Gilbert,CIN,RP,06tx7
Ken Giles,(N/A),RP,02bvf
Gary Gill Hill,TB,SP,064o6
Theo Gillen,TB,OF,05u2m
Blake Gillespie,NYY,SP,06ywd
Cole Gilley,PHI,RP,07034
Isiah Gilliam,(N/A),OF,03duw
Keagan Gillies,BAL,RP,05yof
Hayden Gilliland,TOR,C,06qj6
Brett Gillis,HOU,SP,066cw
Tanner Gillis,MIL,SP,06t23
Jason Gilman,BOS,SP,06yyk
Greyson Gimenez,WSH,RP,06qgx
Martin Gimenez,TOR,SS,05rgb
Landon Ginn,CHC,RP,06h1q
Brendan Girton,NYM,SP,06qid
Chris Gittens,(N/A),1B,03djp
Ettore Giulianelli,STL,RP,06m8l
Mychal Givens,(N/A),RP,01sex
Matt Givin,(N/A),RP,04es7
DJ Gladney,NYY,OF,051c9
Phillip Glasser,WSH,"2B,3B,OF",06gil
Joe Glassey,BAL,SP,06qez
Peyton Glavine,WSH,RP,06uh0
Dub Gleed,MIA,3B,06qu9
Robbie Glendinning,BAL,SS,060hr
Jackson Glenn,PIT,"2B,3B",05uvc
Douglas Glod,ATL,OF,060pf
Jimmy Glowenke,(N/A),SS,05jpq
Seung Min Go,(N/A),2B,06rs9
Woo-Suk Go,MIA/DET,RP,06i08
Ben Gobbel,LAA,SS,0664p
Henry Godbout,BOS,SS,06am1
Zack Godley,ATH,SP,0312u
Jose Godoy,(N/A),C,05llr
Connor Godwin,LAD,RP,0665r
Luke Gold,DET,1B,05yah
Jordan Goldmann,CHC,"OF,SP",06rst
Blake Goldsberry,(N/A),RP,05m6i
Gabriel Gomes,CIN,C,06ri8
Yan Gomes,(N/A),C,024o9
Antonio Gomez,NYY,C,04qox
Antony Gomez,MIL,OF,06bj3
Carlos Gomez,SF,RP,064vu
Cesar Gomez,HOU/ARI,RP,06qyk
Cristofer Gomez,NYM,RP,0689s
Daniel Gomez,STL,SP,06rwj
Franklin Gomez,NYM,SP,067z1
Henry Gomez,ATH,RP,06r0d
Jacob Gomez,ATL,RP,06qk2
Johanse Gomez,BAL,OF,06rro
Jose Gomez,(N/A),SS,03mwx
Jose Gomez,CLE,OF,0623o
Kenni Gomez,HOU,OF,05yh1
Luis Gomez,(N/A),C,06r9o
Mario Gomez,ATH,1B,06rla
Michael Gomez,STL,RP,06qvb
Miguel Gomez,WSH,RP,06tlv
Moises Gomez,SD,OF,03yuu
Orceli Gomez,(N/A),SP,04vel
Raimon Gomez,NYM/BAL,RP,066t5
Raudy Gomez,TOR,SP,064p0
Redinson Gomez,COL,RP,06cww
Rio Gomez,BOS,RP,05uch
Ruddy Gomez,MIN,RP,06hem
Santiago Gomez,NYY,SS,06ckp
Saul Gomez,BAL,3B,06mih
Vladi Gomez,NYM,2B,06rgp
Yorman Gomez,CLE,SP,061v6
Hai-Cheng Gong,(N/A),RP,04ll6
Sebastian Gongora,BAL,SP,06qny
Dominic Gonnella,ARI,OF,05y5k
Stephen Gonsalves,(N/A),RP,03740
Justin Gonzales,BOS,OF,06mff
Marco Gonzales,TEX,SP,03111
Bryan Gonzalez Garcia,LAD,SS,06f17
Alex Gonzalez,HOU,SP,06s3i
Alvaro Gonzalez,(N/A),2B,04mkv
Anferni Gonzalez,ATL,SP,06mfg
Angel Gonzalez,STL,RP,060gj
Angel Gonzalez,MIL,OF,06r1b
Anyelo Gonzalez,(N/A),C,06rn8
Asbel Gonzalez,KC,OF,06akw
Brian Gonzalez,(N/A),SP,03dal
Bryan Gonzalez,KC,1B,050yj
Carlos Gonzalez,SEA,1B,066ow
Cesar Gonzalez,ATH,C,061we
Christian Gonzalez,CHW,OF,06msz
Cristhofer Gonzalez,TB,SP,062y0
Cristian Gonzalez,HOU,SS,05uhz
Cristian Gonzalez,TEX,SS,061z1
Cristopfer Gonzalez,HOU,OF,06cqt
Danny Gonzalez,MIA,OF,064qb
Deinys Gonzalez,TB,C,06k7z
Deiry Gonzalez,PHI,SP,06yvz
Diego Gonzalez,(N/A),UT,06kxt
Diego Gonzalez,CHC,C,06qxb
Diego Gonzalez,PHI,3B,06qxc
Diomer Gonzalez,ATH,SP,06ytq
Domingo Gonzalez,ATL/SEA,SP,052ij
Edwin Gonzalez,HOU,SP,064oz
Erik Gonzalez,(N/A),"3B,SS",03bnk
Esteban Gonzalez,CLE,OF,05xmx
Fernando Gonzalez,SF,C,06qoo
Gabriel Gonzalez,MIN,OF,05rcs
Herard Gonzalez,KC,SS,05y4q
Howard Gonzalez,SF,OF,06r7p
Irvin Gonzalez,CIN,RP,06ake
J.D. Gonzalez,TB,C,06er4
Jacob Gonzalez,(N/A),3B,04ef2
Jacob Gonzalez,CHW,SS,05tzp
James Gonzalez,ATH,SP,06kxh
Javier Gonzalez,BAL,RP,06ux5
Jesus Gonzalez,(N/A),RP,051z3
Joan Gonzalez,SD,SP,06hel
Joangel Gonzalez,ARI,RP,06rh7
Jorge Gonzalez,LAD,SP,06l4p
Jose Gonzalez,TEX,SP,06mcd
Jose Gonzalez,HOU,OF,06rhm
Jose Gonzalez,LAD,P,06v30
Joseilyn Gonzalez,LAD,RP,06ugz
Joseph Gonzalez,(N/A),SP,06af7
Josuar Gonzalez,SF,SS,06ps2
Josue Gonzalez,NYY,"C,1B",06cmy
Juan Gonzalez,CHW,C,06rik
Luis Gonzalez,BAL,RP,04ao0
Luis Gonzalez,(N/A),OF,04gdv
Luis Gonzalez,BAL,OF,05re1
Luis Gonzalez,PHI,SP,066qx
Lukas Gonzalez,MIL,RP,06qzd
Martin Gonzalez,SEA,SS,05yip
Oliver Gonzalez,LAD,SP,06num
Omar Gonzalez,NYY,SP,062n2
Orlando Gonzalez,PHI,RP,06umd
Pedro Gonzalez,(N/A),RP,04rhi
Rafael Gonzalez,HOU,RP,06mij
Ricardo Gonzalez,TB,"2B,3B,SS",061z9
Richi Gonzalez,(N/A),OF,05gsj
Ricson Gonzalez,KC,C,06rk3
Robert Gonzalez,ATL,OF,062zl
Rodrigo Gonzalez,ARI,SS,06sbr
Saul Gonzalez,(N/A),P,04q59
Tres Gonzalez,PIT,OF,0648x
Victor Gonzalez,LAA,RP,03aqt
Yeferson Gonzalez,TEX,SP,06rll
Yoendris Gonzalez,CHC,RP,062zo
Yohandry Gonzalez,BOS,RP,06r3c
Cayman Goode,ATL,SP,06qna
Jack Goodman,DET,SS,070eg
Nick Goodwin,TOR,"3B,SS",067xt
Shawn Goosenberg,CHW,SS,05yg2
Lucas Gordillo,NYM,SP,06ih6
Austin Gordon,LAA,SP,06oo9
Christian Gordon,CHC,SP,06qr1
Lucas Gordon,CHW,SP,06f1e
Nick Gordon,BAL/KC,"2B,OF",03c7z
R.J. Gordon,NYM,SP,06qtf
Anthony Gose,NYM/ARI,RP,01sha
JJ Goss,TB,RP,04yih
Brooks Gosswein,(N/A),SP,05xs9
Trevor Gott,SEA,RP,0316r
Jordan Gottesman,SF,SP,06z41
Tyler Gough,SEA,SP,0649f
Gunner Gouldsmith,ATH,SS,06oob
Duce Gourson,PIT,2B,062e8
Kevin Gowdy,TOR,RP,041q3
Riley Gowens,CHW,SP,06gig
Ben Grable,NYY,RP,06yyq
Regi Grace,(N/A),P,04put
AJ Gracia,ATL,OF,06kx4
Clay Grady,(N/A),SS,06alv
Jace Grady,ATL,OF,06guj
Aaron Graeber,LAA,OF,06zg3
Logan Gragg,(N/A),RP,0516d
A.J. Graham,PIT,SS,05xq7
Carter Graham,CIN,1B,062e4
Kevin Graham,ARI,OF,065nr
Payton Graham,STL,SP,06zb3
Peyton Graham,DET,SS,05ub1
Gavin Grahovac,LAA,1B,05zd9
Conor Grammes,(N/A),SP,05140
Dilan Granadillo,CHC,C,06riu
Adari Grant,STL,SS,05re3
Donte Grant,SD,OF,06hek
Frenny Grant,DET,SP,06rp5
Harold Grant,(N/A),OF,061zt
Brusdar Graterol,LAD,RP,03zbj
Mavis Graves,PHI,SP,06578
CJ Gray,LAA,SP,06zcz
Clayton Gray,COL,OF,06tx6
Drew Gray,CHC,SP,05up0
Evan Gray,SF,RP,06muw
Joe Gray,MIL,OF,04ggs
Josiah Gray,WSH,SP,04pn3
Murf Gray,PIT,3B,06mvg
Peyton Gray,TEX,RP,05oyx
Seth Gray,(N/A),"1B,3B",05136
Shane Gray,NYY,SP,06654
Taitn Gray,TB,C,06y9r
Austin Green,NYY,2B,06qsq
Elijah Green,WSH,OF,05oek
Josh Green,(N/A),RP,04py0
Landon Green,(N/A),SP,069zm
Mason Green,COL,RP,05ynr
Max Green,NYM,P,04ejd
Payton Green,MIA,SS,060g5
Rodney Green,ATH,OF,06ag6
Spencer Green,LAD,SP,06hn9
Conner Greene,(N/A),RP,03749
Isaiah Greene,CLE,OF,05jrd
Shane Greene,(N/A),RP,02hds
Zach Greene,NYY,RP,04pym
Mason Greenhouse,(N/A),OF,06cqj
Owen Gregg,TOR,SS,06qjb
Dylan Grego,SD,SS,070ek
Hunter Gregory,TOR,RP,05xrw
Trey Gregory-Alford,LAA,SP,06kk7
Zack Greinke,(N/A),SP,0005k
Tanner Gresham,PHI,SP,06ppv
Caden Grice,ARI,SP,05u2w
David Griffin,(N/A),RP,05ylr
Foster Griffin,CLE,"SP,RP",03caf
Jordin Griffin,(N/A),OF,06yuy
Konnor Griffin,PIT,SS,05u3u
Jared Grindlinger,LAA,1B,06kvt
Grayson Grinsell,DET,SP,06zgt
Marquis Grissom Jr.,WSH,RP,05jqd
Vaughn Grissom,BOS,2B,0518n
Rob Griswold,ATL,RP,06tli
Jay Groome,SD,SP,03ysp
LuJames Groover,ARI,3B,05yj5
Jaxx Groshans,LAA,C,04zo1
Jordan Groshans,KC,3B,04n8x
Robbie Grossman,(N/A),OF,01seb
Josh Grosz,NYY/COL,SP,06gul
Michael Grove,LAD,RP,04pmk
Robert Gsellman,(N/A),RP,02c0c
Ruei Yang Gu Lin,(N/A),SP,06rr9
Xiomer Guacache,DET,RP,06uxe
Omar Guadamuz,CIN,3B,06z4z
Fernando Guanare,LAA,SP,05xmu
Alfredo Guanchez,ARI,1B,06py1
Gabriel Guanchez,SEA,C,06jh1
Luis Guanipa,ATL,OF,066me
Wander Guante,ATH,RP,060mw
Carlos Guarate,ATH,SP,05j72
Manuel Guariman,(N/A),C,05y4e
Richard Guasch,WSH/DET,RP,04ym4
Quinn Gudaitis,DET,SP,066jk
Jeiker Gudino,DET,C,06rkh
Breyson Guedez,ATH,OF,06ro7
Jose Guedez,HOU,SP,06am3
Daniel Guerra,TOR,SP,06uhj
Javy Guerra,TB,RP,03fi1
Jose Guerra,COL,C,06c3d
Luis Guerra,LAD,SS,05r63
Mason Guerra,ATL,3B,06qsx
Arturo Guerrero,(N/A),OF,060xz
Brailer Guerrero,TB,OF,066mz
Eduardo Guerrero,LAD,"2B,3B,SS",064qc
Henry Guerrero,(N/A),C,067zt
Juan Guerrero,(N/A),OF,04ycn
Kevin Guerrero,BAL,OF,05xyu
Oliver Guerrero,TEX,OF,06tfy
Pablo Guerrero,TEX,1B,068z1
Tyron Guerrero,BOS,RP,026t9
Tyson Guerrero,KC,SP,05yns
Vladi Guerrero,NYM,OF,06kjv
Anderson Guevara,SEA,RP,06uxd
Diego Guevara,(N/A),OF,05ud4
Jose Guevara,NYM,SP,06mfr
Gavin Guidry,NYM,SS,05ybs
Freddy Guilamo,(N/A),C,05yi1
Daniel Guilarte,MIL,"2B,3B,SS",05rbu
Tyler Guilfoil,HOU,RP,064o3
Garret Guillemette,HOU,"C,1B",06hsh
Frandy Guillen,BAL,SS,06ry2
Pablo Guillen,(N/A),SP,05ygv
Xavier Guillen,TB,OF,06hzg
Shawn Guilliams,CIN,SP,05yau
Joe Gunkel,(N/A),SP,031f8
Jack Gurevitch,STL,1B,06yju
Edward Guribe,STL,OF,06kve
Mac Guscette,ATL,C,06qk3
Harry Gustin,SD,RP,06hox
Dalton Guthrie,(N/A),OF,04ae9
Troy Guthrie,TOR,RP,06qo0
Abrahan Gutierrez,PIT,C,0440c
Albert Gutierrez,CHC,1B,06bpv
Anthony Gutierrez,TEX,OF,05wy2
Carlos Gutierrez,SF,OF,06bkz
Daiverson Gutierrez,NYM,C,066ml
Dariam Gutierrez,PHI,OF,05y4d
Eric Gutierrez,MIA,RP,06klg
Gerardo Gutierrez,ARI,RP,06lp7
Jean Gutierrez,ATL,RP,06ifr
Jean Gutierrez,(N/A),OF,06ift
Joan Gutierrez,MIL,OF,06ifc
Jose Gutierrez,KC,SP,06uxc
Luis Gutierrez,SD,SP,056j7
Luis Gutierrez,KC,SS,06r0g
Roque Gutierrez,LAD,RP,06l0h
Vladimir Gutierrez,(N/A),RP,03mmw
Carlos Gutiérrez,CLE,OF,06s3p
Adonys Guzman,PIT,C,06hn2
Alvin Guzman,(N/A),RP,04rhh
Angel Guzman,SF,1B,06c8a
Angel Guzman,TOR,SS,06ic5
Carlos Guzman,NYM,RP,04yk5
David Guzman,TOR,OF,06akr
Diego Guzman,KC,SS,05tl6
Emilker Guzman,(N/A),RP,06aoq
Jeison Guzman,ARI,SS,03xs6
Jonathan Guzman,MIA,2B,0406z
Jorge Guzman,PHI,SP,06qfm
Michael Guzman,TEX,3B,06uxb
Randy Guzman,NYM,1B,06zei
Ricardo Guzman,TB,RP,06mi4
Ronald Guzman,BAL,1B,02i1a
Ronaldo Guzman,(N/A),SP,056j8
Walfrent Guzman,SD,1B,06rng
Been Gwak,(N/A),SP,06rr1
Zach Haake,(N/A),RP,04ps0
Hunter Haas,TB,"2B,SS",06ek3
Aaron Haase,DET,RP,061yj
Jake Haberer,(N/A),RP,05lq5
Kevin Hacen,SD,3B,06bl1
Adam Hachman,(N/A),SP,05y3o
Adam Hackenberg,CHW,C,05yeq
Drue Hackenberg,ATL,SP,062e9
Owen Hackman,ATL,SP,06qib
Chris Hacopian,WSH,3B,06ms2
Shinnosuke Hada,(N/A),SP,06ih1
Woody Hadeen,DET,SS,06pgq
David Hagaman,TEX/ARI,SP,06onz
Ryan Hagenow,(N/A),SP,05jr9
Adam Haight,(N/A),SS,06r4v
Elijah Hainline,LAD,SS,06qul
Jalen Hairston,CIN,3B,06qoy
Landon Hairston,(N/A),OF,06tvm
Jeffrey Hakanson,(N/A),P,05lg6
Matt Halbach,CHC,3B,06qux
Cade Halemanu,(N/A),RP,0648s
Skylar Hales,TEX/STL,RP,06ew1
Jim Haley,(N/A),2B,0422d
Talon Haley,LAA,SP,070c4
Adam Hall,MIL,OF,04ef3
Anthony Hall,NYY,OF,06432
Bubba Hall,WSH,RP,0669l
Charles Hall,ATH,RP,05t78
Darick Hall,PIT,1B,041yc
Jakob Hall,MIN,RP,06qkt
Nathan Hall,ARI,OF,06ynm
Nathan Hall,NYM,SP,06yyp
Noah Hall,NYM,SP,06fqo
Owen Hall,DET,RP,06hey
Ryan Hall,DET,SP,06zgy
Steele Hall,CIN,SS,06rw2
Tanner Hall,MIN,SP,06247
Tayden Hall,MIL,1B,066b5
Patrick Halligan,ATL/HOU,RP,060u2
Mike Hallquist,CLE,3B,06ros
Colby Halter,ATH,SS,05jq0
Dominic Hambley,CHC,RP,05yb9
Dom Hamel,NYM/BAL/TEX,SP,05udy
Billy Hamilton,CHC,OF,01sy8
Quincy Hamilton,HOU,OF,05xps
River Hamilton,DET,SP,070bx
Xander Hamilton,MIN,RP,06hwx
Jaden Hamm,DET,SP,06f0u
Bryson Hammer,COL,RP,06h1y
Dan Hammer,TB,RP,0519m
JD Hammer,COL,RP,0425z
Zach Hammer,CHW,P,04q3s
Ethan Hammerberg,CHW,RP,066fz
Blake Hammond,ATH,RP,06qrd
Josh Hammond,KC,"3B,SS",06cqi
Jace Hampson,NYM,SP,06qot
Chase Hampton,NYY,SP,05yh3
Tyler Hampu,COL,RP,06qvq
Kailen Hamson,BAL,SP,06ysk
Ty Hanchey,SF,C,06hu9
Brad Hand,(N/A),RP,0241r
Mitch Haniger,SEA,OF,02mwj
Ethan Hankins,(N/A),SP,04lls
Jake Hanley,(N/A),1B,06ru9
Mo Hanley,LAA,RP,05y9t
Jameson Hannah,(N/A),OF,04pmh
Bradley Hanner,CLE,RP,051gc
Josh Hansell,KC,SP,06hsc
Austin Hansen,(N/A),P,04ptj
Ben Hansen,BOS,SP,06qon
Pete Hansen,STL,SP,05yks
Parks Harber,NYY/SF,3B,06qlr
Ryan Harbin,PIT,RP,051d8
Tyson Hardin,MIL,SP,06qng
Houston Harding,LAA,RP,06r23
Tyler Hardman,NYY,3B,05tay
Brendan Hardy,COL,RP,06iev
Theo Hardy,TEX,2B,06qj3
Chase Harlan,LAD,3B,06kjz
Josh Harlow,CLE,RP,06hn7
Johnathan Harmon,CIN,SP,066lq
Landon Harmon,WSH,SP,06pp5
Sean Harney,NYM/STL,RP,066cm
Daniel Harper,PHI,RP,066df
Landon Harper,ATL,SP,066lc
Gage Harrelson,LAA,OF,06zao
Alex Harrington,(N/A),SS,067yq
Aiden Harris,(N/A),3B,05u2y
Brady Harris,(N/A),SS,067yr
Calvin Harris,CHW,C,06f0m
Dakota Harris,STL,"2B,3B,SS",06gjz
Hobie Harris,BOS,RP,03yxs
Sam Harris,(N/A),1B,06q2i
Trent Harris,SF,RP,06hu8
Trey Harris,WSH,OF,04zxk
Zach Harris,COL,RP,06za5
Charles Harrison,STL,RP,06fqp
Devereaux Harrison,TOR,RP,05yaq
Kalae Harrison,PIT,2B,06hoq
Trevor Harrison,TB,SP,06f1o
Jay Harry,TOR,"2B,SS",06f1g
Ben Hartl,TEX,1B,06qs6
Josh Hartle,CLE,SP,05t7b
Colton Hartman,(N/A),SP,06ig4
Eric Hartman,ATL,"2B,OF",06pi0
Jack Hartman,TB,RP,05mrm
Karl Hartman,TEX,SP,06htv
Josiah Hartshorn,CHC,"1B,OF",06ifw
Grant Hartwig,NYM,SP,06615
Clete Hartzog,CHW,RP,06qk9
Ryan Harvey,NYY/DET,RP,065iz
Ty Harvey,SD,C,06zfp
Adam Haseley,(N/A),OF,04cdd
Hudson Haskin,BAL,OF,05jry
Josh Hatcher,TEX,"1B,OF",066d0
Aidan Haugh,TB,SP,06rfy
Trevor Hauver,TEX,OF,05lfx
Peyton Havard,PHI,RP,06zer
Tommy Hawke,CLE,OF,06f1a
Dakota Hawkins,NYM,RP,06hj0
Garrett Hawkins,SD,RP,05yc8
Ryan Hawks,SEA,SP,06fzl
Sawyer Hawks,ARI,RP,06h92
Luke Hayden,CIN,SP,06ony
Hunter Hayes,STL,RP,066jd
Kyle Hayes,KC,C,06rjx
Jagger Haynes,SD,SP,05lfz
James Hays,(N/A),SP,05ub5
Dillon Head,MIA,OF,066nq
Hudson Head,PIT,OF,0512p
Andrew Healy,MIL,SP,06c5s
Ethan Hearn,CHC,C,05154
Taylor Hearn,(N/A),RP,02nc0
Jonathan Heasley,CHW/KC,RP,04pwx
Chase Heath,STL,C,06zb2
Jacob Heatherly,CIN,SP,04efp
Duque Hebbert,DET,RP,06alh
Silvano Hechavarria,TOR,SP,06mdh
Ethan Hedges,COL,3B,06yje
Luke Heefner,(N/A),3B,062k3
Dylan Heid,BAL,RP,05ybj
Brayden Heidel,TOR,RP,06ywc
Trevor Heishman,DET,SP,0701n
Josh Hejka,PHI,RP,061lo
Ryder Helfrick,ARI,C,05zda
Ben Heller,CHC,RP,031gh
Dominic Hellman,(N/A),SS,05ub7
Lou Helmig,(N/A),OF,060n8
Clay Helvey,WSH,RP,04q4d
Heath Hembree,(N/A),RP,02hhu
Max Hemenway,(N/A),SS,06r8n
Tink Hence,STL,RP,05jpx
Ixan Henderson,STL,SP,06fzn
Lash Henderson,(N/A),OF,06r70
Austin Hendrick,CIN,OF,04n1t
Josh Hendrickson,HOU,SP,04q2c
Wyatt Hendrie,PIT,C,0517w
Ryan Hendrix,ARI/KC,RP,031ev
Brian Hendry,NYY,SP,06gjj
Blair Henley,HOU,RP,0424v
Kyle Henley,CIN,OF,06fz4
J.D. Hennen,BAL,SP,06zgf
Ryan Hennen,(N/A),RP,067wx
Juan Henriquez,BOS,SP,06ulm
Julio Henriquez,MIA,OF,066rt
Yonatan Henriquez,NYM,3B,064o9
Henry Henry,(N/A),RP,042aw
Payton Henry,PHI,C,041sv
Justin Henschel,CIN,SP,06z02
Wyatt Henseler,WSH,3B,06yyi
Rob Hensey,CIN,SP,066ct
David Hensley,DET,"2B,OF",04vnd
Spencer Henson,(N/A),1B,05176
Sam Hentges,CLE,RP,03dbu
Lincoln Henzman,ATH,RP,04eg0
Ryan Heppner,ATL,SP,070d3
Sean Heppner,CLE,RP,06qnm
Tyler Herb,MIL,SP,02jmr
Christian Herberholz,BAL,RP,06qjz
Jholbran Herder,LAD,RP,06tls
Adrian Heredia,BAL,SP,06oh4
Joel Heredia,PHI,RP,06imd
Nathanael Heredia,STL,RP,06o0m
Osvaldo Heredia,MIA,OF,06bj7
Raylin Heredia,PHI,OF,05y67
Roblin Heredia,(N/A),RP,05t6t
Jack Herman,PIT,OF,04v6q
Sean Hermann,NYY,RP,061zi
Michael Hermosillo,NYY,OF,03mp0
Aaron Hernandez,(N/A),RP,04ppv
Abraham Hernandez,MIA,SP,06kll
Adrian Hernandez,(N/A),RP,05up5
Alberto Hernandez,HOU,SS,060x2
Alcides Hernandez,SD,C,06r8e
Alex Hernandez,ATH,2B,06sj7
Alexis Hernandez,CHC,2B,05ydi
Alexis Hernandez,TOR,1B,060pa
Alix Hernandez,SF,RP,06cmn
Allan Hernandez,(N/A),RP,0519g
Angelo Hernandez,CHW,C,06aq3
Arxy Hernandez,CHW,3B,06ujo
Ben Hernandez,SEA,RP,05js8
Cesar Hernandez,HOU,OF,06j3g
Cristian Hernandez,NYY,RP,05gdy
Cristian Hernandez,CHC,"2B,SS",05gwo
Cristian Hernandez,MIN,SP,06hsy
Daniel Hernandez,WSH,C,06rlo
Diego Hernandez,KC,OF,061w2
Diego Hernandez,BOS,SP,064ok
Diego Hernandez,(N/A),SS,06qgy
Diomedes Hernandez,NYY,C,067zs
Edinson Hernandez,SD,RP,06r6v
Elier Hernandez,(N/A),OF,02i19
Elieser Hernandez,ATL,RP,03yx9
Erick Hernandez,CHW,OF,05yh2
Evelio Hernandez,CLE,RP,06ckn
Francisco Hernandez,(N/A),3B,052c6
Freddy Hernandez,LAA,SP,06tzs
Herick Hernandez,ATL,SP,06oo1
Hojans Hernandez,ATL,C,06rj8
Jakob Hernandez,BAL,RP,04ess
Jason Hernandez,SD,2B,06ih2
Jesus Hernandez,MIA,SS,06ff3
Jommy Hernandez,CHW,RP,06ull
Jonathan Hernandez,SEA/TB,RP,03mgq
Jorge Hernandez,KC,3B,06dnd
Jose Hernandez,LAD,RP,066st
Joseph Hernandez,(N/A),RP,061yi
Juan Hernandez,DET,"3B,SS",06if3
Juan Hernandez,(N/A),3B,06ifz
Julian Hernandez,NYM,C,06rf8
Justin Hernandez,STL,RP,06c8p
Kendrick Hernandez,DET,3B,06r6j
Leandro Hernandez,MIA,RP,06u6j
Luigi Hernandez,(N/A),SP,060o8
Luis Hernandez,PHI,C,06ysl
Maikel Hernandez,TB,SP,06bs2
Maikel Hernandez,STL,C,06rp2
Maikol Hernandez,BAL,SS,05m19
Maxwel Hernandez,PHI,RP,068rs
Melkis Hernandez,CLE,SP,06pg8
Melvin Hernandez,MIL,SP,06o0k
Merphy Hernandez,MIN,OF,06plp
Miguel Hernandez,(N/A),"3B,SS",042b0
Miguel Hernandez,STL,SS,06yt8
Omar Hernandez,KC,C,05j75
Oscar Hernandez,CHW,RP,06c3n
Pedro Hernandez,CLE,SS,064wa
Ronald Hernandez,NYM,"C,1B",05rk5
Ronaldo Hernandez,NYY/BOS,UT,04al0
Ronny Hernandez,CHW,C,068y1
Roynier Hernandez,COL,"2B,3B",06cqn
Sammy Hernandez,STL,C,065j9
Seth Hernandez,PIT,SP,067yn
Wilfrre Hernandez,(N/A),SP,06r83
Wilkel Hernandez,DET,SP,04avd
Yandro Hernandez,MIN,OF,06may
Yonny Hernandez,NYM,"2B,SS",04yin
Yoslaniel Hernandez,PIT,SP,06rum
Brayan Hernández,(N/A),C,06rj6
Frank Hernández,(N/A),C,06ris
Nick Herold,SF,RP,06ugy
Adrian Herrera,CIN,RP,06m7e
Angel Herrera,PIT,SP,06r2x
Eduardo Herrera,NYM,RP,059zp
Eduardo Herrera,CHW,3B,06hip
Franyer Herrera,NYY,RP,06qhp
Herlinton Herrera,COL,SS,06r58
Javier Herrera,LAD,2B,06mmw
Jean Herrera,(N/A),RP,06ig2
Jorge Herrera,KC,RP,06uxa
Keider Herrera,COL,RP,064rx
Kendrick Herrera,PIT,3B,06kvm
Marcos Herrera,COL,SP,064zl
Martin Herrera,(N/A),SP,051wx
Reiner Herrera,CLE,C,06ri4
Ronald Herrera,WSH,RP,03bdz
Roybert Herrera,NYM,3B,06qza
Steven Herrera,MIA,SS,06s69
Welinton Herrera,COL,RP,06m7f
Yilber Herrera,MIN,SS,05yiy
Yordy Herrera,STL,RP,06c8w
Yujanyer Herrera,COL,SP,05iyt
Griffin Herring,NYY/COL,RP,06owe
Jimmy Herron,MIL,OF,04ppq
Tyler Herron,TB,C,06qiw
Cole Hertzler,HOU,SP,06pgk
DJ Herz,WSH,SP,0516h
Ben Hess,NYY,SP,066iq
Kyle Hess,MIN,OF,06tlr
Zack Hess,DET,SP,04t9a
Kehden Hettiger,PHI,"C,1B",06gum
Peter Heubeck,LAD,SP,05uvd
Mac Heuer,NYY,SP,06zhc
Stone Hewlett,LAA,RP,06qjq
Luke Heyman,SEA,"C,1B",067zc
Matt Hickey,STL,SP,066jv
Nathan Hickey,BOS,C,05tzm
Mason Hickman,(N/A),RP,05llv
Aaron Hicks,(N/A),OF,01cgr
James Hicks,HOU,SP,06hw7
Davion Hickson,LAD,SP,06zci
Atsumi Hidaka,(N/A),SP,06ih8
Alejandro Hidalgo,MIN,SP,05rht
Diomar Hidalgo,BOS,SS,06zs6
Kelvin Hidalgo,COL,SS,064oi
Renny Hidalgo,MIA,OF,0639y
Reyden Hidalgo,CLE,SS,05r6l
Jake Higginbotham,SD,RP,04pv2
Thomas Higgins Jr.,SEA,SP,06qrs
Matt Higgins,SF/PHI,"1B,OF",066a1
P.J. Higgins,CIN,"C,1B,3B",03qqe
Ryan Higgins,(N/A),3B,05y9q
Ross Highfill,(N/A),C,067ze
Sam Highfill,PHI,SP,05u6o
Cobb Hightower,SD/BAL,SS,06o8p
Jovensly Hilaire,TEX,OF,06r81
Danny Hilario,TB,RP,06ulk
Brady Hill,COL,RP,066k2
Camron Hill,PHI,SP,06qkr
Darius Hill,(N/A),OF,051f3
Dasan Hill,MIN,SP,06mnh
GJ Hill,COL,"2B,SS",0513i
Garrett Hill,SEA,RP,055ca
Jamison Hill,ARI,RP,0637q
Kyle Hill,(N/A),P,0517r
Luke Hill,CLE,3B,06ypo
Turner Hill,SF,OF,06nvj
Juan Hillman,(N/A),SP,03poy
P.J. Hilson,PIT,OF,04pro
Jacob Hinderleider,COL,SS,06uhf
Hunter Hines,WSH,3B,060g6
Carlos Hinestroza,CHW,SP,05yfz
C.J. Hinojosa,(N/A),SS,02j36
Casey Hintz,SEA,RP,06z40
Robert Hipwell,SF,3B,06oh3
Miguel Hiraldo,(N/A),2B,04l80
Grayson Hitt,ARI,RP,05jqe
Jamie Hitt,SD,RP,06zqp
Jake Hjelle,(N/A),1B,06k6q
Cooper Hjerpe,STL,SP,05yef
Carson Hobbs,LAD,RP,06guk
Michael Hobbs,NYM/SEA,RP,06cuf
Caleb Hobson,COL,OF,06hur
Colton Hock,MIA,SP,04als
Trent Hodgdon,CIN,RP,06qpn
Landon Hodge,CHW,C,06z7q
Hunter Hodges,NYM,RP,06qlc
Jason Hodges,(N/A),1B,05gdx
Douglas Hodo III,BAL,OF,0649b
Kody Hoese,LAD,3B,04zjm
Paul Hoff,MIL,SP,06r4e
Graham Hoffman,(N/A),RP,06awg
Nolan Hoffman,TEX/PHI,RP,04pr7
Wyatt Hoffman,SD,2B,06u74
Matt Hogan,CHW,OF,06ulr
Jonathan Hogart,PHI,OF,06zeq
Josh Hogue,MIA,OF,06zhf
Braden Holcomb,CHW,SS,05u2z
Colby Holcombe,TOR,SP,06pgy
Connor Holden,(N/A),SP,0665k
Jonathan Holder,TEX,RP,03dex
Gery Holguin,MIL,SS,061zo
Aaron Holiday,SD/STL,RP,061tm
Brian Holiday,STL,SP,06nuf
Hunter Hollan,CIN,SP,068c0
Korey Holland,LAA,OF,04py4
Will Holland,MIN,SS,04y96
Ethan Holliday,COL,SS,062cx
Nick Hollifield,WSH,C,06zb7
Connor Hollis,(N/A),"2B,OF",04ylq
Kaden Hollow,SD,1B,066ab
Bo Holloway,(N/A),SP,06r75
Jordan Holloway,LAA,RP,03dsa
Luke Holman,CIN,SP,05yh6
Bridger Holmes,LAA,RP,06pqd
John Holobetz,MIL/BOS,SP,06pge
Owen Holt,CIN,RP,05yo4
Peyton Holt,CIN,2B,06uxl
Carter Holton,ATL,SP,05yit
Jake Holton,(N/A),1B,0517g
Blake Holub,MIL,RP,05yl4
Max Holy,HOU,SS,06mux
Vance Honeycutt,BAL,OF,062e5
Travis Honeyman,STL,UT,062yt
Brent Honeywell Jr.,SD,RP,03d7m
Josh Hood,SEA,"3B,SS,OF",0649d
Hunter Hoopes,MIN,RP,06ql6
Anthony Hoopii-Tuionetoa,CHW,RP,060yo
Connor Hoover,(N/A),"2B,SS",04et1
Zyhir Hope,LAD,OF,06eyu
Chase Hopewell,PHI,SP,06hev
Tommy Hopfe,COL,"1B,OF",06ooa
Brody Hopkins,TB,SP,06f1b
TJ Hopkins,DET,OF,0516l
Alex Hoppe,BOS,RP,064nv
Kaden Hopson,LAA,C,06qjp
Garrett Horn,TEX/MIN,SP,0687a
Sam Horn,LAD,SP,06cez
Bryson Horne,ATL,1B,05r56
Jackson Hornung,TOR,"C,1B",06hrz
Mac Horvath,TB,3B,05yha
Luke Hoskins,DET,RP,06zge
Matthew Hoskins,KC,RP,06zan
Bennett Hostetler,MIA,3B,05y0w
Jack Hostetler,MIL,SP,06ql3
Colin Houck,NYM,"3B,SS",066nf
Maddux Houghton,MIN,OF,06qyn
Connor Housley,(N/A),P,051d2
Marek Houston,MIN,SS,06mps
Zac Houston,(N/A),RP,041w9
Dylan Howard,HOU,SP,06qkq
Ed Howard,CHC,"2B,SS",0599w
Spencer Howard,(N/A),SP,04eeu
Tyler Howard,CLE,C,070bi
Garrett Howe,CLE,OF,06qo8
Carter Howell,SF,OF,066a0
Korry Howell,(N/A),OF,04era
Preston Howey,DET,RP,06qsn
Stephen Hrustich,DET,OF,06ul5
Jo-Hsi Hsu,(N/A),SP,05vym
Chung-Hsiang Huang,ARI,SP,06ulp
Pao Lo Huang,(N/A),SP,06rs5
Bryce Hubbart,CIN,RP,05xu4
Wyatt Hudepohl,NYM,SP,06f0o
Dakota Hudson,LAA,SP,041md
Joe Hudson,HOU,C,02mzt
Levi Huesman,WSH,RP,05y2z
Anthony Huezo,HOU,OF,06eys
Chance Huff,WSH,RP,064ne
Kody Huff,CLE,C,06433
Riley Huge,ATH,RP,06kxj
Kenya Huggins,CIN/ATH,SP,0647q
Brandon Hughes,CHC,RP,04eon
CJ Hughes,MIL,SS,070bu
Gabriel Hughes,COL,SP,05ubl
Grif Hughes,TOR,RP,06v2v
Gus Hughes,NYY,RP,06qoz
Jonathan Hughes,ATL,RP,03pp4
Logan Hughes,HOU,OF,070dl
Nolan Hughes,WSH,RP,06qqt
Griffin Hugus,SEA,SP,06yjt
Eiker Huizi,SD,RP,05ue8
Connor Hujsak,TB,OF,06qtp
Nick Hull,CHC,RP,06652
Niko Hulsizer,TB,"SS,OF",04nb1
Jacob Humphrey,COL,OF,06zep
Nathan Humphreys,PHI,OF,06zeu
Zach Humphreys,LAA,C,060mc
Jackson Humphries,CLE,SP,0648g
Sean Hunley,TB,RP,061je
Riely Hunsaker,CHC,SP,070d4
Blake Hunt,SEA,C,04efb
K.C. Hunt,MIL,RP,066b3
Cade Hunter,CIN,"C,1B",0647k
Caden Hunter,BAL,SP,06z0x
Kenly Hunter,STL,OF,06rh1
Jerry Huntzinger,TOR,C,0669r
Thatcher Hurd,NYY,SP,05t9k
Devin Hurdle,TEX,SS,06htu
Jack Hurley,ARI,OF,060u1
Kyle Hurt,LAD,SP,05jq7
Daviel Hurtado,NYM,SP,06c2a
Joel Hurtado,LAA,SP,06fxd
Ricardo Hurtado,DET,C,06rkl
Victor Hurtado,WSH,OF,06i06
Grant Hussey,(N/A),1B,05yil
Drew Hutchison,PHI,RP,025kq
Jun Seo Hwang,(N/A),SP,06rrb
Braxton Hyde,COL,RP,065v6
Will Hynes,CLE,SP,06z9c
Pedro Ibarguen,MIL,OF,06bpz
Joel Ibarra,PIT,SS,04ylr
Ruben Ibarra,CIN,1B,05was
Cesar Idrogo,(N/A),OF,04w4a
Ryan Ignoffo,MIA,C,06hng
Luis Ilarraza,NYY,RP,06ky6
Tatsuya Imai,HOU,"SP,RP",06ktn
Anthony Imhoff,CHW,SP,06hp5
Diego Infante,(N/A),OF,04b12
Sammy Infante,(N/A),3B,05jqg
Wisler Infante,SEA,SP,06s39
Cooper Ingle,CLE,C,06f0p
Kolton Ingram,ATL,RP,060up
Jojo Ingrassia,BOS,RP,06hww
Haruto Inoue,(N/A),SP,06qs0
Austin Irby,(N/A),1B,06uws
Brent Iredale,PIT,3B,06rol
Thomas Ireland,TEX,RP,06in1
Jairo Iriarte,CHW,RP,060q2
Ike Irish,BAL,"C,1B",06c10
Cole Irvin,LAD,SP,041ru
Xavier Isaac,TB,UT,062pp
Chase Isbell,KC,RP,06hwg
David Isea,COL,C,06c3e
Edgar Isea,ARI,RP,06q34
Alex Isola,MIN,"1B,OF",060oz
Eddy Isturiz,CIN,C,060gf
Hiromi Itoh,(N/A),SP,06sms
Tyler Ivey,HOU,SP,04efv
Nieves Izaguirre,PHI,SS,06rf7
Jose Izarra,LAD,SS,066k7
Victor Izturis,CLE,C,05yic
Ashton Izzi,SEA/ARI,SP,063e6
Matt Jachec,CLE,RP,06hp0
Andre Jackson,(N/A),RP,04elo
Christian Jackson,ATL,OF,066fd
Core Jackson,NYY,SS,06yyj
Daniel Jackson,COL,C,06mhz
Gabriel Jackson,BOS,RP,06suv
Isaiah Jackson,KC,RP,06hh2
Isaiah Jackson,LAA,OF,06l5p
JoJo Jackson,NYY,OF,06qpp
Jordan Jackson,SEA,RP,05yo9
Luke Jackson,TB,RP,070bq
Ryan Jackson,SD,3B,06qpo
Ben Jacobs,DET,SP,06qwt
Carson Jacobs,CHW,RP,06h05
Zach Jacobs,CLE,RP,06s35
Tanner Jacobson,STL,RP,06588
Joe Jacques,LAD/SEA,SP,06c33
Brandon Jaime,CIN,C,06rif
Brayden Jaksa,(N/A),C,06y9q
Coy James,WSH,SS,06alw
Josh James,(N/A),RP,049dt
Kamren James,TB,C,0648l
Lyonell James,(N/A),SS,05iys
Fisher Jameson,COL,RP,06qv5
Justin Janas,ATL,1B,066ls
Walker Janek,HOU,C,06kkk
Hyun-Seok Jang,LAD,SP,06f8f
Camden Janik,PIT,C,06qnn
Niko Janssens,(N/A),SP,06mw9
Jim Jarvis,DET/ATL,SS,06gjo
Justin Jarvis,LAD,SP,04prb
Mike Jarvis,PIT,3B,05y54
Jack Jasiak,CLE,RP,065j8
Dylan Jasso,NYY,3B,06ek0
Cristian Jauregui,PIT,OF,06rgt
Ismael Javier,SD,SS,06com
Odalvi Javier,(N/A),SP,04sy2
Robinson Javier,BAL,RP,06o07
Sebastian Javier,TB,RP,05r5w
Chase Jaworsky,HOU/MIA,"2B,SS",06f1m
Grant Jay,SEA,C,06c5h
Tyler Jay,MIL,RP,03n6f
Antoine Jean,COL,RP,051d5
Enderson Jean,PHI,RP,06ilu
Jefferson Jean,ATH,SP,063dq
Yanki Jean-Baptiste,CLE,SS,0637e
Mitch Jebb,PIT,"2B,SS",066eq
Daulton Jefferies,(N/A),SP,041pp
Chris Jefferson,SEA,SP,06r01
Madison Jeffrey,CHW,RP,0689j
Jake Jekielek,TEX,RP,06qun
Andrew Jenkins,DET,1B,06496
Bryce Jenkins,NYM,RP,06hpo
Jeremiah Jenkins,SF,1B,06beq
Sean Jenkins,(N/A),SP,06rpf
Walker Jenkins,MIN,OF,05u3v
Jacob Jenkins-Cowart,MIA,OF,06pg5
Ryan Jennings,TOR,RP,064nw
Steven Jennings,TEX,RP,04ees
Ryan Jensen,MIN/CHC,RP,0511q
Wil Jensen,CHC,RP,05ogs
Juan Jerez,(N/A),2B,04zaz
Eli Jerzembeck,CHC,RP,0680o
Brody Jessee,CIN,RP,0657g
Luke Jewett,COL,RP,06qkz
Aiden Jimenez,KC,RP,06rqp
Albert Jimenez,SF,SS,06qy1
Anderson Jimenez,SEA,SP,06qfl
Angel Jimenez,COL,SP,06kkm
Antonio Jimenez,SF/NYM,RP,05uvv
Antonio Jimenez,NYM,SS,070ta
Carlos Jimenez,(N/A),RP,050yo
Carlos Jimenez,SEA,OF,060qt
Carlos Jimenez,CHW,1B,06436
Cesar Jimenez,ARI,SP,066qv
Cristian Jimenez,WSH,RP,06872
Damian Jimenez,(N/A),SP,06rq1
Dany Jimenez,ATL,RP,059zc
Edgar Jimenez,NYY,2B,06ky0
Edwin Jimenez,MIL,SP,062x5
Eloy Jimenez,TB/TOR,UT,030ud
Enoy Jimenez,(N/A),SS,04yit
Enrique Jimenez,DET/MIN,C,066mg
Estibenzon Jimenez,PHI,SP,06ag0
Federik Jimenez,(N/A),RP,066r2
Frederik Jimenez,BOS,1B,06c7d
Gilberto Jimenez,(N/A),OF,04uqb
Ibrahyn Jimenez,SD,SP,06r1x
Jhomber Jimenez,TB,SP,06ifn
Jhonny Jimenez,LAD,RP,05r65
Joe Jimenez,ATL,RP,03as0
Linbel Jimenez,MIL,RP,06hsp
Manolfi Jimenez,PHI,OF,064os
Marco Jimenez,DET,RP,06tlb
Onias Jimenez,ARI,RP,06umc
Ronaldys Jimenez,PIT,RP,06ulo
Yaury Jimenez,ARI,SP,06sby
Yeuris Jimenez,WSH,RP,06uy4
Woo Jin An,(N/A),SP,067xv
Woo-Young Jin,(N/A),SP,04ylx
Eikel Joaquin,WSH,3B,06ifh
Brayden Jobert,STL,OF,06hw2
Yorfran John,CLE,SS,060yq
Ayden Johnson,ATH,SS,06qse
Ben Johnson,CHC,RP,06qpq
Bjorn Johnson,MIL,RP,06hw0
Brandon Johnson,KC,RP,0658a
Brett Johnson,(N/A),OF,066cz
Cameron Johnson,CHW,SP,05yj2
Carter Johnson,MIA,SS,06icz
Colton Johnson,ATH,RP,06sux
Cooper Johnson,TEX,C,04aui
Dom Johnson,DET,OF,064nc
Ivan Johnson,CIN,"2B,OF",0513f
Jacob Johnson,TEX,SP,070bp
Jared Johnson,ATH,RP,051ay
Justin Johnson,KC,SS,06dqu
Keon Johnson,HOU,SS,06cqg
Kyle Johnson,TB,SP,06l2p
Lebarron Johnson,COL,SP,06k6r
Luke Johnson,WSH,RP,06qv4
MD Johnson,(N/A),SP,0514w
Marcus Johnson,TB,SP,06480
Marques Johnson,SF,RP,065v4
Osiris Johnson,MIA,SS,04pmr
Paris Johnson,(N/A),OF,06c7u
Preston Johnson,BAL,SP,0658c
Ryan Johnson,HOU,SS,06fze
Termarr Johnson,PIT,"2B,SS",05rc5
Ty Johnson,TB,SP,06htl
Tyler Johnson,DET,1B,0665j
Brodie Johnston,(N/A),3B,06r4y
Kyle Johnston,TOR,P,04ehy
Reid Johnston,CLE,SP,0637r
Will Johnston,ATH,SP,06hvd
Keith Jones II,TEX,OF,06quf
Harry Chubb Jones Jr.,(N/A),SS,06yux
Brady Jones,TB,SP,070c9
Brendan Jones,NYY,OF,06lp5
Brock Jones,TB,OF,05ya3
Carson Jones,SEA,OF,06htc
Colby Jones,ATL,2B,06qtt
Deundre Jones,(N/A),OF,066dm
Druw Jones,ARI,OF,05tdk
Eli Jones,MIN,SP,06qwy
Holt Jones,MIA,RP,060ug
Jared Jones,PIT,SP,05h2u
Jared Jones,PIT,1B,05u30
Jayson Jones,CHW,SS,05u2t
Jordan Jones,(N/A),SP,051cn
Kennedy Jones,(N/A),OF,06af6
Kyle Jones,MIN,RP,065uz
Kyle Jones,MIL,OF,06r3q
LJ Jones,CHW,OF,05mrw
Nick Jones,LAA,RP,05ycb
Sir Jamison Jones,WSH,C,06qrh
Spencer Jones,NYY,OF,04yi8
Stephen Jones,SD,RP,051fu
Tanner Jones,KC,SP,06pgi
Blaze Jordan,BOS/STL,"1B,3B",04nq4
Dakota Jordan,SF,OF,067yf
Dylan Jordan,LAA,SP,06p61
Levi Jordan,CIN,"2B,OF",061w0
Carlos Jorge,CIN,OF,05rf5
Dyan Jorge,COL,"2B,SS",05r9e
Bernard Jose,SD,RP,06tln
Tavian Josenberger,BAL,2B,06drq
Dawel Joseph,SEA,SS,06hys
Elison Joseph,ATL,RP,06mpo
Jean Joseph,TOR,OF,061tq
Jakey Josepha,ARI,1B,06eo1
Corey Joyce,CHC,3B,05190
Jimmy Joyce,SEA,RP,066sr
Chandler Jozwiak,MIA,RP,060u4
Deok Ju Ham,(N/A),RP,06ib3
Jorge Juan,ATL/BOS,RP,05ueo
Simon Juan,NYM,OF,05ycj
Daniel Juarez,NYM,RP,06agq
Victor Juarez,COL,RP,05uvy
Nicholas Judice,BOS,RP,06fzg
Grant Judkins,ATH,SP,06mew
Hayden Juenger,TOR,RP,05xsv
Jorge Julio,PHI,OF,06uln
Gage Jump,ATH,SP,05t9g
Hyeong Jun So,(N/A),SP,06rra
Yoerny Junco,STL,SS,06c7w
Woo Young Jung,(N/A),RP,06ibe
Evan Justice,COL,SP,05yae
Andrew Kachel,SF,2B,0657f
Chris Kachmar,CHC,SP,06qys
Cullen Kafka,(N/A),SP,05u9b
Nick Kahle,(N/A),C,0513a
Jake Kalish,(N/A),SP,03zuu
Brian Kalmer,CHC,3B,06fpi
Jace Kaminska,COL,SP,06gir
Rob Kaminsky,STL,SP,0310g
Mikey Kane,CHW,1B,06hpt
Tommy Kane,SF/WSH,RP,06eku
Baek-ho Kang,(N/A),C,05m6j
James Kaprielian,(N/A),SP,03adt
Nathan Karaffa,PHI,RP,066ft
Ricky Karcher,(N/A),RP,04emj
James Karinchak,CHW,RP,04ejp
Anthony Karoly,SEA,SP,06z45
Braedon Karpathios,SD,OF,06pg3
Jared Karros,LAD,SP,05ybt
Josh Kasevich,TOR,SS,060if
Gavin Kash,(N/A),1B,06ahn
Wes Kath,CHW,3B,05t9j
Kobe Kato,ATL,2B,05y4c
Karl Kauffmann,COL,RP,05129
Rylan Kaufman,(N/A),RP,04pw7
Niko Kavadas,LAA,1B,05jqp
Anthony Kay,CHW,SP,041mb
Chris Kean,NYY,RP,06hf6
Sebastian Keane,NYY,RP,0518t
Daniel Keaney,TEX,RP,06mmq
Aiden Kearney,(N/A),3B,06r89
Matt Keating,NYY,RP,0657j
Dominic Keegan,TB,C,05tde
Aidan Keenan,NYM,SS,05zq2
Seth Keener,CHW,SP,06ahd
Janzen Keisel,TB,SP,06ami
Damon Keith,LAD,OF,05y75
Keone Kela,ARI/CHW,RP,02n4l
Nelson Keljo,CLE,SP,06zgr
Seth Keller,ATL,RP,0648j
Jackson Kelley,TEX,RP,066lv
Jared Kelley,CHW,RP,05g4j
Trevor Kelley,(N/A),RP,04z5q
Owen Kellington,PIT,SP,05xot
Boston Kellner,(N/A),3B,070bl
Antoine Kelly,COL,RP,04px1
Antwone Kelly,PIT,SP,06bpq
Joe Kelly,(N/A),RP,01sve
Justin Kelly,TOR,RP,06uxw
Lucas Kelly,SEA,RP,06z44
Riley Kelly,COL,SP,06z7p
Kannon Kemp,SD,SP,06fzh
Tyriq Kemp,KC,SS,06yyo
William Kempner,MIA,RP,06308
Jacob Kendall,(N/A),SS,05ubk
Kevin Kendall,(N/A),"2B,OF",05xsu
Caden Kendle,MIN,OF,06oo8
Dalton Kendrick,LAA,RP,06hou
Eric Kennedy,(N/A),OF,06hhd
Michael Kennedy,CLE,RP,0647m
Tyler Kennedy,PIT,SP,06hog
Titan Kennedy-Hayes,PHI,RP,06qnv
Barrett Kent,LAA,SP,067xl
Jackson Kent,WSH,SP,06nuj
Kaeden Kent,NYY,SS,06ykk
Nic Kent,COL,"2B,3B,SS",05yfr
Kane Kepley,CHC,OF,06qwv
Kade Kern,ATL,OF,05zh8
Ray Kerr,ATL,RP,05r9n
Brett Kerry,LAA,SP,05xud
Cameron Keshock,PIT,RP,070c7
Grae Kessinger,ARI,"3B,SS",0511u
Caleb Ketchup,LAA,"2B,OF",06htn
Dallas Keuchel,KC,SP,01z83
Keythel Key,LAA,SP,06c5a
Sean Keys,TOR,3B,06oo7
Terrence Kiel II,(N/A),OF,06r4w
Tanner Kiest,LAD,RP,06riz
Griffin Kilander,BOS,RP,06qqx
Dax Kilby,NYY,SS,06utg
Gavin Kilen,SF,SS,05yd3
Caleb Kilian,CHC,RP,04q1w
Mitchell Kilkenny,(N/A),RP,04pmz
Keylan Killgore,(N/A),RP,04pzx
Kevin Kilpatrick Jr.,ATL,OF,066di
Do Yeong Kim,(N/A),3B,06kjx
Jayden Kim,PIT,SS,06r9n
Ju Won Kim,(N/A),SS,06iba
Min Suk Kim,(N/A),OF,06ib9
Seo Hyeon Kim,(N/A),RP,06ibh
Seong-Jun Kim,TEX,SS,06tu9
Larson Kindreich,TEX,RP,05yao
Aidan King,(N/A),RP,06rrz
Chuck King,PHI,SP,06tlp
Dylan King,CIN,C,06za7
Jacob King,MIN,SP,06hgx
Johnny King,TOR,SP,06n3o
Joseph King,STL,RP,065uv
Justin King,MIA,RP,06kvs
Lamar King,SD,UT,0647r
Luis Ramon King,HOU/KC,OF,06uf2
Luis Steven King,KC,SS,06rsw
Matt King,PIT,SS,06z43
Seaver King,WSH,SS,06cq7
Skylar King,BOS,OF,06z0y
Wenderlyn King,MIL,RP,06r0r
Will King,ATL,C,06hno
Zach King,MIA,SP,0519q
Nolan Kingham,ATL,SP,04pvw
Jimmy Kingsbury,SEA,RP,060eq
Cooper Kinney,TB,2B,05ua8
Grant Kipp,CHC,SP,06c4z
Devin Kirby,MIN/BAL,SP,06qf3
William Kirk,(N/A),SP,06kk0
Doug Kirkland,KC,SP,06hhc
Jackson Kirkpatrick,CHC,RP,06tlf
Cole Kirschsieper,MIA,SP,064n9
Brady Kirtner,NYY,RP,06qls
Danny Kirwin,BOS,RP,06l5i
Jacob Kisting,MIN,SP,06qsu
Austin Kitchen,SEA,RP,06mi2
Kotaro Kiyomiya,(N/A),1B,04n0l
George Klassen,LAA,SP,067xm
Kole Klecker,MIN,SP,06alc
John Klein,MIN,RP,06ian
Matt Klein,COL,C,06za8
Paxton Kling,TEX,"SS,OF",05y31
Gabe Klobosits,CHC,RP,03dww
Adam Kloffenstein,TOR,SP,04ppt
Jacob Kmatz,TB,SP,06mwg
Aidan Knaak,(N/A),SP,06kxb
Christian Knapczyk,CLE,"2B,SS",05yc6
Jake Knapp,CHC,SP,06ysg
Brandon Knarr,MIL,SP,06149
Corey Knebel,(N/A),RP,0310k
Reiss Knehr,SD,RP,04q1u
Todd Kniebbe,BAL,RP,06zcr
Bill Knight,SEA,OF,066d6
Blaine Knight,(N/A),RP,04m5p
Caleb Knight,CHC,C,06pvz
Malakhi Knight,(N/A),OF,05rce
Grant Knipp,SEA,C,06kyo
Michael Knorr,HOU,RP,0630a
Josh Knoth,MIL,SP,069zn
Antonio Knowles,LAD,RP,05yo7
D'Shawn Knowles,(N/A),OF,04n0j
Lucas Knowles,LAA,RP,051au
Nate Knowles,TB,SP,06lw0
Sam Knowlton,ARI,RP,06h1w
Connor Knox,CHC,SP,070d2
Ching-Hsien Ko,LAD,OF,06oh1
Collin Kober,(N/A),RP,05ng1
Scott Kobos,CHC,RP,05xai
Grant Koch,(N/A),C,04pqw
Ian Koenig,SD,SP,066aa
Will Koger,SD,RP,0701m
Tanner Kohlhepp,DET,RP,05y4i
Taylor Kohlwey,(N/A),OF,0423t
Pico Kohn,NYY,SP,06yq9
Zach Kokoska,COL,1B,05tcc
Connor Kokx,CLE,OF,05ynd
Adam Kolarek,(N/A),RP,02hky
Xavier Kolhosser,MIN,RP,06qtq
Jared Kollar,SD,SP,066a9
Aldalay Kolokie,COL,OF,06ekc
Mark Kolozsvary,BOS,C,04eid
Brandon Komar,CIN,SP,0519w
Chang-mo Koo,(N/A),SP,05m68
Ja Wook Koo,(N/A),OF,06rr8
Addison Kopack,SD,1B,06hej
Matt Koperniak,STL,OF,05wb2
Ronan Kopp,LAD,RP,05yal
Kevin Kopps,SD,RP,05tow
Jacob Kostyshock,(N/A),P,0516f
Dakota Kotowski,(N/A),1B,066ak
Rhett Kouba,HOU,RP,05ycn
Luke Kovach,TOR,SP,06zb6
Cam Kozeal,MIA,SS,06ig5
Nick Krauth,TEX,RP,05xkw
Evan Kravetz,CIN,RP,0513u
Joey Krehbiel,TB/KC,RP,02bze
Harrison Kreiling,SEA,SP,06qpr
Kade Kretzschmar,STL,OF,06hu0
Zac Kristofak,(N/A),RP,051ae
Austin Krob,SD,RP,0649a
Jacob Kroeger,ATL,SP,06qhw
Matt Kroon,(N/A),OF,04q0h
Josh Kross,STL,1B,06pgn
Dan Kubiuk,ARI,RP,06ywb
Hunter Kublick,STL,SP,06hp2
Ben Kudrna,KC,SP,05t9i
Cade Kuehler,ATL,SP,062yq
Tate Kuehner,MIL,SP,06fqr
Chad Kuhl,ATL,SP,03179
Jacob Kuhn,TB,SP,06zll
Travis Kuhn,SEA/PHI/DET,RP,060mr
Joel Kuhnel,PHI/NYY,RP,041wc
Tegan Kuhns,STL,SP,060lb
Cash Kuiper,DET,SP,070cd
Sam Kulasingam,KC,1B,06k6s
Trevor Kuncl,CIN,RP,06tld
Cade Kurland,(N/A),SS,067yh
Joshua Kuroda-Grauer,ATH,"3B,SS",06nue
Peter Kussow,NYM,SP,06z9e
Nick Kuzia,(N/A),RP,06aq0
Robert Kwiatkowski,CHC,RP,06qwe
Mathias LaCombe,CHW,SP,06fuo
Tyler LaPorte,ATL,RP,06rn2
Tommy LaPour,MIN,SP,06roo
Nate LaRue,(N/A),C,051ja
Jace LaViolette,CLE,OF,067zb
A.J. Labas,(N/A),P,04epx
Randy Labaut,PIT,RP,06ksf
Yeniel Laboy,ATH,3B,066cc
Victor Labrada,SEA,OF,05t6h
P.J. Labriola,BOS,RP,06ul4
Luke Lacourse,LAA,SP,06zgx
Asa Lacy,KC,SP,059qm
Jack Lafflam,(N/A),"C,SP",06mw8
Frandy Lafond,MIL,OF,06plo
Carlos Lagrange,NYY,SP,062h4
Dane Lais,SD,RP,06hw4
Travis Lakins Sr.,(N/A),RP,03qlx
Henry Lalane,NYY,SP,05ym5
Jake Lamb,SF,1B,02mzn
Jimmy Lambert,(N/A),RP,041s7
Peter Lambert,HOU,SP,03poo
Ryan Lambert,NYM,RP,06qic
Luis Lameda,MIL,3B,06ifb
Dinelson Lamet,(N/A),RP,03ry2
Justin Lamkin,KC,SP,06kza
Joe Lampe,CLE,OF,0630g
Jackson Lancaster,TB,RP,06rpz
Steven Lancia,CHW,C,06zet
Ramon Landaeta,ATH,C,06avz
Andrew Landry,NYY,SP,06hq5
Nathan Landry,BOS,SP,066jt
Jorvorskie Lane Jr.,(N/A),C,06r4m
Carmine Lane,(N/A),C,066f8
Justin Lange,NYY,RP,05jrk
Ty Langenberg,MIN,SP,068xx
L.P. Langevin,KC,RP,06nzz
Colby Langford,HOU,RP,06hop
Ryan Langford,(N/A),RP,06r22
Miles Langhorne,MIL,RP,06ql1
Brandon Langley,SD,RP,06zgd
Garrett Langrell,SF,RP,06z48
Jake Lankie,(N/A),SP,05ubj
Cale Lansville,SF,SP,06hwu
Ethan Lanthier,NYM,SP,06qno
Andriel Lantigua,COL,C,06ri0
Arnaldo Lantigua,CIN,OF,066mp
Edward Lantigua,NYM,OF,06ice
Lisnerkin Lantigua,CIN,RP,06aml
Rafael Lantigua,PHI,"2B,SS,OF",060fw
Robert Lantigua,ARI,C,06rje
Chris Lanzilli,CHW,OF,06644
Armando Lao,DET,C,06rkg
Bryan Lara,LAD,SP,06tpi
Davidxon Lara,LAA,RP,06bl2
Erick Lara,TB,SS,06bsa
Gabriel Lara,NYY,OF,06c3g
Gilbert Lara,WSH,SS,03dmq
Janser Lara,TEX,RP,0403r
Jhancarlos Lara,ATL,RP,06cev
Jorge Lara,ARI,SS,06hi7
Luis Lara,MIL,OF,060yn
Wilfredo Lara,MIA,"2B,SS",06am6
Wilton Lara,HOU,SS,06ulw
Mac Lardner,STL,SP,05y5n
Cesar Lares,MIN,SP,066t8
Cristopher Larez,NYM,SS,066o6
Conor Larkin,TOR,RP,05yni
Alberto Laroche,SF,SP,06yy0
Denny Larrondo,ARI,SP,04yco
Kyle Larsen,TEX,RP,05y6x
Ashton Larson,(N/A),OF,067z2
Blake Larson,CHW,SP,05ydm
John Lash,(N/A),SP,05y9d
Luke Lashutka,MIA,RP,06oom
Adam Laskey,MIA,SP,051ec
Ryan Lasko,ATH,OF,06248
Rafael Lasorsa,ATL,SP,06r5x
Roger Lasso,LAD,OF,05r69
Carson Latimer,CIN,RP,06zaa
Maddox Latta,TOR,SS,06zes
Anyer Laureano,CIN,RP,06l2q
Lorenzo Laurel,(N/A),3B,0680l
Johnathan Lavallee,TOR,RP,06s3b
Bryan Lavastida,HOU,C,04pyv
Nate Lavender,TB,RP,05ydc
Dario Laverde,LAA,C,066n9
Grant Lavigne,(N/A),1B,04pmf
Derek Law,WSH,SP,02bx6
Colson Lawrence,MIA/ATL,RP,06huq
Tre' Lawrence,(N/A),OF,06r4p
Carson Laws,MIA,RP,06zhe
Holden Laws,(N/A),P,04pze
Brendan Lawson,(N/A),SS,068nx
Cortland Lawson,WSH,SS,065v5
Justin Lawson,NYM,RP,06htd
Derwin Laya,SF,3B,05udz
Yojackson Laya,LAD,SS,06krr
Aidan Layton,ATH,RP,06qpe
DJ Layton,BAL,SS,06pq4
Dylan Leach,TOR,C,06uy1
Hudson Leach,HOU,RP,06hhj
Antawn Leal,TB,RP,06mi5
David Leal,(N/A),RP,05j8k
Erick Leal,NYY,SP,02yor
Victor Leal,MIN,C,06lwe
Cameron Leary,ATH,OF,06qv7
Aaron Leasher,(N/A),SP,04eho
Jackson Leath,(N/A),SP,05y6y
Charles Leblanc,ATL,2B,041r7
Ariel Lebron,HOU,OF,06c77
Cristofer Lebron,STL,SS,06r56
Justin Lebron,CIN,SS,06l57
Colton Ledbetter,TB,OF,0689z
Bairon Ledesma,COL,SS,06cf1
Jose Ledesma,NYY,RP,06uxv
Darren Ledford,(N/A),C,05yd5
Luis Ledo,(N/A),RP,05y09
Marcus Lee Sang,TEX,OF,0518j
Bennett Lee,DET,C,06icu
Cam Lee,BAL,OF,0701o
Chansol Lee,BOS,SP,06dtk
Chen-Hsun Lee,SF,SP,06aky
David Lee,COL,RP,06ul3
Eui Lee Lee,(N/A),SP,06ibd
Evan Lee,(N/A),RP,04pyc
Hao-Yu Lee,DET,"2B,3B",05u2k
Hyun Seung Lee,PIT,SS,06rqj
Jeremy Lee,MIN,SP,06hum
Justin Lee,PHI,SP,06ifx
Patrick Lee,DET,OF,06mim
Zack Lee,DET,SP,06hiu
Klendy Leen,TEX,1B,06suk
Ben Leeper,CHC,RP,05u1w
Jack Leftwich,CLE,RP,05jqj
Ethan Lege,PIT,3B,06qvn
Qyshawn Legito,CIN,C,06ri7
Taylor Lehman,(N/A),RP,06qxf
Brandon Leibrandt,NYY,SP,03dew
Zac Leigh,CHC,RP,05y9i
Aldo Leija,(N/A),SP,062cd
Kenny Leiner,BAL,RP,06qex
Ryan Leitch,PHI,C,066aj
Cam Leiter,LAD,SP,06k4w
Kleimir Lemos,TEX,"1B,3B",06c0y
Pedro Lemos,SEA,RP,05nsn
Edgar Leon,LAD,RP,06uxu
Keiner Leon,(N/A),RP,060od
Luis Leon,MIA,SS,06plk
Luis Leon,CHC,OF,06v6b
Pedro Leon,HOU,OF,05gdv
Santiago Leon,MIN,SS,06rhk
Dayne Leonard,CIN,C,06uxj
Eddys Leonard,DET/ATL,"2B,SS",04yi5
Iverson Leonardo,(N/A),OF,05lp1
Dominic Leone,(N/A),RP,02n7j
Luis Leones,CIN,OF,06ujs
Oswel Leones,(N/A),OF,04yl4
Ray Leonzi,(N/A),OF,06l0f
Carlos Lequerica,DET,RP,06hiv
Dylan Lesko,TB,RP,05tdl
Josh Lester,(N/A),"1B,3B",03qqr
Luke Leto,(N/A),SS,05koi
Bishop Letson,MIL,SP,06gjw
Jhonny Level,SF,SS,06ich
Zach Levenson,STL,OF,06f1n
Adam Leverett,SEA,SP,051bn
Tatem Levins,TB,C,066cj
Chris Levonas,MIL,SP,06mni
Brandon Lewis,(N/A),1B,0513n
Cory Lewis,MIN,SP,060hm
Dillon Lewis,NYY,OF,06pi9
Ian Lewis,MIA,SS,05h2x
Jimmy Lewis,(N/A),P,05127
Justin Lewis,(N/A),P,03dru
Kade Lewis,CLE,1B,06qwi
Kyle Lewis,(N/A),OF,03z61
Nadir Lewis,SF,OF,06hnj
Shane Lewis,(N/A),OF,06k7r
Tyson Lewis,CIN,SS,06mnk
Domingo Leyba,PIT,2B,037ab
Caleb Leys,DET,SP,06z7j
Brandon Leyton,(N/A),"2B,SS",04ug7
Roger Leyton,(N/A),OF,05no1
David León,CLE,C,06ri6
Luis Liberato,(N/A),OF,02ybv
Jecsua Liborius,LAD,RP,06uxt
Yorman Licourt,TOR,OF,06mdo
Ahbram Liendo,BOS,"2B,3B",060gl
Mason Ligenza,LAD,OF,06y48
Karson Ligon,TOR,SP,06ron
Christian Lim,(N/A),SP,06mpy
Denny Lima,CHW,SP,06mek
Michael Limoncelli,(N/A),P,05151
Chen-Wei Lin,STL,SP,06cn1
Lyle Lin,ATH,C,041zx
Po-Chun Lin,SEA,SP,06rmx
Sheng-En Lin,CIN,3B,06c2c
Wei-En Lin,ATH,SP,06op3
Yu-Min Lin,ARI,SP,061wi
Sean Paul Linan,LAD/WSH,SP,06l0n
Janderson Linares,PIT,RP,06fu7
Jonathan Linares,LAA,C,066rz
Jose Linares,(N/A),RP,066tc
Oswaldo Linares,SD,C,05j90
Winder Linares,TEX,OF,06rnl
Valentin Linarez,(N/A),RP,05iyj
Yohander Linarez,BOS,3B,06rnk
Jeff Lindgren,(N/A),RP,051if
Ethan Lindow,(N/A),SP,04egu
Andrew Lindsey,TB,SP,06eko
Kellon Lindsey,LAD,SS,06kxe
Brady Lindsly,(N/A),C,05mrg
Jack Lines,TB,SS,06qnf
Jackson Linn,(N/A),OF,05yh8
Matthew Linskey,HOU,RP,06hs8
Carlos Linárez,STL,C,06rhl
Andre Lipcius,CHW,1B,0512j
Guy Lipscomb Jr.,CLE,OF,064nd
Trey Lipsey,(N/A),OF,066is
Enderso Lira,BOS,C,05rdn
Angel Liranzo,PHI,SP,06ek1
Jesus Liranzo,MIL,RP,04af8
Joshua Liranzo,BAL,3B,06c3o
Thayron Liranzo,DET,"C,1B",05r64
Hector Liriano,WSH,OF,06idx
Raily Liriano,ARI,OF,06lwm
Christian Little,SEA,SP,05mlv
Jordan Little,CIN,RP,06qro
Chih-Jung Liu,(N/A),SP,05a1c
Dean Livingston,ARI,SP,06yxi
Jesus Lizardo,PIT,C,06rlq
Victor Lizarraga,SD,SP,05n5o
Mauricio Llovera,(N/A),RP,04aza
Daniel Lloyd,BAL,RP,05ynv
Matt Lloyd,STL,"1B,OF",051bi
Jaiden Lo Re,BAL,SS,06zfn
Alejandro Loaiza,TB/STL,C,06rp9
Inmer Lobo,PIT,RP,062yn
Ryan Lobus,TEX,RP,06htt
Tim Locastro,SD,OF,031dr
Fulton Lockhart,LAA,RP,06qte
Lael Lockhart,DET,SP,05yeu
Nick Lockhart,(N/A),RP,0518f
Griffin Lockwood-Powell,LAD,"C,1B",06opa
Alex Lodise,ATL,SS,06se7
Kyle Lodise,CHW,SS,06rud
Conner Loeprich,(N/A),P,04q25
Justin Loer,COL,RP,06h91
Joshua Loeschorn,PIT,RP,066fm
Carter Loewen,SD,RP,05r5g
Bradley Loftin,(N/A),SP,067yg
Jackson Loftin,(N/A),"SS,OF",066lm
Drake Logan,CHW,3B,066fj
Gavin Logan,ARI,C,066co
Sean Loggie,(N/A),SP,06yud
Zach Logue,(N/A),RP,04ejq
Camden Lohman,NYM,SP,06zqn
Carter Lohman,LAD,SP,0665s
Jacob Lojewski,TOR,SS,06qj8
Caleb Lomavita,WSH,C,06ibi
George Lombard Jr.,NYY,SS,06b72
Jacob Lombard,MIA,SS,06ih0
Michael Lombardi,KC,SP,06yez
Dylan Lonergan,(N/A),SP,05ubm
Ethan Long,SD,1B,05uc9
Jacoby Long,NYM,OF,06qph
Jonathon Long,CHC,1B,06fwm
Justin Long,ATL,RP,06fqm
Ryan Long,BAL,SP,06bxl
Trevor Long,SEA,RP,06qir
Anthony Longo,KC,C,06r4j
Darcy Longstaff,CIN,RP,067x2
Aidan Longwell,COL,1B,06hpz
Seth Lonsway,SF,SP,04er0
Eric Loomis,TEX,RP,06qrc
Jimmy Loper,NYM,SP,066ji
Abelaldo Lopez,(N/A),OF,05iyu
Alejo Lopez,ATH,"2B,3B",03wkr
Carlos Lopez,CLE,RP,06rp7
Celso Lopez,(N/A),RP,06r1q
Chris Lopez,STL,C,06rp8
Christian Lopez,CIN,RP,06akd
Daniel Lopez,KC,OF,06bj6
Eduardito Lopez,(N/A),2B,06r7r
Eduardo Lopez,PHI,1B,04yd9
Fabian Lopez,MIA,SS,06aq6
Gabriel Lopez,COL,C,06rhy
Gerardo Lopez,PHI,SP,06ux0
Irving Lopez,(N/A),2B,04ere
Jack Lopez,SEA,2B,02c2o
Jason Lopez,(N/A),C,04yev
Jesus Lopez,TEX,C,066op
Jesus Lopez,TEX,RP,06r2y
Jesus Lopez,SF,SP,06sb4
Jesus Lopez,SD,SP,06sb6
Johan Lopez,TB,SS,051ws
John Lopez,PIT/KC,UT,06hwj
Jose Lopez,TB,RP,0614f
Jose Lopez,LAD,RP,06mdn
Jose Lopez,NYM,SP,06rld
Josue Lopez,CIN,RP,06rlc
Juan Lopez,WSH,RP,06z5m
Justin Lopez,(N/A),SS,04b3f
Leandro Lopez,TEX,RP,06pfc
Moises Lopez,MIN,2B,06bsc
Reiner Lopez,STL,RP,066mc
Robert Lopez,CLE,C,05rdq
Ronny Lopez,CHC,SP,06ulv
Aneury Lora,SEA,RP,06rs2
Nestor Lorant,CIN,SP,06l4z
Denton Lord,(N/A),SP,06yub
Kiefer Lord,BAL,SP,06ca0
David Lorduy,CIN,SP,06u6d
Abel Lorenzo,LAD,OF,06cex
Dauri Lorenzo,(N/A),SS,0527k
Francisco Loreto,PHI,C,06rl2
Nick Lorusso,NYM,"1B,3B",06dn1
Aaron Loup,(N/A),RP,02han
Carter Lovasz,ATL,RP,06yyh
Austin Love,STL,RP,05uo3
Eli Lovich,CHC,OF,06qev
Jackson Lovich,NYY,1B,06zi2
Quinton Low,MIL,SP,05y4o
Rhett Lowder,CIN,SP,061bo
Collin Lowe,MIA,RP,0665w
Isaiah Lowe,SD,RP,06586
Hunter Loyd,PHI,SP,06heu
Geuri Lubo,CHC,SS,06mfj
Yaxson Lucena,STL,OF,06xy3
Ismael Luciano,COL,RP,06l52
Ivan Luciano,ARI,C,06nuc
Jordy Luciano,(N/A),SP,066qh
Marco Luciano,SF,SS,04ooy
Sandy Luciano,KC,OF,06r4l
Waner Luciano,HOU,3B,061zq
Kyle Luckham,WSH,SP,065v7
Nick Lucky,MIN,"2B,SS",04py1
Drew Lugbauer,ATH,"1B,3B",03dt6
Alejandro Lugo,(N/A),RP,06tlm
Andy Lugo,BOS/MIN,"3B,OF",064eu
Cesar Lugo,CHC,OF,06mn9
Erick Lugo,TB,C,06l0u
Jesus Lugo,BOS,OF,06mi7
Joswa Lugo,LAA,SS,06ica
Moises Lugo,(N/A),RP,04n0h
William Lugo,(N/A),SS,04ymb
Wilmer Lugo,NYM,RP,06akj
Yoneiker Lugo,MIL,C,06rhs
Carlos Luis,(N/A),SS,04c0w
Jansel Luis,ARI,"2B,3B,SS",061zn
Yerlin Luis,CLE,OF,066mb
Rylan Lujo,LAA,3B,06v4r
Reese Lumpkin,SEA,RP,06ywa
Alexey Lumpuy,CHC,OF,06ruf
Gil Luna Jr.,CHW,SP,05yfn
Carlos Luna,MIL,SP,05t6o
Esteban Luna,BAL,SP,06njt
Jesus Luna,CLE,RP,06upy
Jorge Luna,NYY,SP,06cmo
Darrel Lunar,WSH,SP,06ma5
Logan Lunceford,LAD,SP,06rsc
Wyatt Lunsford-Shenkman,SEA,RP,06qr2
Jordan Luplow,(N/A),OF,03dag
Jordan Lyles,(N/A),SP,01gjf
Jack Lynch,(N/A),SP,066f2
Ryan Lynch,SD,RP,06uwr
Isaac Lyon,SEA,SP,06z47
Jake Lyons,(N/A),P,04etj
Jared Lyons,CIN,SP,066le
Mason Lytle,HOU,OF,06zex
Hiverson López,CLE,C,06rh0
Burke-Lee Mabeus,(N/A),C,06rfs
Will Mabrey,ARI,RP,0657c
JT Mabry,MIA,2B,06kwl
Zach MacDonald,DET,OF,06qrm
Travis MacGregor,TEX/MIL,RP,041qc
Dylan MacLean,TEX,P,05mrk
Christian MacLeod,MIN,SP,05rek
Cole MacRae,HOU,SP,06zew
Djean Macares,SF,OF,06rpq
Danny Macchiarola,SEA,SP,06z46
Tommy Mace,CLE,SP,04ely
Juan Macero,LAD,3B,06z66
Anderson Machado,ATH,SS,062z8
Andres Machado,(N/A),RP,04km8
Austin Machado,ATL,C,06qk1
Diago Machado,SEA,OF,06rq3
Dixon Machado,CHC,SS,027h1
Estiven Machado,TOR,SS,05ao9
Joel Machado,(N/A),SP,04yb9
Johan Machado,MIA,SS,06tzx
Roilan Machandy,HOU,OF,060qu
Irvin Machuca,CIN,RP,05uai
Antonis Macias,TEX,OF,06nz1
Dallas Macias,ATL,OF,06yn1
Johan Macias,LAA,2B,06rsq
Josh Maciejewski,MIL,RP,04puv
Bernard Mack,STL,SP,06c7v
Charles Mack,WSH,SS,04ps1
Joe Mack,MIA,C,05rcd
Landon Mack,(N/A),SP,06yar
Zack Mack,NYM,RP,06zi1
Davonn Mackey,(N/A),OF,05nsm
Adam Macko,TOR,SP,0515q
Angel Macuare,MIN,RP,04b21
Jake Madden,COL,RP,05ym9
Ty Madden,DET,SP,05oqe
Riley Maddox,WSH,SP,06yyg
Jesus Made,MIL,SS,06ibv
Kevin Made,WSH,SS,0527f
Emannoel Madeira,CHC,SP,06bpu
Steven Madero,DET,C,06r44
Ben Madison,(N/A),P,04ptu
Truitt Madonna,SD,C,070by
Nick Madrigal,NYM,"2B,3B",03qu7
Reynaldo Madrigal,(N/A),OF,05xtv
Bligh Madris,DET,1B,04ejw
Bryce Madron,STL,OF,06qv3
Jediael Maduro,SF,OF,062ze
Kendrey Maduro,LAA,3B,06zgq
Fermin Magallanes,BAL,RP,06ulu
Mario Magana,(N/A),OF,06yys
Bryan Magdaleno,TEX,RP,06pmw
Ryan Magdic,ATH,RP,06qsg
Cam Magee,ATL,SS,06hoz
Drew Maggi,(N/A),2B,02hnm
Grant Magill,CHW,C,06qke
Andrew Magno,DET,RP,051bg
Solomon Maguire,(N/A),OF,05ogx
Lucas Mahlstedt,LAA,RP,06yyf
Jack Mahoney,COL,SP,06dq6
Jack Mahoney,ATH,RP,06uy0
Adam Maier,ATL,SP,05xu6
Kevin Maitan,MIN,"1B,3B",0401b
Cesar Maiz,CIN,SP,06z5b
Aidan Major,CLE,SP,06nm0
Alex Makarewich,LAD,RP,06hub
Shugo Maki,(N/A),2B,067z5
Chance Mako,(N/A),SP,060oi
Cooper Malamazian,(N/A),SS,06uwp
Aidan Maldonado,MIL,RP,066l8
Cam Maldonado,SF,OF,06cmg
Gerelmi Maldonado,SF,SP,0620s
Nick Maldonado,MIA,RP,0603j
Ben Malgeri,DET,OF,05yhl
Dalton Mall,TB/NYM,SP,06hyx
Josh Mallitz,SD,RP,06qij
Brennan Malone,PIT,RP,04y7b
Rorik Maltrud,CLE,SP,06h00
Alexander Mambel,BOS,1B,06rix
Joey Mancini,HOU,SP,066jq
Trey Mancini,ARI,1B,031c4
Mark Manfredi,MIL,RP,06gic
Thomas Mangus,CHC,RP,06qp0
Devin Mann,SF,"1B,2B",04pr2
Hunter Mann,COL,RP,06hx0
Luke Mann,ATH,3B,06do7
Chusei Mannami,(N/A),1B,06ih7
Matt Manning,DET/PHI,RP,041m1
Noah Manning,SEA,RP,06umb
Timmy Manning,SF,RP,05jq4
Alek Manoah,TOR/ATL,SP,04yfw
Renair Manrique,PHI,SS,06bt4
Marco Manzano,NYY,RP,06ky4
Mikell Manzano,(N/A),RP,05uwh
Anyel Manzueta,WSH,RP,06r50
Sami Manzueta,HOU,SS,06tsv
Luis Maracara,SD,RP,06mw5
Agustin Marcano,WSH,C,06suq
Carlos Marcano,DET,SP,060oh
Jose Marcano,ATL,RP,06aka
Jose Marcano,CLE,2B,06gy9
Jose Marcano,TEX,C,06jgy
Jose Marcano,(N/A),1B,06rji
Rafael Marcano,MIN,RP,05tdm
Tucupita Marcano,SD,OF,04t41
Orlando Marcelin,TOR,RP,070cv
Hansel Marcelino,(N/A),RP,06aju
Manuel Marchan,CIN,SP,06o04
Jorge Marcheco,LAA,RP,061vz
Moises Marchán,KC,C,06rhv
Jake Marciano,(N/A),SP,06yaq
Brady Marget,TB,1B,06qr4
Nick Margevicius,DET,SP,04eie
Maximo Maria,ATL,OF,062zm
Yander Maria,CHC,SP,06jgh
Diovel Mariano,CLE,RP,06uxs
Naibel Mariano,CIN,SS,06icf
Reyli Mariano,LAD,2B,06onr
Jermaine Maricuto,(N/A),1B,06sup
Alexis Marin,ARI,SP,06r32
Jahir Marin,(N/A),C,06mi6
Junior Marin,PHI,OF,05xdf
Liosward Marin,BOS,C,06riv
Manny Marin,(N/A),SS,06rft
Nelson Marin,DET,C,06rkd
Louis Marinaro,TEX,RP,06zev
Luis Marinez,ATH,1B,06rl8
Ynmanol Marinez,(N/A),SS,04l9z
Michael Mariot,SEA,RP,02hiz
Jake Marisnick,ATL,OF,01sit
Bennett Markinson,PHI,C,06zf3
Easton Marks,COL,SP,06za9
Jordan Marks,DET,RP,05u9a
Gedionne Marlin,(N/A),2B,060os
Cade Marlowe,SEA,OF,051fl
Eddy Marmolejos,WSH,3B,06lwl
Landen Maroudis,TOR,SP,06dq2
Austin Marozas,TOR,RP,0669w
Anthony Marquez,SF,SS,06qqr
Anyelo Marquez,LAA,2B,06bj4
Brailyn Marquez,HOU,SP,04390
Edinzo Marquez,NYY,SP,06v29
Emilio Marquez,KC,RP,05u1r
Franklin Marquez,(N/A),SP,05l1l
Gustavo Marquez,SD,OF,06bn0
Jesus Marquez,(N/A),1B,06kxz
Luis Marquez,TEX,SS,06uvt
Noslen Marquez,ATL,SP,06r5t
Ramon Marquez,PHI,SP,06y0k
Victor Marquez,PIT,C,070kr
Adriano Marrero,MIA,SP,06rw4
Andrew Marrero,STL,RP,06idy
Elias Marrero,PHI,SS,06rt5
Elih Marrero,KC,C,04psx
Wendell Marrero,(N/A),OF,0518e
Mason Marriott,ARI,SP,06pq7
Alec Marsh,KC,SP,0512c
Chandler Marsh,NYM/BAL,RP,06qlb
Tatum Marsh,(N/A),OF,06uw4
Shane Marshall,CHC,RP,0657y
Duncan Marsten,CIN,SP,06kww
Angel Marte,(N/A),C,06rk5
Daniel Marte,(N/A),OF,05h7h
Francis Marte,ATH,SP,06bl3
Hamlet Marte,(N/A),C,03mwz
Jose Marte,NYM,RP,04ydj
Modeifi Marte,ARI,1B,066rs
Sabier Marte,NYY,SP,06ie7
Yunior Marte,SEA,RP,03yxa
Yunior Marte,KC/SF,SP,06cqy
Curley Martha,TEX,SS,06ic2
Casey Martin,MIL,"1B,2B,3B,SS",059by
Christian Martin,STL,2B,06qvt
Colby Martin,TOR/MIA,RP,06qr5
David Martin,ARI,UT,066jo
Garrett Martin,NYY,OF,04q4k
Jason Martin,(N/A),OF,0374g
Kaden Martin,(N/A),OF,05uca
Logan Martin,KC,SP,06h21
Mason Martin,PIT,"1B,OF",04epq
Max Martin,KC,RP,06zap
Maximus Martin,BOS,SS,06yq6
Maxton Martin,TEX,OF,06gjp
Payton Martin,LAD,SP,066dq
Richie Martin,TEX,SS,03pj6
Riley Martin,CHC,RP,05yam
Robby Martin,COL,OF,05gs8
Roman Martin,ATH,SS,062cz
Rudy Martin,KC,OF,03dwo
Trevor Martin,TB,RP,06309
Walker Martin,SF,SS,066t4
Bryce Martin-Grudzielanek,NYY,SS,06yya
Clarence Martina,WSH,RP,06ult
Adrian Martinez,(N/A),RP,05u3c
Alex Martinez,LAA,RP,05y4l
Alexander Martinez,ATL,C,0689m
Alfonzo Martinez,TB,OF,06r5e
Anel Martinez,WSH,SP,06qy7
Anthony Martinez,CLE,1B,06bpt
Bernie Martinez,SEA,SP,06r02
Browm Martinez,NYY/WSH,OF,06kxu
Bryan Martinez,LAA,1B,06r8b
Carlos Martinez,SF,C,06z5x
Chazz Martinez,KC,RP,0657n
Daniel Martinez,(N/A),SP,04q3u
Emil Martinez,TEX,SS,06sa0
Emmanuel Martinez,TEX,RP,06er5
Eric Martinez,MIL,C,06rho
Felix Martinez,(N/A),RP,06sui
Frank Martinez,TEX,RP,06bl4
Gabriel Martinez,TOR,OF,05ycw
Henry Martinez,SD,SP,0657u
Izaak Martinez,CLE,RP,06qwk
J.D. Martinez,(N/A),UT,02334
J.P. Martinez,(N/A),OF,04m8w
Jack Martinez,ARI,RP,06z00
Jaset Martinez,CIN,1B,06mf0
Jeter Martinez,SEA/PIT,SP,066m6
Jhonny Martinez,ATL,RP,064w8
Jonathan Martinez,CLE,SS,06ifp
Jordi Martinez,(N/A),RP,05rgd
Jose Martinez,(N/A),SP,05r3h
Jose Martinez,NYY,RP,06s3o
Juan Martinez,SD,OF,06meh
Juan Martinez,MIL,SS,06qxu
Juan Martinez,CIN,SP,06u6p
Kevin Martinez,COL,SP,06uwd
Keyner Martinez,SF,SP,06ut2
Larry Martinez,TB,SS,06mbp
Liomar Martinez,MIA,SP,06s7q
Luis Martinez,(N/A),1B,06rgu
Maison Martinez,CIN,RP,06z03
Maximo Martinez,CHW,RP,061a5
Michael Martinez,MIN,RP,06qyf
Michael Martinez,ATL,OF,06r2s
Nolan Martinez,(N/A),P,041r3
Omar Martinez,NYY,C,06aw4
Orelvis Martinez,TOR/WSH,SS,04mms
Orlando Martinez,HOU,OF,04qnf
Pedro Martinez,TB,SS,04rvw
Quinton Martinez,LAA,SP,0664m
Raidel Martinez,(N/A),SP,04n0g
Randol Martinez,PIT,RP,06r16
Randy Martinez,CLE,2B,06kx7
Raudelis Martinez,TB,"C,1B",05t7u
Robinson Martinez,BAL,RP,06qtd
Rodolfo Martinez,BAL,RP,03mon
Santiago Martinez,MIL,SP,06tzw
Stiven Martinez,BAL,OF,06jh5
Xavier Martinez,CLE,RP,06qk7
Yeral Martinez,MIA,OF,06l3l
Yohander Martinez,MIN,SS,057ah
Yordani Martinez,MIA,2B,06mva
Luis Martinez-Gomez,CHC,RP,06giu
Mairoshendrick Martinus,LAD,SS,060qg
Shendrion Martinus,CIN,SS,06qzp
Brandon Martorano,TEX,C,051c0
Nathan Martorella,MIA,"1B,OF",0648v
"Ernesto Martínez, Jr.",MIL,1B,04dws
Kendry Martínez,SEA,SS,06rfo
Jack Maruskin,BAL,SP,06h1u
J.P. Massey,PIT,RP,0648t
Michael Massey,DET,SP,06dn0
Cameron Masterman,(N/A),OF,06fu1
Bryan Mata,BOS,RP,04ahc
Jean Mata,(N/A),OF,06oh0
Richer Mata,KC,1B,06z5w
Alejandro Mateo,(N/A),P,0424k
Angel Mateo,TB,OF,067ww
Carlos Mateo,KC,SP,06bj0
Carlos Mateo,PIT,RP,06ics
Daniel Mateo,TEX,OF,05xp5
Juan Mateo,ATL,SS,06r2w
Shane Matheny,(N/A),1B,04euk
Juan Matheus,NYY,SS,066t9
Quinn Mathews,STL,SP,060gd
Jack Mathey,SD,C,06qii
Mark Mathias,(N/A),2B,03qkb
Dylan Mathiesen,PIT,SP,070dv
Ryan Mathiesen,HOU,RP,06qsy
Cole Mathis,CHC,1B,06j3h
Carter Mathison,PHI,OF,06pgl
Carlos Matias,TB,OF,06muy
Richard Matic,NYY,3B,06jd5
J.J. Matijevic,(N/A),1B,03dub
David Matoma,PIT,RP,06akq
Jacob Maton,TEX,SP,0669u
Delvis Matos,DET,OF,06amm
Dwayne Matos,CLE,SP,06v2q
Erick Matos,ATH,SP,06k87
Ewing Matos,MIN,OF,06ifl
Sean Matson,CLE,RP,06qu2
Shion Matsuo,(N/A),C,06qs2
Shinya Matsuyama,(N/A),SP,06kto
Case Matter,TEX,RP,06giq
Jason Matthews,CHW,SS,06taf
John Matthews,(N/A),RP,0516a
Micah Matthews,(N/A),3B,05u3t
Zack Matthews,(N/A),RP,05oh8
Connor Mattison,MIN,SP,06l3j
Tyler Mattison,DET,SP,05xom
Alex Mauricio,NYY,RP,06ahc
Brycen Mautz,STL,SP,062q0
Logan Maxwell,NYY,OF,070dd
Aiden May,MIA,SP,06mwh
Seth Mayberry,(N/A),RP,059c2
Brando Mayea,NYY,OF,05rez
Bryce Mayer,HOU,SP,06qra
Gunner Mayer,SEA,RP,0514a
Jacob Mayers,BOS,RP,06c5n
Mike Mayers,(N/A),RP,0316b
Kash Mayfield,SD,SP,06lp4
Diustin Mayorquin,MIL,SP,06yts
Niko Mazza,SF,SP,06qky
Charles McAdoo,TOR,3B,06f0z
Zach McAllister,(N/A),RP,01sfu
James McArthur,KC,RP,04pw3
Aric McAtee,CHW,RP,06twb
Michael McAvene,(N/A),P,0512h
Ben McCabe,COL,C,06alp
David McCabe,ATL,UT,06485
Zach McCambley,MIA,RP,05lb8
David McCann,NYY,C,070dc
Kyle McCann,ATH,C,0513b
Jordan McCants,MIA,"2B,SS",05xow
T.J. McCants,CHW,OF,06qqs
DJ McCarty,TEX,SP,05y5h
Ryan McCarty,TOR,SS,0669q
Will McCausland,CLE,SP,06zlg
Shane McClanahan,TB,SP,04mlt
Nik McClaughry,SD/SEA,SS,06gji
Dexter McCleon Jr,(N/A),1B,06igv
Zac McCleve,TB,RP,06hj4
Tommy McCollum,PHI,RP,068vt
Jacob McCombs,MIN,OF,06zlk
Mason McConnaughey,TEX,SP,06z7n
Cole McConnell,CHW,OF,06qhv
Alex McCoy,SD,OF,06qig
Kyle McCoy,CIN,SP,06av8
Ryan McCoy,TB,1B,06aht
Mac McCroskey,LAA,2B,06hnh
Ryan McCrystal,CIN,C,06qu4
Brody McCullough,CHC,SP,06655
Connor McCullough,CHW,SP,0662x
Morgan McCullough,(N/A),"2B,SS",051gn
Jake McCutcheon,MIA,OF,06zi3
Charlie McDaniel,SF,SP,06qin
Drew McDaniel,CHW,SP,0662w
Quinn McDaniel,SF,"2B,OF",06eks
Ryan McDonagh,KC,SP,06tvl
LJ McDonough,ATL,RP,06gj2
Tyler McDonough,BOS,"2B,OF",05ung
Tanner McDougal,CHW,SP,05xpj
Max McDowell,(N/A),C,03qrb
Micah McDowell,MIA,OF,06qps
Walker McDuffie,(N/A),RP,06uvx
Chris McElvain,TOR,SP,05zy8
Ethan McElvain,KC,SP,06ieu
Daniel McElveny,BOS/COL,C,05xyv
Alex McFarlane,PHI,"SP,RP",051jg
Aaron McGarity,CHW,RP,04env
Griff McGarry,PHI,RP,05uni
Haydn McGeary,CHC,1B,0603s
Cade McGee,STL,3B,062k8
Jonny McGill,LAA,OF,06zf2
Will McGillis,LAA,SS,06hh6
Connor McGinnis,NYY,2B,06yw9
Kevin McGonigle,DET,"3B,SS",05yby
Bryce McGowan,COL,RP,05y68
Christian McGowan,PHI,SP,05xpu
Kyle McGowin,(N/A),SP,031be
Cooper McGrath,SF,RP,06z4a
Teddy McGraw,SEA,RP,05yiv
Logan McGuire,CLE,RP,06qpj
Shane McGuire,ATH,C,05ynw
Mason McGwire,CHC,SP,05zdb
Max McGwire,ATH,1B,05zd8
John McHenry,WSH,SS,0669k
Brandon McIlwain,NYM,OF,05rda
Colton McIntosh,CHW,RP,06qkf
Paul McIntosh,PHI,"C,OF",05yi0
Dalton McIntyre,ATL,OF,06qof
Donovan McIntyre,SF,OF,05y4u
Brendan McKay,TB,SP,04afi
Tyler McKay,(N/A),RP,04pz8
Cooper McKeehan,(N/A),SP,065no
Aaron McKeithan,PIT,C,06lex
Evan McKendry,MIL/CHW,SP,0516m
Ryan McKenna,(N/A),OF,03qkw
Briggs McKenzie,ATL,SP,06rw3
Jared McKenzie,WSH,OF,05txw
Nick McLain,CHW,OF,05yis
Sean McLain,LAD,"1B,SS",05yax
Ben McLaughlin,ARI,3B,06que
J.D. McLaughlin,DET,OF,05yhs
Mark McLaughlin,CHW,RP,0657a
Trey McLoughlin,NYM,RP,06aqj
Tyler McLoughlin,NYM,SP,07032
Rylan McMahan,(N/A),SP,06yzt
Chris McMahon,(N/A),SP,04z5r
Hunter McMahon,(N/A),P,05170
Garrett McMillan,PIT,SP,06hw8
John McMillon,PHI,RP,0423z
Brennon McNair,KC,SS,05y0v
Caleb McNeely,MIN,OF,06uxr
Luke McNeillie,NYM,SP,068jh
J.D. McReynolds,TEX,RP,07038
Matt McShane,BOS,RP,06qtg
Jake McSteen,ATL,RP,06suw
Morgan McSweeney,MIA,SP,051cu
Sam McWilliams,MIL,RP,03dgk
Xavier Meachem,MIA,RP,06ek2
Jacob Meador,LAD,RP,06498
Austin Meadows,(N/A),OF,02k18
John Means,CLE,SP,03dim
Josh Mears,SD,OF,05121
Bryce Meccage,MIL,SP,06mnf
Kyler Meccage,(N/A),OF,06yzv
Kade Mechals,CHW,P,05mrh
Wade Meckler,SF,OF,066cn
Alexander Meckley,WSH,SP,06qnp
Adonis Medina,SEA/PHI,RP,03rrh
Albert Medina,ARI,OF,06sbs
Alver Medina,(N/A),3B,06lwk
Amilcar Medina,ATH,RP,06kvq
Brayan Medina,MIN,RP,0527d
Dilan Medina,(N/A),OF,06kxv
Elias Medina,LAD,SS,06cmq
Jhon Medina,COL,SP,06c38
Johandi Medina,TOR,RP,06r7t
Jose Medina,(N/A),1B,066s0
Juan Medina,BOS,SP,06mia
Luis Medina,ATH,"SP,RP",03zlf
Manuel Medina,BOS,RP,063u5
Nomar Medina,SF,SP,061zd
Raimel Medina,KC,OF,06v2a
Ramcell Medina,KC,SS,06ric
Raymer Medina,TB,SS,06rhw
Roberto Medina,TB,RP,06mmz
Ruben Medina,TEX,SP,06r0i
Yorfran Medina,LAD,1B,06c34
James Meeker,(N/A),RP,05upb
Chase Meggers,NYM,C,06zf1
Justin Meis,PIT,RP,05yng
Ryan Meisinger,CIN,RP,03qpx
Adriander Mejia,BAL,C,06kul
Enmanuel Mejia,PHI,RP,05w9d
Erick Mejia,WSH,3B,03mog
Esteban Mejia,BAL,SP,06jfn
Esteban Mejia,TEX,3B,06lvd
Francisco Mejia,WSH,C,03a95
Ian Mejia,ATL,SP,06585
Ismael Mejia,ARI,C,06sbv
J.C. Mejia,(N/A),RP,04o64
Jonathan Mejia,STL,2B,05ucg
Jose Mejia,BAL,SS,06biu
Jose Mejia,KC,SP,06rot
Naoel Mejia,PHI,RP,06uls
Omar Mejia,KC,"3B,SS",06r4k
Samuel Mejia,ATL,RP,06ktl
Sandy Mejia,HOU,SP,06fi0
Alvaro Mejias,BOS,RP,05xzy
Christian Mejias,MIL,SP,06aws
Manuel Mejias,CLE,C,05tcf
Yorberto Mejicano,(N/A),1B,05ykz
Ubert Mejías,SF,RP,06lfw
Alejandro Melean,(N/A),RP,04nkc
Adiel Melendez,ATL,SP,06zf6
Anderson Melendez,(N/A),RP,06rht
Cristofer Melendez,PIT,RP,06pfl
Edwardo Melendez,CHC,RP,06um1
Gustavo Melendez,PIT,SS,06z9u
Ivan Melendez,ARI,"1B,3B",060ih
Jaime Melendez,HOU,RP,05t5w
Yahil Melendez,CHC,SS,06fqw
Oscar Melgarejo,CLE,SP,06r1t
Leandy Mella,NYM,SS,06lwf
Bryan Mena,COL,SP,06l51
Ismael Mena,CHC,OF,0527e
Walvin Mena,ARI,RP,06bkx
Chipper Menard,BAL,RP,06qf0
Wes Mendes,HOU,SP,05u6j
Alberto Mendez,CLE,2B,060yp
Bryant Mendez,SEA,SS,06rs0
Franyer Mendez,CIN,SP,06o0t
Gerinton Mendez,MIA,SP,06klj
Hendry Mendez,PHI/MIN,OF,05rhb
Jeshua Mendez,ARI,C,06sbw
Jesus Mendez,CHW,RP,066r4
Joel Mendez,PIT,OF,06p5y
Jorge Mendez,COL,C,06ri1
Juan Mendez,MIN,RP,06rm2
Julio Mendez,MIA,SP,0620i
Leam Mendez,NYY,SP,066ok
Lenin Mendez,MIL,RP,06hsi
Luis Mendez,COL,SS,0620t
Miguel Mendez,SD,RP,06r8f
Romel Mendez,PHI,OF,064oj
Teofilo Mendez,ARI,SS,04z92
Wady Mendez,TEX,OF,066q7
Wuilberth Mendez,DET,SP,06rm0
Noah Mendlinger,STL,3B,06amj
Abdiel Mendoza,MIL,RP,06qxk
Brayan Mendoza,MIA,RP,05y66
Carlos Mendoza,DET,"2B,OF",05w7q
Damian Mendoza,(N/A),RP,04mll
Dante Mendoza,(N/A),P,04em9
Edwin Mendoza,ATH,RP,06ru1
Jordarlin Mendoza,NYY,RP,062l4
Jose Mendoza,CHW,SP,066o5
Ramon Mendoza,STL,2B,0507o
Vicente Mendoza,(N/A),OF,06rpn
Joseph Menefee,CIN,RP,066fu
Antonio Menendez,TB,RP,05ynz
Ruben Menes,STL,SP,06ifi
Joey Meneses,NYM,1B,03et7
Daniel Mengden,WSH,SP,03dav
Lorenzo Meola,SF,SS,06yy9
Richard Meran,NYY,OF,06aq7
Dylan Mercado,(N/A),3B,06r8m
Enderson Mercado,MIL,SP,06qzc
Estarling Mercado,NYM,1B,06szo
Jan Mercado,(N/A),C,04emr
Logan Mercado,ARI,RP,06uxq
Oscar Mercado,PHI,OF,02k19
Reidy Mercado,(N/A),OF,052kd
Abel Mercedes,HOU,RP,06me8
Ernesto Mercedes,NYM,RP,06kzd
Jeffrey Mercedes,CLE,SS,062zi
Jorge Mercedes,MIA,RP,06u75
Juan Mercedes,SF,RP,05yfj
Juan Mercedes,MIN,RP,06tlq
Manuel Mercedes,SF,SP,05itd
Miqueas Mercedes,MIL,SP,06u6f
Yasser Mercedes,MIN,OF,05ych
LJ Mercurius,ARI,SP,06v62
Hayden Merda,NYY,RP,066dn
Luis Merejo,CLE,1B,06awf
Nick Merkel,MIL,RP,0668h
Matt Merrill,DET,RP,06tlu
Caden Merritt,ATL,OF,06ytp
David Mershon,LAA,2B,06qt0
Miguel Mesa,BAL,RP,06um0
Victor Mesia,(N/A),C,05gsh
Carson Messina,TOR,RP,06qne
Cole Messina,COL,C,06k7q
Skyler Messinger,COL,SS,04etz
Zach Messinger,NYY,RP,05y71
Frankeli Mesta,PIT,SS,06r4d
Brian Metoyer,NYM,RP,05xws
Ben Metzinger,(N/A),1B,06499
Chase Meyer,CHC,RP,06ifa
Danery Meyer,SEA,RP,06qvi
Jake Meyer,(N/A),C,0665p
Nick Meyer,(N/A),C,04prk
Noble Meyer,MIA,SP,062yr
Chris Meyers,DET,"1B,OF",05yd8
Jose Meza,LAD,OF,06p7c
Kendal Meza,SEA,RP,06ag7
Luis Meza,TOR,C,05ygs
Moises Meza,COL,SP,06v2b
John Michael Faile,CIN,C,06rih
Trevin Michael,DET,RP,066d4
Fredy Michel,MIN,SS,05un6
Garrett Michel,(N/A),1B,06dqo
Eddie Micheletti Jr.,TOR,OF,06pid
Ryan Middendorf,MIL,RP,066cb
JB Middleton,COL,SP,06tf9
Keynan Middleton,(N/A),RP,031av
Daniel Mielcarek,LAD,2B,06hst
Frank Mieses,CHW,OF,06ux2
Luis Mieses,TEX,"1B,OF",04b10
Starlin Mieses,BAL,OF,070dk
Anthony Migliaccio,(N/A),OF,05tzd
Jose Miguel Rodriguez,NYY,SP,06uya
Yaikel Mijares,CLE,2B,06c3p
Jordan Mikel,CHW,RP,06qx7
Justin Miknis,PIT,C,06hse
Nick Mikolajchak,CLE,RP,05186
Matt Mikulski,SF/HOU/MIN,RP,05jrt
Bobby Milacki,TOR,RP,05ylf
Steven Milam,(N/A),SS,05yek
Abrahan Milan,CLE,RP,06qzg
Karson Milbrandt,MIA,SP,062z7
Spencer Miles,SF,SP,064no
Deylen Miley,HOU,SP,061ab
Michell Miliano,PIT,RP,04ajs
Justin Militello,ATL,RP,0664f
Anthony Millan,HOU,OF,06rme
Santiago Millan,(N/A),OF,062zs
Cameron Millar,KC,SP,06z7r
Aidan Miller,PHI,SS,05u36
Andrew Miller,SEA,C,06r00
Brad Miller,(N/A),"1B,2B",02brl
Brian Miller,MIA,OF,03doo
Cody Miller,ATL,3B,06yn2
Cole Miller,ATH,SP,06ekl
Darrien Miller,MIL,C,05175
Gage Miller,MIA,2B,06nud
Jacob Miller,(N/A),C,05xu3
Jacob Miller,MIA,SP,05yc3
Jake Miller,CLE,RP,05y4n
Jake Miller,DET,SP,066ch
Janero Miller,MIA,OF,066mv
Joe Miller,DET,SP,066bu
Mason Miller,KC,RP,06hw9
Noah Miller,LAD,SS,05ua6
Ryan Miller,DET,RP,06lte
Simon Miller,CIN,RP,06h22
Tyler Miller,BOS,"1B,3B",05y7p
Tyson Miller,CHC,RP,041rc
Lyle Miller-Green,CHW,1B,06qpg
Cody Milligan,ATL,2B,05171
Wyatt Mills,BOS/LAD,RP,0420t
Zane Mills,STL,RP,05xoe
Brennan Milone,ATH,1B,064wi
Tommy Milone,SEA,RP,021ue
Camden Minacci,LAA,RP,05tzf
Juan Minaya,MIN,RP,03yvx
Ryan Minckler,WSH,RP,06oof
Matt Minnick,(N/A),P,051he
Maykel Minoso,TOR,C,06sus
Hayden Minton,DET,SP,06fz9
Jorge Minyety,ARI,RP,06suy
Adolfo Miranda,NYM,OF,06ya1
Kevin Miranda,TOR,SP,066rh
Nestor Miranda,DET,3B,06ici
Andrew Misiaszek,CLE,RP,060xw
Daniel Missaki,TEX,RP,03db3
Blake Mitchell,KC,C,05y3q
Cal Mitchell,CHW/SF,OF,04eex
Derrick Mitchell,(N/A),OF,05u9u
Jase Mitchell,HOU,C,06zlj
Nick Mitchell,CLE,OF,06o0c
Ryan Mitchell,STL,SS,06y9v
Tucker Mitchell,TEX,"C,1B",05yag
Xavier Mitchell,LAA,SP,06zf5
Xavier Mitchell,LAA,SP,070dt
Justin Mitrovich,MIN,SP,0701p
Matthew Miura,STL,OF,06zbb
Hiroya Miyagi,(N/A),SP,06c1b
Tatsuki Mizuno,(N/A),SS,06ylp
Dalton Moats,(N/A),P,041yu
Chase Mobley,CLE,RP,05uc1
Andre Modugno,(N/A),3B,05yaj
Javier Mogollon,CHW,SS,06bsh
Osbriel Mogollon,(N/A),SP,066oc
Livan Moinelo,(N/A),SP,06aga
Alexander Mojica,(N/A),3B,051ld
Augie Mojica,ARI,RP,06uxz
Misael Mojica,WSH,3B,066pz
Chris Mokma,(N/A),P,05195
Raymond Mola,PIT,OF,066mm
Jeremy Molero,(N/A),RP,055ce
Moises Molero,CLE,OF,06amn
Christian Molfetta,(N/A),C,06kwk
Carlos Molina,(N/A),RP,06foc
Carlos Molina,(N/A),C,06rjb
Leosdany Molina,HOU,SS,060gi
Mason Molina,TEX/STL,SP,06gx3
Miguel Molina,DET,SP,06sc1
Ian Moller,TEX,C,05u9s
Josh Mollerus,TEX,SP,06gjd
Maddox Molony,DET,SS,06r79
Tommy Molsky,KC,RP,06qnr
Keito Mombetsu,(N/A),SP,06rsb
Gabriel Moncada,SEA,"1B,OF",05xuf
Yaki Mondesir,BAL,SP,06kvj
Nate Mondou,SD,"1B,2B",041xq
Yordanny Monegro,BOS,SP,06c28
Blake Money,BAL,SP,05zyc
Sam Mongelli,LAD,2B,06gjh
Nick Monistere,HOU,2B,06yq7
Caden Monke,KC,RP,05yo2
Jose Monserrate,MIA,OF,06426
Juan Monso,CHC,OF,06qa4
Joseph Montalvo,DET,SP,05yob
Daniel Montano,(N/A),OF,03ynb
Omar Montano,MIN,SP,06v3w
Angel Montero,NYM,SP,06uod
Daonil Montero,ARI,SS,06sbm
Darlyn Montero,ATH,1B,06v2c
Edgar Montero,ATH,SS,06icg
Elehuris Montero,(N/A),1B,03seg
Estivenzon Montero,NYY,OF,06kxr
Euri Montero,WSH,RP,06uq3
Fidel Montero,NYY/CHW,OF,05re8
Frederi Montero,MIL,SS,06kv3
Hans Montero,NYY,SS,05r5l
Jose Montero,CIN,SP,0689l
Juan Montero,BOS,C,05r5m
Neurelin Montero,TEX,C,06sul
Pedro Montero,MIA,SP,06y2w
Ricardo Montero,LAD,RP,06bkw
Willy Montero,NYY,OF,0637m
Bryce Montes de Oca,NYM,RP,03dnu
Lazaro Montes,SEA,OF,05rfc
Daniel Montesino,SD,OF,05rdp
Rafi Montesino,BOS,OF,06nlo
Carlos Monteverde,ATL,1B,06aq9
Benny Montgomery,COL,OF,05ray
Braden Montgomery,CHW,OF,05rcg
Carson Montgomery,SD,SP,05gws
Jordan Montgomery,ARI/MIL,SP,03dbo
Mike Montgomery,(N/A),RP,01s9g
Nick Montgomery,ATL,C,06onq
Torin Montgomery,MIA,1B,066li
Tayler Montiel,ARI,RP,06z0v
Christopher Montilla,LAA,RP,06rtl
Franyerber Montilla,DET,"2B,SS",064og
Jose Montilla,KC,C,06z63
Jose Monzon,TB,3B,06cmz
Bernard Moon,CIN,SS,06hsd
Bo-gyeong Moon,(N/A),1B,06ih9
Dong Ju Moon,(N/A),SP,06ibb
Alex Mooney,CLE,"3B,SS",05rci
Andrew Moore,CIN/SD,RP,0603o
Ben Moore,WSH,RP,06zba
Brock Moore,SEA,RP,06qhy
Brody Moore,STL,2B,066dk
Cole Moore,PHI,1B,066ai
Ethan Moore,(N/A),SS,070e7
Grayson Moore,CHC,RP,05tzb
Malcolm Moore,TEX,C,05y7u
Mason Moore,CHW,SP,06qrg
Matt Moore,BOS,RP,01fug
McKinley Moore,NYY,RP,051ai
Robert Moore,PHI,"2B,SS",05raq
Ryne Moore,MIL,SP,061bt
Wesley Moore,PHI,RP,06ih5
Darlin Moquete,(N/A),OF,058ta
Angelo Mora,CIN,C,06ri9
Chase Mora,MIL,2B,06alo
Javier Mora,CHW,2B,066o4
Juan Mora,CHC,"2B,3B",05wvs
Nick Morabito,NYM,OF,0630l
Accimias Morales,LAD,RP,05yhp
Coby Morales,NYY,OF,06how
Daje Morales,PIT,2B,061zs
Emil Morales,LAD,SS,06ibo
Francisco Morales,(N/A),RP,0436o
Gabe Morales,(N/A),SP,05j6y
Jeferson Morales,MIN,"2B,OF",0582y
Jesus Morales,KC,C,06rk1
Jonathan Morales,STL,C,03r05
Karlos Morales,(N/A),P,04evu
Michael Morales,SEA,SP,05uwp
Moises Morales,TEX,RP,06v2d
Yohandy Morales,WSH,"1B,3B",05js4
Brian Moran,ATL,RP,01sl8
Jefferson Moran,STL,SP,06c7c
Tyson Moran,KC,SS,070eh
Francisco Morao,BAL,SP,06aq2
Jhonny Morao,CHW,RP,06v24
Aneudis Mordan,BAL,"C,1B",060ou
Zane Morehouse,CLE,RP,06hwo
Luis Morejon,COL,OF,06uwj
Albert Morel,LAA,SP,06vy5
Braylin Morel,TEX,OF,06dq5
Darell Morel,PIT,SS,06r9r
Rafael Morel,(N/A),SS,0510b
Yohanse Morel,TEX,SP,04qng
Luis Morellis,CIN,SP,06muv
Estevan Moreno,SEA,2B,06z49
Gerson Moreno,ATH/STL,RP,03ppb
Johan Moreno,(N/A),SP,06tl2
Johan Moreno,SD,RP,06v2p
Koen Moreno,CHC,RP,05jqn
Luis Moreno,NYM,RP,04zb0
Luis Moreno,NYM,RP,0637o
Edgar Moreta,NYM,SP,06miq
Keeler Morfe,BAL,SP,06akv
Barrett Morgan,BOS,SP,070br
Blake Morgan,TB,SP,061bp
Chase Morgan,(N/A),SP,06l4x
Josh Morgan,SEA,"C,SS",03dao
Marcus Morgan,PHI,SP,06kki
Reid Morgan,(N/A),P,051a5
Tre' Morgan,TB,1B,05wrt
Tyler Morgan,SD,RP,06hwn
Zach Morgan,SF,C,0657p
Shotaro Morii,ATH,"SS,P",06r8u
Alfred Morillo,ARI,RP,06ooz
Dariel Morillo,BOS,SP,06mq7
Estivel Morillo,CLE,OF,06kvc
Jirvin Morillo,CIN,C,06mmt
Sergio Morillo,(N/A),RP,05rzw
Mike Morin,(N/A),RP,02n4y
Cody Morissette,MIA,2B,05uav
PJ Morlando,MIA,OF,06328
Jack Moroknek,WSH,OF,06yyl
Wilny Moron,COL,RP,05rcl
Andrew Morones,KC,RP,06qqo
Nick Morreale,(N/A),RP,051aq
Hueston Morrill,NYY,"SS,RP",066au
Andrew Morris,MIN,"SP,RP",0648r
Cody Morris,(N/A),RP,04ps8
Hayden Morris,(N/A),SP,071cs
Kade Morris,ATH,SP,06dqg
Mason Morris,CIN,SP,06yof
Zack Morris,COL,RP,06uxi
Jacob Morrison,MIL,SP,06y4i
Felix Morrobel,LAA,SS,066o7
Yeison Morrobel,TEX,OF,05rb7
Brendan Morse,(N/A),RP,06hos
Cody Morse,LAD,RP,06qnb
Gary Morse,(N/A),SP,06r71
Kadon Morton,(N/A),OF,051ew
Korey Morton,HOU,OF,06qju
Elias Moscoso,BAL,RP,067zi
Isaac Moscote,CHC,2B,06msx
Oddanier Mosqueda,STL,RP,05xxo
Deivis Mosquera,MIA,OF,066s3
Diego Mosquera,NYM,SS,05w80
Eiver Mosquera,MIA,SP,06kv9
Callan Moss,KC/PIT,1B,06pk8
Cooper Moss,(N/A),SP,06yug
Dean Moss,TB,OF,05y9c
Jack Moss,CIN,1B,06gjn
Wylan Moss,(N/A),SP,06v66
Gabe Mosser,PHI,SP,04zia
Alberto Mota,TEX,RP,06rtk
Eddy Mota,HOU,RP,06r45
Edgar Mota,KC,C,06rk2
Eliseo Mota,DET,RP,06rtj
Jorgelys Mota,WSH,3B,064wd
Drew Mount,(N/A),OF,04pza
P.J. Moutzouridis,MIN,SS,06l5h
Jeyson Moya,SF,SS,06qy2
Jonathan Moya,DET,OF,06qzt
Omar Moya,(N/A),C,067xs
Josh Moylan,NYY,"1B,3B",06hf5
Frank Mozzicato,KC,RP,05tcb
Christian Mracna,TOR,RP,06qj7
Adam Mrakitsch,(N/A),SP,06qiy
Zach Muckenhirn,SEA,SP,041wa
Zander Mueth,PIT,SP,05y3m
Armstrong Muhoozi,PIT,SS,06rkt
Cesar Mujica,PHI,C,06k7v
Jose Mujica,ATH,C,06rlb
Ren Mukunoki,(N/A),SP,06ibg
Nazier Mule,CHC,SP,05ubs
Chris Muller,(N/A),RP,04epi
Kyle Muller,(N/A),RP,041q4
Michael Mullinax,(N/A),OF,05y9b
Hayden Mullins,BOS,SP,05uc2
Anthony Mulrine,LAA,C,05rcc
Alan Mundo,SD,RP,067wv
Rui Muneyama,(N/A),SS,06shr
Ismael Munguia,NYY,OF,04pkx
Izeah Muniz,COL,RP,06zac
Albert Munoz,CHW,RP,06yta
Anderson Munoz,NYY,SP,05t26
Jean Munoz,SEA,RP,0637l
Maikol Munoz,SD,SS,0637f
Samuel Munoz,LAD,"3B,OF",05y7h
Victor Munoz,(N/A),RP,059zb
Yeuni Munoz,TOR,OF,05rgo
Jake Munroe,ARI/LAA,3B,06yy8
Kristin Munroe,LAA,3B,05yej
Aaron Munson,TOR,RP,06hn4
Munetaka Murakami,CHW,"1B,3B",05y3u
Shoki Murakami,(N/A),SP,06idg
Juan Murillo,SD,OF,063dp
Chandler Murphy,TB,SP,06hv6
Hayden Murphy,ARI,RP,05ydj
John Murphy,CIN,RP,06cn2
Kai Murphy,SD,OF,066a7
Luke Murphy,LAA,RP,05wbc
Owen Murphy,ATL,SP,062pm
Patrick Murphy,TEX,RP,031au
Ryan Murphy,STL,RP,05mrt
Shane Murphy,CHW,SP,066l9
Tom Murphy,SF,C,02t8m
Austin Murr,DET,OF,05xpz
BJ Murray Jr.,CHC,3B,05y6v
Ethan Murray,MIL,"2B,SS",05uc5
Ethan Murray,(N/A),SS,05udf
Tanner Murray,CHW,"2B,3B",05jrs
Zach Murray,CIN,SP,06ul2
Ivan Murzi,(N/A),C,04zxi
Andruw Musett,BOS,C,06cq3
Joe Musgrove,SD,SP,02bqy
Tucker Musgrove,SD,RP,06fql
Parker Mushinski,CLE,RP,04ei3
Cesar Muzziotti,BOS,SP,06r3f
Simon Muzziotti,(N/A),OF,03zxj
Tanner Myatt,(N/A),RP,04pvr
Carson Myers,TOR,RP,06yw8
Kole Myers,LAD,OF,06qi8
Mitch Myers,ATH,RP,066qu
Noah Myers,TB,OF,06o0o
Tyler Myrick,SF,RP,066r5
Alejandro Méndez,BAL,RP,06u6o
Deivis Nadal,KC,SS,05g4m
Demetrio Nadal,MIL,SS,06ds8
Joe Nahas,CHC,RP,05t29
James Naile,(N/A),RP,03qwi
Raisei Nakamura,MIA,RP,06qe3
Taishi Nakawake,CHW,3B,0662v
Anderson Nance,(N/A),RP,06uw5
Nate Nankil,ATH,OF,06fr1
Luke Napleton,MIN,C,06uml
Tyler Naquin,CLE,OF,02j2u
Joe Naranjo,WSH,1B,0512x
Andrew Nardi,MIA,RP,051c3
Brayan Narvaez,SF,SP,06rrh
Efrenyer Narvaez,(N/A),C,05xo1
Nick Nastrini,CHW/MIA/LAD,RP,05wbp
Samy Natera Jr.,LAA,RP,066dd
Packy Naughton,STL,RP,04ejl
Tim Naughton,DET,RP,060ve
Andrick Nava,MIL,C,051wm
Bryce Navarre,(N/A),SP,06rfu
Cristian Navarro,HOU,SP,06r59
Cristopher Navarro,(N/A),3B,03zxk
Diego Navarro,(N/A),RP,05xnu
Edgar Navarro,(N/A),RP,06avu
Reinold Navarro,PIT,SP,06mq3
Ruddy Navarro,SEA,SP,06iaz
Anderson Navas,PHI,C,06jfa
Andrew Navigato,DET,"2B,3B,SS",051fb
Myles Naylor,ATH,SS,06cqm
Brady Neal,CIN,C,05u37
Keaton Neal,(N/A),SS,06ykw
Vaughn Neckar,(N/A),SP,067z3
Brandon Neeck,LAD,RP,06589
Brandon Neely,BOS,RP,06mw1
Jack Neely,CHC,RP,05y7r
Juan Carlos Negret,(N/A),OF,04mr8
Felix Negueis,NYY,OF,068o0
Nick Neidert,CHC,RP,03pp0
Tyson Neighbors,SD/BAL,RP,06cq9
Cameron Nelson,COL,OF,06zad
Mat Nelson,CIN,C,05tq0
Nick Nelson,(N/A),RP,041r9
Riley Nelson,CLE,1B,06yk1
Tyler Neslony,CHW,OF,041us
Braden Nett,SD/ATH,SP,066a6
Dawson Netz,CHC,RP,06uq2
Mitch Neunborn,PHI,SP,06fsk
Dalton Neuschwander,BAL,SP,06yy7
Dylan Neuse,MIN,OF,060wo
Mason Neville,CIN,OF,06ute
Kyle Nevin,LAD,1B,064nl
Tyler Nevin,(N/A),"1B,3B,OF",03pok
Chris Newell,LAD,OF,05jws
DJ Newman,HOU,"OF,SP",06c5k
Ljay Newsome,SF,SP,03yt7
Austin Newton,COL,RP,06zab
Ben Newton,ATH,2B,06um6
Shervyen Newton,NYM,SS,04mjm
Xavier Neyens,HOU,3B,05yak
Cherif Neymour,MIA,SS,064ou
Jackson Nezuh,HOU,SP,06dlx
Roiber Niazoa,ATL,1B,06rqt
Kay-Lan Nicasia,MIL,SS,05y48
Mason Nichols,TB,RP,0701q
T.J. Nichols,TB,SP,05ucb
Ryan Nicholson,LAA,UT,06op0
Cameron Nickens,STL,OF,06v4y
Jackson Nicklaus,LAD,SS,06qpx
Angel Nieblas,ATL,3B,06cqo
Cy Nielson,PIT,RP,0649c
Quincy Nieporte,(N/A),1B,04odg
Hayden Nierman,BAL,RP,0664a
Hector Nieves,(N/A),2B,05yb2
Marlon Nieves,LAD,SP,06su3
Frank Nigro,(N/A),C,05rit
Peyton Niksch,MIL,SP,06zcj
Dominic Niman,TB,RP,06qwl
Arjun Nimmala,TOR,SS,05y3p
Lester Nin,MIA,SP,068vv
Yerald Nin,ARI,SS,061u3
Rikuu Nishida,CHW,"2B,OF",06gju
Haruki Nishikawa,(N/A),2B,05gdw
Vinny Nittoli,MIL/BAL,RP,05r0y
Maika Niu,NYY,SS,06ybc
Jormy Nivar,TEX,RP,06qfn
Spencer Nivens,KC,OF,06dn8
Aaron Nixon,NYY,RP,06hf4
Jack Noble,MIN/PIT,RP,06u6i
Yordan Nodal,HOU,RP,062jy
Stephen Nogosek,KC,RP,041so
Cameron Nohos,SD,RP,06zgp
Chance Nolan,NYY,OF,06su6
Connor Noland,CHC,SP,065iy
Rodolfo Nolasco,SF,OF,05g4n
Yohemy Nolasco,CHW,RP,061jb
Andres Nolaya,BAL,C,06rj5
Sean Nolin,(N/A),RP,02hia
Jake Noll,(N/A),1B,041tg
Jaden Noot,(N/A),SP,05ycg
Ethan Norby,CIN,SP,06rsd
Seth Nordlin,(N/A),P,04en1
Trey Nordmann,BAL,RP,06649
Dante Nori,PHI,OF,06ien
Franyer Noria,BOS,3B,064oy
Branden Noriega,CHC,SP,06587
Cruz Noriega,KC,RP,06s34
Takahiro Norimoto,(N/A),SP,03xu8
Ben Norman,CHW,OF,0637n
Satchell Norman,(N/A),"C,1B",066jr
Daniel Norris,(N/A),RP,025gw
Liam Norris,(N/A),RP,05lg2
Nicholas Northcut,CIN,3B,04pvt
James Norwood,NYY,RP,03dfs
Jacob Nottingham,SEA,C,031bm
Anderson Nova,MIN,OF,061zy
Jose Nova,MIL,RP,06um5
Josi Novas,KC,SS,061z8
Jackson Nove,CHW,RP,06zf4
Kevin Novoa,MIA,1B,06rhf
Tucker Novotny,ATH,RP,06qvp
Jaylen Nowlin,MIN,RP,060x0
Jemone Nuel,BAL,SS,06jfm
Abraham Nunez,CHW,OF,06ag3
Alejandro Nunez,HOU,SS,066s6
Andres Nunez,BOS,SP,0630q
Anthony Nunez,NYM/BAL,"3B,RP",057n0
Daniel Nunez,ARI,SP,06r8i
Darien Nunez,SF,RP,03xla
Edwin Nunez,(N/A),RP,05lt9
Elijah Nunez,WSH,OF,0603i
Ellian Nunez,NYM,SP,05rhz
German Nunez,TEX,SP,06phu
Henry Nunez,BOS,RP,05r5n
Irvin Nunez,MIN,1B,06rgj
Jorge Nunez,ATL,RP,06r5s
Juan Nunez,SD/BAL,RP,063a0
Juan Nunez,HOU,RP,06qzk
Lennyn Nunez,PIT,OF,06rlm
Malcom Nunez,PIT,"1B,3B",04rzr
Pablo Nunez,CIN,OF,06qzo
Pedro Nunez,COL,SP,06rt8
Rainer Nunez,TOR,3B,04xf0
Starlyn Nunez,BOS,3B,06cqq
Vicent Nunez,CHC,C,06rin
Zeus Nunez,SEA,3B,06r6q
James Nunnallee,(N/A),OF,06r20
Jordan Nwogu,CHC,OF,05jrm
Austin Nye,(N/A),C,067yo
Brady O'Brien,SEA,3B,06yw4
Jack O'Connor,LAD,RP,06agd
Ethan O'Donnell,CIN,OF,06dqq
Trennor O'Donnell,BOS,RP,06fpl
Griff O'Ferrall,BAL,SS,062k7
Connor O'Halloran,TOR,SP,06ekp
Brian O'Keefe,KC,C,03dg6
Jack O'Loughlin,COL,SP,04n1l
Conner O'Neal,LAD,C,06yy6
Matt O'Neill,ARI,C,051ff
Dylan O'Rae,MIL,"2B,OF",064nx
John O'Reilly,(N/A),RP,06r21
Tommy O'Rourke,NYY,RP,06yw5
Blaze O'Saben,MIN,OF,06uxp
Tanner O'Tremba,SF,OF,065v1
Kellan Oakes,HOU,RP,06z04
Joey Oakie,CLE,SP,06hf0
Cade Obermueller,PHI,SP,06id0
Jimmy Obertop,COL,C,06um4
Emilio Obispo,NYM,SP,06v2f
Juan Obispo,WSH,OF,06ajp
Ryan Och,SD,RP,05yfv
Nathaniel Ochoa Leyva,WSH,"3B,SS",0664i
Carlos Ochoa,MIA,RP,06klf
Jhonger Ochoa,DET,SS,06s4b
Nehomar Ochoa,HOU,OF,06fto
Nelvis Ochoa,COL,SP,05yem
Yoiber Ocopio,SD,C,06ekg
Jacob Odle,STL,SP,06hwr
Rougned Odor,(N/A),2B,026ly
Jake Odorizzi,(N/A),SP,01h4f
Shawndrick Oduber,KC/LAD,RP,06c2e
Adrian Ogando,WSH,RP,06ak7
Gerald Ogando,BAL,RP,06ig0
Joan Ogando,HOU,SP,06hwb
Jostin Ogando,BOS,1B,0700k
Luis Ogando,(N/A),3B,06eyo
Keshawn Ogans,ATL,SS,066fv
Shuto Ogata,(N/A),SP,06ktq
Braeden Ogle,PIT,RP,041rt
Rafael Ohashi,TOR,SP,05svl
Ryo Ohta,(N/A),2B,06smt
Michell Ojeda,PIT,3B,06r5g
Kazuma Okamoto,TOR,"1B,3B",06fzu
Chris Okey,LAD,C,03ywx
Yasunobu Okugawa,(N/A),SP,060z3
Billy Oldham,MIN,SP,06sbb
Wyatt Olds,BOS,RP,05xy1
Peyton Olejnik,LAA,SP,06pgo
Albert Oliva,DET,RP,066f9
Jared Oliva,MIL,OF,04eia
Ricardo Olivar,MIN,C,06437
Edward Olivares,(N/A),OF,04c8q
Jose Olivares,MIN,SP,06307
Helcris Olivarez,SF,RP,04yjb
Connor Oliver,PIT,RP,06l2t
Ronny Oliver,STL,SP,06c82
Michael Oliveto,DET,C,06xwb
Carlos Olivo,TOR,SP,06r6o
Christian Olivo,CHC,"2B,SS,OF",05y49
Adam Oller,(N/A),SP,0422w
Kleiber Olmedo,SD,RP,06sbd
Juan Olmos,KC,C,05yio
Johnny Olmstead,MIA,SS,06hod
Joe Olsavsky,ATL,SS,06gj1
Jon Olsen,NYY,SP,04pw4
Mat Olsen,SF,SP,05y74
Bryant Olson,WSH,RP,06qtb
Emmett Olson,MIA,SP,06ek6
JB Olson,(N/A),P,04ekl
Mason Olson,TOR,SP,06y08
Diego Omana,CIN,C,05yl2
Hunter Omlid,COL,RP,06qoi
Sann Omosako,TOR,SP,06mw6
Jorge Ona,SD,OF,0447s
Steven Ondina,BAL,SS,05jqb
Benjamin Onyshko,(N/A),P,03dpe
Andrews Opata,BOS,OF,06zf9
Casey Opitz,CHC,C,05jpj
Christian Oppor,CHW,SP,06f1q
Johzan Oquendo,(N/A),RP,051cp
Eliezer Orbe,SEA,RP,06r4h
Edgardo Ordonez,MIL,C,06rhn
Jesus Ordonez,COL,C,06ri3
Douglas Orellana,NYM,RP,06ax1
Erny Orellana,LAD,OF,06qxt
Josnaider Orellana,ATL,C,06rja
Brennan Orf,TOR,OF,06huf
Rafael Oropeza,PHI,SS,06rw7
Maikol Orozco,DET,"2B,3B",066m5
Brayan Orrantia,BAL,RP,06zin
Jorel Ortega,MIN,"2B,SS,OF",064nz
Jose Ortega,SD,RP,06ra8
Juan Ortega,BAL,C,06rj4
Oliver Ortega,NYM,RP,050ig
Rafael Ortega,NYM,OF,022vt
Raynerd Ortega,LAD,SS,06sao
Teodoro Ortega,TEX,SP,05r3j
Victor Ortega,MIA,C,066pr
Abimelec Ortiz,TEX,1B,05uv5
Andres Ortiz,DET,SP,06qyg
Angel Ortiz,ARI,OF,06r8h
Avery Ortiz,WSH,2B,06r77
Capri Ortiz,LAA,SS,06c2t
D'Angelo Ortiz,BOS,3B,05ilo
David Ortiz,TEX,1B,06r41
Deniel Ortiz,STL,3B,06pg4
Devin Ortiz,SD,"3B,P",066a5
German Ortiz,ATH,1B,062z9
Jankel Ortiz,MIN,SS,0657v
JeanPierre Ortiz,CIN,RP,06mdk
Jhailyn Ortiz,PHI,OF,03sgb
Jose Ortiz,SF,OF,06huj
Luis Ortiz,NYM,RP,03c63
Nicolas Ortiz,COL,C,06mdl
Raymel Ortiz,(N/A),SS,06ibz
Robin Ortiz,CHC,OF,06k89
Robinson Ortiz,LAD,RP,04mu1
Orlando Ortiz-Mayr,MIA,SP,06l0g
Juan Ortuno,MIL,OF,06mpm
Braden Osbolt,CIN,SP,06z05
Fran Oschell,LAA,RP,06bps
Ryan Osinski,NYY,RP,06zi4
Graham Osman,CIN,RP,06gio
Bryce Osmond,LAA,SP,051jq
Yojeiry Osoria,PIT,SP,060qo
Hector Osorio,TEX,OF,066s4
Isaac Osorio,ATL,OF,06qh8
Javier Osorio,DET,"3B,SS",05ydg
Manuel Osorio,CLE,SP,06sc2
Oswaldo Osorio,LAD,3B,061z0
Ricardo Osorio,ATH,RP,06sua
Erik Ostberg,(N/A),"C,1B",04emh
Matt Osterberg,PHI,SP,06hbo
Justin Osterhouse,(N/A),2B,06u1h
Taisei Ota,(N/A),SP,06rr4
Peniel Otano,ARI,SP,060p0
Tomo Otosaka,SEA,OF,06umk
Micah Ottenbreit,PHI,SP,05unj
Glenn Otto,HOU,RP,04egl
Jordan Ouanyou,CIN,1B,06yan
Daniel Ouderkirk,SEA,RP,06hp1
Fredderick Ovalle,PIT,2B,06ytv
Alexander Ovalles,TB,OF,04nh5
Layonel Ovalles,NYM,RP,062dw
Austin Overn,BAL,OF,06col
Connor Overton,NYM/TOR,RP,03doq
Adolfo Oviedo,PIT,RP,06u6n
Eduardo Oviedo,PIT,OF,06203
Ivan Oviedo,TEX,RP,05ymx
Juan Oviedo,CHW,C,066ru
Luis Oviedo,(N/A),SP,03zuo
Harry Owen,ATL,C,0664e
Hunter Owen,KC,SP,06y01
Noah Owen,CHW,SP,060qc
Braylon Owens,MIL,SP,06zcl
Josh Owens,TEX,SS,06vxu
Chris Owings,(N/A),OF,01s8o
Avery Owusu-Asiedu,PHI,OF,06gij
Brennen Oxford,MIN,RP,06umj
Jo Oyama,SEA,2B,06zf8
Darwing Ozuna,ATH,OF,06qhd
Fernery Ozuna,TEX,"2B,P",03b5a
Sandy Ozuna,COL,SP,06mmu
Miguel Pabón,CHC,C,06rit
Cristian Pache,ARI,OF,03xlc
Alberto Pacheco,COL,SP,05yen
Azaeel Pacheco,ATH,C,06r34
Brad Pacheco,PHI,SP,06rn1
Carlos Pacheco,ATH,OF,060gh
Freddy Pacheco,DET,RP,05y0s
Izaac Pacheco,DET,3B,05rax
Luis Pacheco,NYY,RP,06su7
Orlando Pacheco,(N/A),C,06r26
Simon Pacheco,BOS,RP,066ta
Christopher Paciolla,CHC,SS,0630i
Nick Paciorek,(N/A),P,0515t
Spencer Packard,SEA,OF,05yhu
Liam Paddack,CHW,RP,06qvr
Jaylen Paden,ATL,RP,06zf7
Leider Padilla,LAD,OF,06r39
Nicholas Padilla,PHI,RP,03qra
Yairo Padilla,STL,SS,06k81
Kevin Padlo,(N/A),1B,03deh
Jedixson Paez,BOS,SP,05xzr
Ricardo Paez,MIN,OF,06uv8
Ezequiel Pagan,LAD,OF,04q7h
Kanoa Pagan,(N/A),P,051ep
Charlie Pagliarini,SEA,3B,06hn6
Trey Paige,STL,2B,06hpp
Owen Paino,(N/A),SS,060mi
Andrew Painter,PHI,SP,05r3i
Isaac Palacio,HOU,RP,06qye
Brainerh Palacios,TB,C,06sap
Jesus Palacios,BAL,SP,067zk
Johan Palacios,MIA,RP,06c30
Luis Palacios,MIA,RP,04tp0
Nathaniel Palacios,TEX,1B,06kvk
Manuel Palencia,NYY,C,06rjq
Aaron Palensky,(N/A),OF,05t9c
Davis Palermo,COL,RP,0649g
Daniel Palka,(N/A),1B,02hqd
Peyton Pallette,CHW,RP,05u38
Alberth Palma,TB,SS,06ubv
Miguel Palma,HOU,C,05y3s
Moises Palma,TB,RP,06ulz
Ronaiker Palma,(N/A),C,04ug2
Damiano Palmegiani,TOR,"1B,3B",05wbq
Preston Palmeiro,LAA,1B,041t7
Dylan Palmer,PIT,2B,070bo
Jaylen Palmer,CHC,SS,04q4g
Trent Palmer,TOR,P,05jqm
Twine Palmer,HOU/BAL,SP,06qoh
Noah Palmese,TOR,RP,06zb9
Wen-Hui Pan,PHI,RP,068bz
Inohan Paniagua,STL,SP,05t92
Thomas Pannone,MIL,SP,031ce
Shane Panzini,KC,RP,05xoq
Stephen Paolini,(N/A),OF,0514c
Michael Papierski,(N/A),C,03dpc
Cole Paplham,SD,RP,066a4
Luis Parababire,ATL,C,06l55
Kevin Parada,NYM,C,05jrc
Eric Pardinho,TOR,RP,04ecd
Angel Paredes,LAD,OF,06rtq
Cesar Paredes,LAA,SS,06tzv
Enoli Paredes,ATL,RP,04ywp
Luis Paredes,COL,OF,05xxu
Luis Paredes,ARI,RP,06v6a
Mike Paredes,MIN,RP,06rtp
Wilkin Paredes,ARI,SP,06cmp
Javier Pariguan,ATH,C,06rl9
Trendan Parish,TB,RP,06zbc
Eddie Park,CHW,OF,06fpk
Hoy Park,ATH,"2B,OF",03mky
Ji Hwan Park,(N/A),2B,06rs8
Min-Woo Park,(N/A),2B,05rbq
Aaron Parker,TOR,C,06pg2
Brady Parker,COL,SP,06zae
Brandon Parker,(N/A),OF,0517s
Caedmon Parker,CHW,SP,05ual
Erik Parker,(N/A),SS,06afk
Jacob Parker,(N/A),OF,070ea
James Parker,SEA,SS,05yb5
JoJo Parker,TOR,SS,06se6
David Parkinson,(N/A),SP,04em0
Hunter Parks,CIN,RP,05y19
Wyatt Parliament,NYY,SP,06quh
Abraham Parra,SD,SP,06xzz
Andres Parra,BAL,RP,067yi
Jeffry Parra,(N/A),C,0426f
Nixon Parra,(N/A),RP,05y6c
Drew Parrish,CIN,RP,0515z
Hunter Parsons,(N/A),RP,051eb
Wes Parsons,(N/A),RP,03ao4
Nic Partridge,(N/A),3B,06y7g
Yovannki Pascual,SD,RP,06bn3
Paulshawn Pasqualotto,MIN,RP,06h1v
Duncan Pastore,NYY,3B,06qlp
Jose Pastrano,(N/A),SS,056j4
Samuel Pateti,TB,RP,06l0x
Sterling Patick,LAD,SP,06hoy
Luis Patino,SD,SP,04k22
Marco Patino,ATL,SP,06rs4
Orlando Patino,CHW,OF,06rku
Oswaldo Patino,LAA,2B,06imw
Wilderd Patino,(N/A),OF,04mmv
Andrew Patrick,PIT,OF,06qpi
Cole Patten,DET,SP,066j5
Hunter Patteson,KC,SP,06490
Myles Patton,BOS,SP,06r2p
Spencer Patton,ATH,RP,03jvx
Arthur Paul,WSH,OF,06qgt
Anderson Paula,(N/A),OF,06ibk
Truman Pauley,NYM,SP,06yy5
Alexis Paulino,NYY,RP,06v2e
Anderson Paulino,KC,RP,06tad
Brailyn Paulino,STL,RP,06c81
Eddinson Paulino,TOR,"2B,3B",05un1
Engel Paulino,MIL,OF,06mv6
Enzo Paulino,TB,1B,06maq
Jose Paulino,KC,OF,06bj5
Jose Paulino,MIA,SP,06jfo
Naswell Paulino,(N/A),RP,04k4v
Wilmis Paulino,COL,RP,06v2h
Keiderson Pavon,TEX,3B,060pc
Gerlyn Payano,MIL,OF,06rmc
Jeison Payano,BOS,RP,06uly
Nelfri Payano,CIN,RP,066r8
Limanol Payero,PIT,OF,0700x
Braylon Payne,MIL,OF,06kkf
Nate Payne,MIA,SP,06qp2
Tyler Payne,LAA,C,05xlb
Emilio Payro,HOU,SP,06z5c
Jack Payton,SF,"C,1B",06af5
Mark Payton,(N/A),OF,031eg
Karell Paz,(N/A),OF,061v4
Marcos Paz,(N/A),"1B,SP",06dne
Richard Paz,(N/A),C,0637y
Francisco Pazos,SEA,SP,06y02
Matt Peacock,TOR,RP,04euc
Jacob Pearson,(N/A),OF,04efu
Josh Pearson,(N/A),OF,05ud5
Shaddon Peavyhouse,SEA,RP,06ax6
John Peck,DET,2B,060uf
Ethan Pecko,HOU,SP,06f14
Cannon Peebles,CLE,C,06c5j
Zach Peek,MIL,RP,0514h
Ty Peeples,(N/A),OF,06r4z
Tai Peete,SEA,SS,06c7i
Antony Peguero,(N/A),OF,060x3
Esmerlin Peguero,(N/A),SP,06sud
Fernando Peguero,BAL,OF,06hnz
Francis Peguero,MIN,RP,060mj
Jeremy Peguero,(N/A),RP,06su5
Jhoan Peguero,BOS,OF,06mp5
Jonathan Peguero,TOR,C,05rjm
Juanfel Peguero,TB,2B,06beo
Odalys Peguero,(N/A),SS,05nny
Rafy Peguero,LAD,OF,06kle
Carlos Pelegrin,DET,OF,05rkm
Luis Pelegrin,(N/A),2B,06am4
CD Pelham,ATH,RP,03dwk
Mason Pelio,CIN,SP,05uc6
Connor Pellerin,(N/A),RP,05oh9
Colin Peluse,ATH,RP,0516o
Luke Pelzer,KC,OF,06zar
Jose Pena Jr.,PHI,RP,05y43
Adrian Pena,MIA,SP,06rjl
Alain Pena,HOU,SP,06mec
Ayendy Pena,CIN,RP,06v2g
Carlos Pena,DET,RP,05j8m
Dameury Pena,MIN,UT,06ek8
Daniel Pena,MIN,C,066ry
David Pena,SEA,SP,06r43
Elian Pena,NYM,SS,06m0g
Eliezer Pena,COL,SP,06c39
Emmanuel Pena,BAL,SP,06ut3
Erick Pena,KC,OF,050k3
Ezequiel Pena,CHC,2B,06o11
Fernando Pena,SF,C,06rn7
Francis Pena,SD,RP,064rr
Isaac Pena,MIN,3B,06u7b
Jefferson Pena,ARI,SS,05rkn
Joan Pena,MIL,SP,06z5n
Joandrew Pena,MIL,SS,06jh7
Jose Pena,(N/A),OF,05gdl
Luis Pena,MIL,"2B,SS",06j3f
Malvin Pena,(N/A),SP,04yj6
Manuel Pena,ARI,SS,05rbd
Ricardo Pena,MIN,C,066oo
Ronald Pena,CLE,"OF,P",02n7o
Sebastian Pena,SD,OF,06rrs
Viandel Pena,DET,2B,052ib
Victor Pena,KC,RP,066t7
Yahir Pena,BOS,C,06r7w
Yassel Pena,ATL,SS,06rtz
Yordalin Pena,STL,OF,060yx
Dalton Pence,TEX,SP,06qnt
Striker Pence,(N/A),3B,06rsi
Caleb Pendleton,LAA,C,05rg6
Dayne Pengelly,TOR,SP,06yw6
Ty Penner,PHI,1B,066ah
Jack Penney,DET,SS,06qie
Garrett Pennington,DET,1B,06qk4
Walter Pennington,TEX/BAL,RP,06kyc
Zach Penrod,BOS/LAD,RP,06fuv
Blake Penso,COL,C,070de
Gabel Pentecost,HOU,SP,06zgu
Ben Peoples,CHW,RP,051h5
Nick Peoples,WSH,OF,06583
Jake Peppers,CHW,RP,06fv5
Dominic Perachi,PIT,SP,062x6
Luis Perales,BOS,RP,05gd5
Angel Peralta,HOU,SP,06qww
Christopher Peralta,MIL,SP,06ky9
David Peralta,(N/A),OF,03d1m
Dexters Peralta,NYY,SS,06jfb
Fabio Peralta,(N/A),1B,062d0
Pedro Peralta,PHI,SP,06if5
Ramon Peralta,SF,SS,05rhr
Wily Peralta,(N/A),RP,01sfv
Jose Peraza,NYM,2B,02y27
Cole Percival,NYY/MIN,RP,061li
Alan Perdomo,(N/A),RP,0510h
Cesar Perdomo,SF,SP,06uhk
Jhonny Perdomo,KC,2B,06f07
Jose Perdomo,ATL,SS,067z8
Alejandro Pereira,ATH,C,06rl7
Sandro Pereira,HOU,2B,06cew
Wilfredo Pereira,STL,SP,0637p
Yordis Perera,(N/A),3B,061yv
Robert Perez Jr.,SD,"1B,OF",050ya
Adonys Perez,ARI,SP,06cey
Adrian Perez,(N/A),2B,05y4j
Alfonso Perez,SF,RP,064ns
Andy Perez,COL,"3B,SS",06aw7
Angel Perez,PIT,C,06ful
Angel Perez,CLE,RP,06rlr
Anthony Perez,(N/A),SP,06awc
Axel Perez,BAL,SP,06r80
Brayan Perez,SEA,RP,04ywz
Bryan Perez,COL,SP,05xuj
Carlos Perez,CHC,C,01suw
Carlos Perez,(N/A),"C,1B",03mkv
Carlos Perez,(N/A),C,05jq5
Cristian Perez,DET,OF,066m2
Daniel Perez,TOR,1B,06dmo
Darling Perez,NYM,SP,06rlh
Dayro Perez,(N/A),SS,059zr
Doilin Perez,COL,SP,064ox
Doimil Perez,WSH,SP,05y6m
Edelvis Perez,CLE,SP,06klm
Edgleen Perez,NYY/PIT,C,06iej
Eduardo Perez,HOU,OF,06aku
Elias Perez,SEA,OF,06rqq
Enyervert Perez,ARI,"1B,2B",06if1
Erigaldi Perez,CLE,SP,06aq1
Fernando Perez,TOR,SP,06ek7
Francisco Perez,ATH,RP,04al9
Hector Perez,PHI,RP,043ny
Hedbert Perez,MIL,OF,05g3l
Hernan Perez,(N/A),"2B,3B",021wf
Javier Perez,HOU,RP,06kzb
Jean Perez,COL,SS,06uj6
Jeral Perez,CHW,"2B,SS",061mj
Joe Perez,CHW,"1B,3B",04eez
Jose Perez,TB,SS,05r5t
Josh Perez,CLE,SP,06rt4
Joyner Perez,MIN,OF,06rvv
Juan Perez,SF,C,05ygk
Junior Perez,ATH,OF,0558r
Kener Perez,STL,SP,06c7m
Luis Perez,(N/A),OF,05yhz
Manuel Perez,ATH,SP,064p5
Marcelo Perez,SEA,SP,066lx
Marlon Perez,(N/A),RP,064qa
Michael Perez,ARI,C,02btc
Michael Perez,MIA,RP,06tn8
Miguel Perez,(N/A),OF,068yx
Miguel Perez,(N/A),OF,06mhv
Milkar Perez,(N/A),1B,0503r
Nico Perez,LAD,SS,064nj
Onil Perez,SF,C,063dr
Railin Perez,HOU,RP,060vw
Reylin Perez,DET/HOU,SS,0638i
Rickardo Perez,PHI,1B,05r5d
Robert Perez,MIA,OF,061rg
Roberto Perez,(N/A),C,021wh
Roberto Perez,SEA,RP,06qe4
Samuel Perez,CIN/MIN,RP,060w1
Sebastian Perez,TB,SP,06l0q
Steven Perez,CLE,RP,06s3j
Wilmer Perez,(N/A),C,04n94
Yeison Perez,MIL,OF,061xe
Yeri Perez,KC,RP,06ms4
Rafe Perich,TEX,3B,06qhx
Carlton Perkins,CHW,RP,06htj
Yonathan Perlaza,SD,OF,03xs7
Jose Peroza,(N/A),3B,04n96
Vincent Perozo,NYM,"C,1B",060mh
Aaron Perry,(N/A),P,04eno
Darius Perry,COL,C,06htp
Kamdyn Perry,TEX,SP,06hq0
Nolan Perry,TOR,SP,067xg
Tanner Perry,MIL,SP,06zck
Fabian Pertuz,(N/A),SS,04o0b
Cole Peschl,MIN,SP,06qru
Leonardo Pestana,NYY,RP,06awo
Drew Pestka,CIN,RP,06mee
Andrew Peters,LAA,P,051gi
Connery Peters,CHW,SP,06h04
DJ Peters,TEX,OF,041rb
Mason Peters,SEA,SP,06z3q
Mathew Peters,CHC,RP,066lu
Treyson Peters,PIT,RP,06zcq
Sam Petersen,WSH,OF,06o08
Austin Peterson,CLE,SP,061bn
Beau Peterson,HOU,3B,06r4n
Ben Peterson,SF,RP,06qil
Dustin Peterson,(N/A),OF,03114
Jace Peterson,(N/A),"3B,SS",02bqo
Kai Peterson,TOR,RP,06hnm
Liam Peterson,CLE,SP,05yc4
Nate Peterson,MIL,RP,0657r
Todd Peterson,WSH,RP,0515c
RJ Petit,DET,RP,060ui
Robbie Peto,LAD,SP,05oga
Jorger Petri,DET,RP,06tn9
Ian Petrutz,STL,OF,06op1
Ethan Petry,WSH,3B,05yff
Ben Petschke,HOU,RP,06hhi
Zion Pettigrew,WSH,3B,0669j
Tyler Pettorini,PHI,2B,06zff
Zach Pettway,CLE,SP,05riv
Jose Peña,BAL,SS,06rmb
Jake Pfennigs,ATH,RP,065nq
Cam Pferrer,SF,RP,06qim
Alex Pham,BAL,RP,06bkt
Roman Phansalkar,LAA,RP,065jh
Tre Phelps,PIT,OF,06mie
Beau Philip,TOR,SS,05125
Brett Phillips,(N/A),OF,02mzx
Cole Phillips,SEA,SP,05yma
Dylan Phillips,LAA,RP,0657m
Marcus Phillips,BOS,SP,06utf
Trace Phillips,TB,1B,06zcp
Alex Philpott,TB,RP,06yjr
Jackson Phipps,ATH,SP,05jqx
Tim Piasentin,TOR,3B,06z7i
Coleman Picard,KC,RP,06f1l
Bladimir Pichardo,PIT,RP,06ifg
Jank Pichardo,HOU,RP,06ulx
Kervin Pichardo,PIT,"2B,3B,SS",060qn
Starlyn Pichardo,CHC,RP,06exo
Cannon Pickell,MIA,RP,06zi5
Ryan Picollo,SEA,OF,06qht
Domenic Picone,STL,RP,06v69
Carson Pierce,TOR,RP,06kyu
Daniel Pierce,TB,SS,06se8
Angel Pierre,(N/A),3B,066qa
Louis Pierre,(N/A),OF,06204
Mauricio Pierre,(N/A),OF,05rk6
Mason Pike,(N/A),SS,070e9
Anderson Pilar,ATL/MIA,RP,06qx2
Jake Pilarski,LAD,RP,067xx
Dominic Pilolli,(N/A),OF,060uy
Jeremy Pilon,TB,SP,06hp3
Antonio Pimentel,PIT,2B,06v31
Brandon Pimentel,WSH,OF,06hj5
Luis Pimentel,CIN,RP,06v2o
Rudit Pina,ATL,SP,06ru7
Darlin Pinales,ARI,RP,066q6
Enmanuel Pinales,SD,SP,064s2
Yostin Pinales,ATL,SP,06ruk
Fidel Pinango,NYM,3B,06ru5
Yohendrick Pinango,TOR,OF,04z8z
Andrew Pinckney,WSH,OF,06ek5
Rashawn Pinder,TEX,OF,06qa3
Alen Pineda,ATL,C,06rh6
Esmith Pineda,CIN,OF,05ykv
Euri Pineda,COL,RP,06rh5
Israel Pineda,(N/A),C,04b3d
Jack Pineda,KC,"2B,3B,SS",0662k
Leandro Pineda,PHI,"1B,OF",060uv
Leonardo Pineda,TB,OF,06ibs
Luis Pineda,CHW,C,066o3
Pedro Pineda,ATH,OF,05iyv
Queni Pineda,NYY,C,06kxw
Aaron Pinero,TB,SS,06k7x
Yander Pinero,ATL,RP,06qws
Luis Pino,STL,OF,05uob
Yassel Pino,(N/A),2B,057n1
Riley Pint,CLE,SP,03yxv
Andrew Pintar,MIA,OF,0648a
Adrian Pinto,TOR,2B,05j6w
Avinson Pinto,BOS,SS,06mpv
Jean Pinto,HOU,SP,05r16
Jesus Pinto,DET,OF,06k7u
Jose Pinto,ATH,SP,06ru8
Juan Pinto,SEA,SP,05rh6
Nick Pinto,CHW,SP,06ooe
Rene Pinto,ARI/TOR,C,040fw
Ricardo Pinto,(N/A),RP,03mol
Santiago Pinto,DET,OF,06ru6
Konner Piotto,TEX,C,06r0j
Kenny Piper,TB,C,05y6t
Dominic Pipkin,PHI,RP,04ptv
Jose Pirela,CLE,OF,06c35
Yorvi Pirela,ATL,RP,064vw
Jhonny Piron,TB,OF,05r57
Dominic Pitelli,CIN,SS,06fr0
Emilien Pitre,TB,2B,06nua
Jose Pitre,ARI,OF,06sbn
C.J. Pittaro,ATH,SS,06ujn
Eli Pitts,CIN,OF,06zfm
Tyler Pitzer,SD,SP,06l5e
Blake Pivaroff,DET,RP,06hof
Adrian Placencia,LAA,"2B,SS",056j6
Erison Placencia,(N/A),SS,058zd
Geovanny Planchart,PIT,C,05rjl
Alexfri Planez,(N/A),OF,04z6j
Michael Plassmeyer,TEX,RP,04pqg
Axiel Plaz,PIT,"C,1B",0622o
Zach Plesac,STL,SP,041wu
Peyton Plumlee,(N/A),RP,0570w
Adam Plutko,CIN,SP,02hi4
Chase Plymell,CHW,RP,06qx8
Nick Podkul,CHW,"1B,3B",04psi
Andrew Pogue,DET,RP,06zh6
Marcos Pol,ATL,SP,06r7s
Jake Polancic,MIL,RP,041wi
Albert Polanco,MIA,RP,066o1
Andy Polanco,SF,OF,06qo5
Brandison Polanco,(N/A),RP,06tma
Brayan Polanco,(N/A),RP,06tmb
Bryan Polanco,WSH,SP,060go
Cristopher Polanco,TOR,SS,06r9c
Dariel Polanco,SD,RP,06tme
Julio Polanco,PHI,RP,06r33
Moises Polanco,MIL,2B,06tmd
Narciso Polanco,TB,2B,066s7
Natanael Polanco,MIA,RP,06tmc
Ronny Polanco,(N/A),3B,05g4c
Shalin Polanco,PIT,OF,05kel
Jared Poland,MIA,SP,064o5
Kaden Polcovich,SEA,OF,05lnl
Andrew Politi,BOS,RP,04pyu
Chandler Pollard,TEX,2B,0648b
Triston Polley,TEX,RP,060vd
Davis Polo,ATL,SP,06nyu
Jairo Pomares,SF,OF,04ru8
TJ Pompey,(N/A),SS,06ktr
Cody Ponce,TOR,SP,03pj4
Eduardo Ponce,SEA,C,06mpk
Isaac Ponce,SD,C,06rnh
Blaze Pontes,ATH,RP,066jf
Thomas Ponticelli,(N/A),RP,04pvy
Trey Pooser,TB,SP,06qut
Bryan Pope,STL,SP,0626s
Broedy Poppell,SF,C,06z3r
Sean Poppen,LAA,RP,0422f
Robby Porco,LAD,RP,06z0o
Danny Portel,NYM,RP,06rto
Brock Porter,TEX,RP,05u6h
Edgar Portes,BAL,RP,06drr
Ovis Portes,CIN,RP,06m9q
Yeferson Portolatin,STL,SS,06v27
Leuris Portorreal,WSH,SP,06mdb
Roilan Portuondo,PIT,RP,06v60
Owen Pote,CIN,SP,06uxh
Logan Poteet,CHC,C,070d1
Nick Potter,HOU,RP,06zfo
Nikau Pouaka-Grego,PHI,3B,061t0
Caden Powell,HOU,3B,06pq6
Holden Powell,WSH,RP,05jqt
Peyton Powell,TOR,3B,06qj9
Walker Powell,CHC,SP,06421
Miguel Pozo,NYY,SP,060qs
Abis Prado,BOS,RP,06r48
Arnold Prado,CHW,OF,066o2
Elio Prado,PHI,OF,051wn
Eric Prado,MIL,SP,06fu6
Santiago Prado,PHI,3B,06rl0
Ryan Prager,CLE,SP,06kwo
Anthony Prato,PIT,"2B,3B,OF",0515d
Yoniel Prats,SD,RP,06bn2
Cooper Pratt,MIL,SS,067xj
Karniel Pratt,HOU,OF,06dqa
Nick Pratto,KC,1B,04b08
Sam Praytor,MIA,C,05y0z
Reginald Preciado,CHC,SS,056j2
Christian Pregent,(N/A),C,06gje
Jesus Premoli,CHW,3B,06jh2
Sandy Presbot,MIA,SS,06ytx
Peyton Prescott,NYM,RP,06zfq
Yimi Presinal,KC,RP,06cge
Collin Price,HOU,"C,1B",065j4
Dawson Price,DET,RP,06qom
Patrick Pridgen,DET,RP,065v9
Connor Prielipp,MIN,SP,05joq
Micah Pries,CLE,1B,0519s
Franklin Primera,BOS,C,06yyn
Connor Prins,SEA,SP,06c3l
William Privette,TEX,RP,06hus
Ford Proctor,(N/A),"1B,3B",04pph
Jurdrick Profar,CHW,SS,06kkl
Owen Proksch,TEX,RP,070c2
Michael Prosecky,COL,SP,0633d
Austin Pruitt,ATH,RP,0315n
Robert Puason,ATH,OF,04n1d
A.J. Puckett,CHC,RP,041pt
Brady Puckett,(N/A),P,04enu
Israel Puello,(N/A),SP,04vep
Luis Puello,NYY,C,06rjr
Robert Puente,MIA,RP,06mvc
Jorge Puerta,(N/A),C,05yl5
Oscar Pujols,COL,RP,06ic8
Owen Puk,WSH,RP,06zbd
Sebastian Pulido,MIN,RP,06v2n
Andrew Purdy,(N/A),3B,06r87
Jarren Purify,(N/A),SS,060uc
Blake Purnell,TOR,RP,062e1
Matt Pushard,MIA,RP,0665x
Josh Pyne,(N/A),3B,062eb
Kenyi Pérez,CHC,RP,06rmz
Zack Qin,SD,RP,0657d
Jordan Qsar,PHI,OF,04q73
Juniel Querecuto,(N/A),3B,048vs
Jeferson Quero,MIL,C,05gss
Luis Quesada,HOU,"1B,OF",06het
Dylan Questad,MIN,RP,06f0w
Andrew Quezada,(N/A),SP,04es2
Johan Quezada,MIA,RP,03atm
Joshua Quezada,MIL,RP,06kgm
Junior Quezada,DET,OF,067zn
Yunior Quezada,LAD,SS,06mpw
Riley Quick,MIN,SP,06rrl
Stephen Quigley,CIN,RP,06qk8
Braden Quinn,ARI,SP,06qsz
JT Quinn,BAL,RP,06ybe
James Quinn-Irons,TB,OF,06vxv
Luis Quinones,TOR,SP,05u31
Josueth Quinonez,PHI/DET,OF,06p5o
Adrian Quintana,SEA,RP,05ylq
Jorge Quintana,MIL/SD,SS,06ibm
Marlon Quintana,PIT,SP,06r1s
Pedro Quintana,MIL,SP,05t9a
Roiner Quintana,HOU,OF,06igh
Roismar Quintana,(N/A),OF,05aom
Yulian Quintana,PIT,RP,06uq1
Cesar Quintas,SEA,OF,06nu8
Alison Quintero,(N/A),C,04b3c
Eduardo Quintero,LAD,OF,06c79
Geraldo Quintero,ATL,OF,061ye
Malcom Quintero,(N/A),C,05yfe
Marlon Quintero,LAA,C,06tsw
Welington Quintero,(N/A),RP,05xzw
Alexi Quiroz,HOU,C,06mmy
Christopher Quiroz,SEA,SP,06s38
Esteban Quiroz,(N/A),2B,04m7n
Nelson Quiroz,LAD,C,062h6
Nelson Rada,LAA,OF,05yib
Baron Radcliff,(N/A),"1B,OF",05lg5
Shane Rademacher,SF,SP,06u6c
Adriel Radney,ARI,OF,06hyp
Stefan Raeth,SEA,RP,066dj
Blake Ragsdale,(N/A),SS,06r72
Josiah Ragsdale,MIL,OF,06zi7
Bryce Rainer,DET,SS,05yai
Max Rajcic,STL,SP,05jqv
Jack Ralston,MIA,RP,0515j
Kole Ramage,CHW,SP,0662t
Blake Rambusch,SEA,3B,066jw
Felix Ramires,COL,RP,06qx1
Abiezel Ramirez,(N/A),SS,04yma
Abrahan Ramirez,MIA,3B,06ax7
Adolfo Ramirez,(N/A),RP,05aap
Aldo Ramirez,WSH,RP,04z9g
Alex Ramirez,NYM,OF,0526a
Alexander Ramirez,(N/A),OF,04yd0
Amauri Ramirez,HOU,OF,06kvi
Angel Ramirez,KC,OF,070dn
Emmanuel Ramirez,(N/A),SP,03zxg
Enmanuel Ramirez,WSH,OF,05y5t
German Ramirez,HOU,SS,06asu
Harold Ramirez,(N/A),UT,02i3m
Irwin Ramirez,PIT,SP,06kln
Jawilme Ramirez,STL,RP,063gl
Jean Ramirez,KC,OF,05y50
Jorge Ramirez,SF,C,06rn6
Jose Ramirez,DET,RP,06qx9
Jose Ramirez,DET,OF,06rse
Josias Ramirez,CHC,OF,067zl
Keiverson Ramirez,STL,SP,06bpw
Kelvin Ramirez,LAD,RP,05r6e
Lucas Ramirez,LAA,OF,068nf
Luis Ramirez,TEX,RP,05zy9
Manni Ramirez,TEX,OF,06k80
Micael Ramirez,(N/A),C,05ux7
Nick Ramirez,(N/A),RP,026mp
Pedro Ramirez,CHC,"2B,3B,SS",05vy9
Rafael Ramirez,WSH,"2B,SS",061zl
Rafael Ramirez,(N/A),2B,066rd
Ramon Ramirez,LAA,UT,0620u
Ramon Ramirez,KC,C,06cn0
Raynier Ramirez,LAD,3B,06gxb
Richard Ramirez,PIT,C,06ma4
Ronald Ramirez,DET,SS,06owd
Ruben Ramirez,SEA,RP,06v2m
Wanmer Ramirez,DET,RP,06ump
Wilmer Ramirez,SD,SP,06c2f
Yeuri Ramirez,MIL,SP,06ro3
Randy Ramnarace,KC,RP,06zaq
Dariel Ramon,TOR,SS,06xzw
Eriandys Ramon,CHC,"3B,SS",06lvo
Albert Ramos,DET,SP,06uv9
Alex Ramos,BAL,SP,06qk0
Anderson Ramos,MIN,RP,06v2l
Eury Ramos,(N/A),RP,05ybm
Fernando Ramos,PHI,RP,06umo
Hector Ramos,BOS,SS,06rnt
Henry Ramos,CIN,OF,029ur
Henry Ramos,KC,OF,05yho
Javier Ramos,COL,SP,066f5
Johan Ramos,ATL,RP,06o0j
Jose Ramos,LAD,OF,050vp
Jose Ramos,ATH,OF,06ick
Jose Ramos,SF,SS,06uhe
Lenerd Ramos,(N/A),RP,060ot
Porfirio Ramos,HOU,RP,06uma
Raylin Ramos,BAL,OF,06akz
Renil Ramos,CLE,RP,06umn
Reynell Ramos,KC,SP,06sc0
Santiago Ramos,ARI,C,06r2n
Wilkin Ramos,PIT,RP,04yk8
Yaisel Ramos,STL,OF,06kxk
Garrett Ramsey,BOS,SP,066jc
Lane Ramsey,MIA,RP,04q57
Ryan Ramsey,KC,SP,061a6
Josh Randall,DET/WSH,SP,06nuh
Jonathan Rangel,MIL,SS,06yxg
Raul Rangel,(N/A),RP,05iyo
Trey Rangel,(N/A),SP,06mwa
Alex Rao,PHI,RP,064na
Nick Raposo,SEA,C,05yf5
Shawn Rapp,CLE,SP,066fs
Tyler Ras,COL/HOU,RP,05y2i
Bodi Rascon,(N/A),RP,051ao
Carter Rasmussen,BOS,RP,06z0u
Connor Rasmussen,KC,2B,06zau
Eric Rataczak,MIA,1B,06qr3
Luis Ravelo,BOS,SS,05rds
Rangel Ravelo,(N/A),1B,02hhz
Dylan Ray,ARI,SP,062e2
Johnny Ray,LAA,SP,05yoc
Marco Raya,MIN,SP,05mrp
Cole Raymond,LAA,SP,06z06
Elian Rayo,SF,3B,05unz
Oscar Rayo,KC,RP,06ftu
Tanner Reaves,(N/A),2B,06k7o
Ryan Reckley,SF,2B,05ude
Joe Record,(N/A),RP,05y2g
Joe Redfield,LAA,OF,06dqt
Chandler Redmond,(N/A),1B,055qq
Zachary Redner,LAA,RP,06qok
Iker Redona,CIN,SP,06uq0
Carlson Reed,PIT,RP,06hvy
Michael Reed,(N/A),OF,03yk5
Tyree Reed,(N/A),OF,05rb6
Jackson Rees,TOR,SP,04y7y
Ace Reese,SEA,OF,06r7c
Jakson Reetz,NYM/BAL,C,03dan
Nicholas Regalado,KC,RP,0664u
Tyler Reichenborn,(N/A),OF,05a2t
Dominick Reid,CHC,SP,06rua
Rocco Reid,ARI,RP,06qry
Simon Reid,(N/A),C,066dc
Sean Reid-Foley,NYM/ARI,RP,03d7a
Evan Reifert,TB,RP,05y0r
Patrick Reilly,BAL,SP,05jpm
Vince Reilly,ATH/CHC,RP,065iv
Jacob Reimer,NYM,3B,06481
Jake Reindl,(N/A),P,04q0c
Jack Reinheimer,(N/A),SS,031b6
Livan Reinoso,LAD,RP,0665t
Tom Reisinger,ATH,RP,06gim
Jason Reitz,MIN,SP,06z7m
Chris Rembert,PIT,2B,06uw6
Zach Remillard,CHW,3B,041va
Jacob Remily,CLE,SP,06qqw
Anthony Rendon,LAA,3B,01tt9
Chase Renner,MIA,RP,06zi6
Marcel Renteria,NYM,P,04ehw
Tyler Renz,MIL,SP,06qp3
Carlos Renzullo,COL,2B,06pp3
Alexander Requena,MIA,C,06rhd
Angel Requena,WSH,3B,06qgz
Drew Rerick,(N/A),SP,06r4t
Bladimir Restituyo,MIL,OF,04ofm
Adam Retzbach,BAL,"C,1B",066lk
Peson Revierre,CIN,OF,06o0s
Dusty Revis,SEA,SP,06z3s
Carlos Rey,ARI,RP,06hpw
Adinso Reyes,(N/A),SS,04xo4
Alan Reyes,STL,RP,06umu
Alex Reyes,(N/A),RP,02yek
Angel Reyes,(N/A),SP,06qyt
Carlo Reyes,CHC,SP,05j8x
Christofer Reyes,NYY,SS,06kxy
Dalvinson Reyes,BOS,SP,06k7y
Denyi Reyes,(N/A),SP,040fv
Elvis Reyes,SD,RP,06mf9
Emmanuel Reyes,KC,SP,0663r
Endry Reyes,TOR,SS,06qy4
Felix Reyes,PHI,OF,05xp6
Franyerson Reyes,DET,SP,06nr9
Gabriel Reyes,DET,SP,060og
Gerardo Reyes,(N/A),RP,03mm1
Howard Reyes,DET,C,06y1k
Jan Luis Reyes,CHC,OF,06qkh
Jean Reyes,(N/A),RP,06tl7
Jeremy Reyes,ATL,SP,06idh
Jhomnardo Reyes,MIN,OF,06rvw
Jhon Reyes,KC,RP,06v2k
Jimmy Reyes,SD,RP,06uh6
Jose Reyes,(N/A),OF,04vev
Jose Luis Reyes,SD,SP,061yh
Josmir Reyes,NYM,C,06ra9
Luis Reyes,(N/A),RP,03bv8
Luis Reyes,CIN,1B,05rk7
Luis Reyes,CHW,SP,066m7
Maicol Reyes,TEX,RP,06qyh
Raudy Reyes,ATL,SP,06r99
Ricardo Reyes,ATH,SP,06suf
Ripken Reyes,(N/A),"2B,SS",05af0
Samuel Reyes,(N/A),OF,05yl6
Victor Reyes,CHW,OF,02zm9
Yeiker Reyes,COL,OF,06c1o
Yokelvin Reyes,LAA,RP,06umt
Emanuel Reyna,BOS,OF,06r54
Elias Reyno,ATL,OF,06vy6
Cole Reynolds,CHC,1B,06rsu
Dario Reynoso,SF,SS,06uw7
Franniel Reynoso,WSH,SP,06r53
Juan Reynoso,MIA,RP,06cqc
Eric Reyzelman,NYY,RP,064n7
John Rhodes,LAD,"1B,OF",05rf7
Sulivan Ribeiro,(N/A),SP,05y6p
Ibrain Ricardo,SD,2B,06r5j
Yandel Ricardo,KC,SS,06ibq
Jake Rice,ARI,RP,05yhb
Owen Rice,STL,SP,06qoj
Kendy Richard,ATL,SP,06qy5
Kevin Richards,(N/A),1B,04azd
Alonzo Richardson,CLE,SS,05r5r
Grant Richardson,NYY/MIA,OF,05m6b
Grant Richardson,ATH,SP,06yvu
Riangelo Richardson,CIN,3B,06qgv
Tre Richardson,STL,2B,06hte
Nick Richmond,BAL,RP,06s33
Caleb Ricketts,PHI,C,065jf
Barrett Riebock,CLE,OF,06hok
Cal Riehl,SD,RP,06zh5
Justin Riemer,BOS,SS,06f0r
Dennys Riera,SF,SS,0637i
Jose Riera,CLE,SS,06s9y
Pedro Riera,MIL,SS,05un7
Rustan Rigdon,(N/A),SS,06kkh
Roc Riggio,NYY/COL,2B,060fx
Brayan Rijo,(N/A),OF,05t6r
Leonard Rijo,MIL,SS,06z5d
Trey Riley,ATL,RP,04pr5
Will Riley,SEA,RP,06qkw
Alexander Rincon,BAL,OF,06qxz
Bryan Rincon,PHI,SS,066lf
Hancel Rincon,STL,SP,06mil
Heriberto Rincon,NYM,OF,06aki
Gabriel Rincones Jr.,PHI,OF,0630f
Logan Rinehart,BAL,RP,051c4
Alberto Rios,LAA,UT,06cmc
Alejandro Rios,ARI,C,06rjh
Alvaro Rios,CHW,C,06rij
Edwin Rios,CIN,3B,03qlr
Jesus Rios,KC,RP,06bl0
Nestor Rios,MIA,C,06rhc
Yacksel Rios,NYM,RP,02bzl
Brayden Risedorph,CHC,RP,06qop
Braydon Risley,SF,RP,06z3t
Erik Ritchie,PHI,RP,06qog
J.R. Ritchie,ATL,"SP,RP",05tzo
Jamie Ritchie,PIT,C,03dn2
Kollin Ritchie,(N/A),OF,06r7a
Luke Ritter,PHI,"1B,2B,3B,OF",0515g
Alfonso Rivas,(N/A),"1B,OF",04pq6
Gustavo Rivas,(N/A),RP,05tij
Harold Rivas,BOS,OF,06qhb
Javier Rivas,PIT,"3B,SS",05ity
Jeremy Rivas,(N/A),SS,05iyh
Kevin Rivas,CLE,1B,06ri5
Xavier Rivas,NYY,SP,06pg1
Yensi Rivas,NYM,SS,06ic4
Yosneiker Rivas,SF,SS,06aks
Geo Rivera Jr.,CLE,SP,065nm
Alejandro Rivera,CLE,SP,06r1m
Angel Rivera,ATH,C,062l5
Belfi Rivera,ARI,OF,06ibx
Blake Rivera,(N/A),P,04pq8
Bryan Rivera,MIL,RP,066qy
Eduardo Rivera,BOS,SP,05y40
Erik Rivera,BOS,RP,0513h
Javier Rivera,CIN,SP,061yo
Josh Rivera,TOR,SS,051gu
Laz Rivera,CHW,SS,04rhj
Miguel Rivera,BOS,C,06riw
Raudy Rivera,CLE,RP,06bse
Yaqui Rivera,BAL,RP,061oc
Angel Rivero,TOR,SP,06tl1
Eliezer Rivero,LAA,C,06imv
Eryks Rivero,MIL,OF,06ro4
Gabriel Rivero,HOU,RP,06rlz
Jesus Rivero,MIL,RP,06cee
Jonathan Rivero,PIT,UT,06aq8
Marwin Rivero,KC,SS,06r4i
Roy Rivero,KC,SS,06z5i
Yoander Rivero,WSH,SS,060nm
Luis Rives,HOU,OF,06l46
Dalton Roach,CHW,RP,04q48
Jhonanderson Robain,BAL,C,06rj3
Julio Robaina,ATL,SP,05ui0
Sem Robberse,STL,SP,05gea
Jimmy Robbins,(N/A),RP,051fe
Josh Roberson,(N/A),RP,04elv
Robert Robertis,(N/A),OF,05gsk
Kevin Roberts Jr.,BAL,OF,06mv3
Austin Roberts,MIA/MIL,RP,0516c
Brett Roberts,MIA,SS,0657q
Caleb Roberts,ARI,C,05xov
Cody Roberts,SD,C,04pv9
Cole Roberts,PHI,SS,06gj8
Kai Roberts,SD,OF,06qi3
Max Roberts,CHW,RP,04eik
Blake Robertson,TB,1B,06696
Michael Robertson,(N/A),OF,05wxz
Nick Robertson,TOR/HOU/KC,SP,0515s
Sam Robertson,NYM,2B,06zie
Tyler Robertson,SD,OF,066lg
Cam Robinson,NYM,RP,04eue
Duce Robinson,(N/A),OF,06c8u
Errol Robinson,(N/A),SS,041sm
Ethan Robinson,(N/A),SP,05u39
Hayden Robinson,MIL,SP,06hws
Kobe Robinson,SD,SP,05yfc
Kristian Robinson,ARI,OF,04g7l
Kyle Robinson,ATH,SP,06qgq
Shai Robinson,MIN,SS,07037
Kevin Robledo,MIA,1B,06mv8
Benony Robles,PHI,RP,060o6
Domingo Robles,ATH,SP,03yri
Jean Robles,WSH,SP,06r6w
Kay Robles,(N/A),OF,06c3i
Sean Roby,(N/A),3B,04pw8
Tekoah Roby,STL,SP,05jqh
Carson Roccaforte,KC,OF,06af4
Liam Rocha,MIN,SP,06hgw
Sam Rochard,MIN,RP,06uxy
Kyle Roche,LAA,RP,06qjm
Dylan Rock,(N/A),OF,065ux
Brock Rodden,SEA,2B,06dn4
Brody Rodning,HOU,RP,04emy
Victor Rodrigues,LAD,C,066ov
Adrian Rodriguez,ARI,SS,064nu
Adrian Rodriguez,TEX,RP,06bbx
Adrian Rodriguez,(N/A),3B,06roz
Alberto Rodriguez,SEA,OF,04pht
Alejandro Rodriguez,(N/A),C,06hh1
Alex Rodriguez,TEX,OF,06v23
Alfredo Rodriguez,TB,C,06sun
Andy Rodriguez,TB,RP,0669t
Andy Rodriguez,TEX,RP,06mwf
Aneuris Rodriguez,BAL,RP,06man
Angel Rodriguez,(N/A),OF,066q8
Angel Rodriguez,DET,C,06rke
Anthony Rodriguez,(N/A),SS,05gdt
CJ Rodriguez,ATH,C,05yb6
Carlos Rodriguez,SD,C,05j97
Carlos Rodriguez,(N/A),1B,06nny
Carlos Rodriguez,DET,SP,06rm1
Chris Rodriguez,CHW,RP,041rr
Christian Rodriguez,(N/A),SP,06ify
Christian Rodriguez,NYM,RP,06qhr
Christian Rodriguez,BAL,SP,06qus
Cris Rodriguez,DET,OF,06ps4
Cristhian Rodriguez,(N/A),3B,055c9
Daniel Rodriguez,TEX,SS,06uo6
Darwin Rodriguez,MIA,RP,066r7
Darwin Rodriguez,KC,SP,06v2j
David Rodriguez,ATL,RP,06hta
Dereck Rodriguez,ATL,SP,02buj
Dionys Rodriguez,STL,RP,05umz
Eddy Rodriguez,PIT,"1B,OF",05un8
Edryn Rodriguez,(N/A),2B,05y7z
Elmer Rodriguez,NYY,SP,05xoo
Elorky Rodriguez,TEX,OF,06rib
Emmanuel Rodriguez,MIN,OF,054p6
Erian Rodriguez,CHC,SP,05yg4
Estarlin Rodriguez,(N/A),RP,06ahq
Frank Rodriguez,LAD,C,06qyl
Freddy Rodriguez,CHC,RP,070d0
Gabriel Rodriguez,(N/A),SS,04qov
Gabriel Rodriguez,CHW,RP,060gk
Gabriel Rodriguez,CLE,SS,06jgx
Gabriel Rodriguez,PIT,OF,06rnv
Gerardo Rodriguez,BOS,C,06fex
Geury Rodriguez,TEX,RP,06v2i
Grayson Rodriguez,BAL,SP,04pko
Guillermo Rodriguez,CHW,SS,066qe
Gustavo Rodriguez,LAA/ATH,RP,066nd
Hector Rodriguez,CIN,OF,05xse
Jeremy Rodriguez,NYM,SS,066o8
Jesus Rodriguez,NYY/SF,"C,3B",052h8
Jesus Rodriguez,CHC,OF,06msy
Joe Joe Rodriguez,NYM,SP,0668c
Joely Rodriguez,(N/A),RP,03ani
Johan Rodriguez,CLE,SS,06qe1
Jorge Rodriguez,BOS,C,06qzb
Jose Rodriguez,SEA,RP,03pzl
Jose Rodriguez,PHI,SS,05gcy
Jose Rodriguez,MIN,OF,06201
Jose Rodriguez,LAD,RP,06kwn
Jose Rodriguez,ARI,C,06rjc
Juan Rodriguez,TB,RP,05tih
Julio Rodriguez,SEA/KC,C,04awg
Julio Rodriguez,HOU,RP,06lfx
Justin Rodriguez,DET,3B,062hl
Keyber Rodriguez,TEX,"2B,SS",04mlm
Leyvi Rodriguez,NYM,RP,06rly
Lizandro Rodriguez,KC/TOR,2B,05wdm
Louis Rodriguez,HOU,RP,06l3k
Luis Rodriguez,HOU,SP,04vso
Luis Rodriguez,LAD,OF,051wt
Luis Rodriguez,STL,UT,05yih
Luis Rodriguez,LAA,SS,066na
Luis Rodriguez,(N/A),SP,06r27
Luis R. Rodriguez,NYM,SP,05zd5
Maikel Rodriguez,MIA,RP,06r4a
Maikol Rodriguez,SEA,OF,06rvx
Manuel Rodriguez,MIL,SP,06ayq
Maximo Rodriguez,SEA,RP,06z5k
Melvin Rodriguez,MIN,SP,06pqq
Michael Rodriguez,SF,SP,06hp4
Miguel Rodriguez,MIN,SP,05txv
Miguel Rodriguez,BAL,"C,1B",06ftw
Miguel Rodriguez,PIT,OF,06giz
Nathanael Rodriguez,(N/A),3B,0423k
Nerio Rodriguez,(N/A),C,04azf
Nick Rodriguez,LAA,2B,06yy1
Orangel Rodriguez,(N/A),1B,066oq
Osiel Rodriguez,(N/A),SP,04mkm
Pedro Rodriguez,NYY,RP,060g0
Raimy Rodriguez,HOU,SP,066qw
Rainiel Rodriguez,STL,C,06mnp
Ramon Rodriguez,MIL,C,048ye
Raudi Rodriguez,LAA,OF,06hoc
Richard Rodriguez,(N/A),RP,03mnn
Samuel Rodriguez,SF,SS,05xzt
Tyler Rodriguez,MIL,2B,06mpz
Wilber Rodriguez,(N/A),RP,06689
Wilking Rodriguez,NYY,RP,01srp
Wilson Rodriguez,NYY,OF,06hon
Wuilliams Rodriguez,BOS,RP,06cqp
Wuilliams Rodriguez,SEA,RP,06r2v
Yerlin Rodriguez,MIL,RP,06kr5
Yerry Rodriguez,PIT,SP,04qot
Yobal Rodriguez,CHW,SP,06rmw
Yophery Rodriguez,MIL/BOS,OF,066mq
Yordan Rodriguez,ATH,RP,06rt2
Yorman Rodriguez,SD,1B,0408e
Yovanny Rodriguez,NYM,C,06hio
Carlos Rodríguez,ATL,OF,04loe
Cole Roederer,SD,OF,04pn0
Zach Rogacki,COL,C,06zai
Anderson Rogers,(N/A),SS,05ali
Dalton Rogers,BOS,SP,0630c
Grant Rogers,TOR,SP,06gjy
Jack Rogers,CIN,OF,05ybf
Johnathan Rogers,DET,RP,06hne
Josh Rogers,(N/A),RP,03qpd
Si-Hwan Roh,(N/A),3B,06f13
Anderdson Rojas,ARI,SS,062l3
Carlos Rojas,LAD,C,06tac
Cesar Rojas,TB,RP,06uxx
Daniel Rojas,STL,3B,06ums
Eduardo Rojas,LAD,C,06qzs
Eyeksson Rojas,WSH,SS,06dq4
Franklin Rojas,TOR,UT,06ic0
Freider Rojas,MIL,C,06rhq
Gilberto Rojas,CIN,C,06c2y
Gio Rojas,TEX,SP,06r4o
Jefferson Rojas,CHC,"2B,SS",061wh
Jose Rojas,NYY,UT,04lo8
Juan Rojas,BAL,RP,0633j
Juan Rojas,HOU,SS,06s3s
Kendry Rojas,TOR/MIN,"SP,RP",05rgq
Ronny Rojas,(N/A),SS,04l96
Samuel Rojas,DET,C,06rkj
Santiago Rojas,MIN,RP,06uyb
Sebastian Rojas,ATH,OF,06k83
Shnaider Rojas,BOS,SP,06mi9
Stiveen Rojas,STL,RP,06c80
Yendry Rojas,SD,SS,05yin
Yenrri Rojas,CHC,SP,06y00
Yondrei Rojas,TOR,RP,0680r
Chris Roller,MIL,OF,06fww
Drew Rom,STL,SP,04pqd
Angel Roman,WSH,RP,06ru2
Javier Roman,MIN,1B,06rgm
Ricardo Roman,LAD,SP,0700y
Jimmy Romano,CLE/CIN,RP,06qqz
Sal Romano,(N/A),RP,02j2m
Nate Rombach,WSH,C,051el
Josiah Romeo,ATH,SP,06pgj
Maxwell Romero Jr.,WSH,C,064o2
Anger Romero,(N/A),C,066pp
Brayan Romero,WSH,SP,06rny
Carlos Romero,WSH,RP,052hw
Christian Romero,LAD,SP,05r62
David Romero,(N/A),2B,06r4g
Fernando Romero,(N/A),RP,03aqg
Ivran Romero,MIN,RP,06ql5
Jose Romero,SEA,SP,06imf
Jose Romero,CHC,RP,06um9
Kiko Romero,NYY,1B,06ds9
Leandro Romero,SEA,SS,06ibl
Luciano Romero,LAD,RP,064zj
Luifer Romero,MIA,SP,06umr
Mikey Romero,BOS,SS,05y7y
Noelberth Romero,BAL,"2B,3B",0614a
Omar Romero,TOR,SS,066px
Ricardo Romero,CLE,SS,06y89
Rubens Romero,PIT,RP,06r18
Shai Romero,LAD,RP,06t24
Tommy Romero,CHC,SP,04eoc
Yael Romero,CIN,1B,06bn1
Cory Ronan,KC,RP,06zfe
Carlos Rondon,NYY,C,06mi3
Joswuill Rondon,TEX,OF,06rh4
Leonardo Rondon,(N/A),"2B,3B",05xzq
Leonardo Rondon,MIN,SP,06rh3
Newremberg Rondon,DET,C,06rk7
Bayden Root,MIL,RP,06hh0
Zach Root,LAD,SP,06kxc
Yoel Roque,MIN,SP,06min
Fernando Roquez,STL,OF,06c7o
Yadiel Roquez,TEX,RP,06qxi
Jeffry Rosa,NYM,OF,067zp
Joseph Rosa,BAL,2B,04cts
Pitterson Rosa,PIT,RP,064q9
Jamaliel Rosado Jr.,ATH,SS,066ld
Gabriel Rosado,DET,C,06qpk
Jarold Rosado,CHW,RP,06op9
Alejandro Rosario,TEX,SP,05jri
Alfonsin Rosario,CLE,OF,06f1h
Carlos Rosario,(N/A),OF,062zc
Dalvy Rosario,(N/A),OF,051kx
Dilan Rosario,(N/A),SS,0514y
Eguy Rosario,SD,3B,045on
Enyel Rosario,CHC,SS,06o06
Guillermo Rosario,PHI,"C,1B",06ilt
Helder Rosario,WSH,C,06suo
Jeisson Rosario,NYY,OF,045oe
Jerming Rosario,LAD,RP,04yds
Jonathan Rosario,MIA,RP,06mv9
Jonney Rosario,SD,RP,067xu
Kala'i Rosario,MIN,OF,05js9
Kelvin Rosario,ARI,RP,06ro9
Naimer Rosario,ARI,SP,06ytt
Neify Rosario,PHI,OF,064rp
Raymon Rosario,PHI,RP,06uhi
Rodny Rosario,CLE,3B,070ev
Ronald Rosario,BOS,C,06c6s
Stanley Rosario,(N/A),OF,04n1s
Juan Rosas,TOR,C,06sur
Brady Rose,NYY,SP,06hvb
Caden Rose,BOS,OF,06fqu
Nathan Rose,(N/A),3B,06suc
Zion Rose,KC,OF,06mpx
Nick Roselli,NYM,2B,06qoa
Kenny Rosenberg,(N/A),RP,0429i
Corey Rosier,BOS,OF,05uwz
Emdys Rosillo,CIN,C,06ria
Ben Ross,MIN,"SS,OF",06658
Dylan Ross,NYM,RP,06580
Jackson Ross,WSH,3B,06qu1
Michael Ross,MIN,SP,06qp5
Shawn Ross,PIT,C,068xz
Tony Rossi,NYY,RP,06qlk
Houston Roth,BAL,RP,057mz
Collin Rothermel,ARI,SP,06z0t
Chris Rotondo,STL,OF,066ff
Ethan Routzahn,SD,RP,060q1
Braxton Roxby,SF,RP,05rkx
Zach Royse,ATL,SP,06yy2
Aaron Rozek,MIN,RP,05ya7
Alonzo Rubalcaba,(N/A),C,063uz
Reykelly Rubi,BAL,RP,06mq4
Kadil Rubio,TB,OF,06sar
Drew Rucinski,(N/A),SP,03f26
Carson Rucker,DET,"3B,SS",06ew0
Jake Rucker,MIN,"2B,3B",05tca
Michael Rucker,SEA,RP,0429q
Carson Rudd,CIN,RP,05y03
Jaden Rudd,TOR,OF,05y3c
Matt Rudick,NYM,OF,05yhf
Will Rudy,MIL,SP,0664z
Christian Ruebeck,LAD,RP,0665u
Noah Ruen,LAD,RP,06hva
Mike Ruff,(N/A),P,0518a
Jason Ruffcorn,SEA,RP,051dt
Agustin Ruiz,MIN,OF,04c0v
Cesar Ruiz,(N/A),RP,05ymc
Harrison Ruiz,CLE,SP,06imj
Jorge Ruiz,LAA,OF,05ydv
Norge Ruiz,ATH,RP,03p9u
Poncho Ruiz,MIN,C,06hgv
Tony Ruiz,KC,OF,066mi
Xavier Ruiz,SD,RP,064rt
Yarison Ruiz,NYY,RP,060gc
Yermain Ruiz,BOS,SP,06umq
Yirber Ruiz,BAL,OF,06idu
Yoiber Ruiz,BOS,C,06if7
Juan Rujano,STL,SS,06rug
Luis Rujano,CHC,RP,06576
T.J. Rumfield,NYY,1B,05yb0
Aaron Rund,MIL,RP,06um8
Pat Ruotolo,(N/A),RP,0484f
Matthew Ruppenthal,(N/A),P,04epc
Milo Rushford,KC,OF,066et
AJ Russell,TEX,SP,06cmi
Jonathan Russell,TB,RP,06do6
Mason Russell,(N/A),SP,06pgu
Stone Russell,KC,2B,06hor
Zane Russell,ARI,RP,06git
Luke Russo,PHI,RP,06hq4
Carter Rustad,BAL,RP,051i3
Sam Ruta,KC,3B,06tlt
Blake Rutherford,(N/A),OF,03zce
River Ryan,LAD,SP,05ynx
Ryder Ryan,PIT,SP,04aja
Sam Ryan,LAA,RP,05199
Eddie Rynders,PIT,3B,06o0f
Reynaldo Saa,ATH,RP,064p3
Allan Saathoff,SEA,RP,06umz
Filippo Sabatini,PHI,SS,06s49
Aaron Sabato,MIN,1B,05ge2
Tommy Sacco Jr.,HOU,"2B,3B,SS",066l7
Lexer Saduy,CLE,OF,05t5i
Connor Sadzeck,(N/A),RP,02byy
Dustin Saenz,WSH,RP,05y5q
Christian Saez,STL,1B,06kuj
Jhoanjel Saez,MIL,SS,06r38
Hiroto Saiki,(N/A),SP,06ktm
Nolan Sailors,KC,OF,06yy3
Yuhi Sako,NYM,RP,06r0h
Darlin Saladin,STL,SP,06lu6
Andrew Salas,MIA,SS,06psm
Anibal Salas,DET,OF,06ava
Ethan Salas,SD,C,05ybr
Gerardo Salas,STL,SP,066rq
Hector Salas,HOU,"1B,2B,SS",06r46
Jose Salas,MIN,"2B,SS,OF",056j0
Roberto Salas,COL,SP,06zaj
Braian Salazar,SD,RP,064vx
Grabiel Salazar,BAL,"OF,RP",06sjt
Johnfrank Salazar,STL,SS,05unx
Kleyver Salazar,BOS,C,06jbk
Andruw Salcedo,SEA,UT,05w8m
Kelvis Salcedo,DET,SP,06m8k
R.J. Sales,DET/WSH,SP,06qv1
AJ Salgado,NYM,OF,06zh4
Edinson Salgado,KC,RP,06uy7
Michael Salina,SD,SP,06z9f
Iziah Salinas,BAL,SP,06qpw
Roque Salinas,TOR,OF,066s8
Royber Salinas,ATL,RP,05wy3
Ruben Salinas,(N/A),RP,05j6z
Angel Salio,CIN,SS,06rrv
Carlos Salmeron,ATH,OF,06rwb
Javier Salomon,SD,SP,06r30
Mariano Salomon,NYY,RP,06j7p
Dionmy Salon,KC,C,06rjy
Devin Saltiban,PHI,2B,06ekm
Jose Salvador,(N/A),SP,04ykf
Mike Salvatore,(N/A),"SS,P",03qvk
Tyler Samaniego,PIT,RP,05yay
Bryan Sammons,(N/A),RP,04ej0
Noah Samol,(N/A),RP,06asv
Adrian Sampson,WSH,SP,02c2m
Logan Samuels,ATL,RP,06qi4
Jose Sanabria,SD,"2B,3B",060x4
Jose Sanabria,TB,OF,0663v
Romeo Sanabria,SD,1B,066ez
Aaron Sanchez,(N/A),SP,0241y
Adan Sanchez,CHC,C,05yiz
Adolfo Sanchez,CIN,OF,06hyt
Angel Sanchez,SD,RP,06sue
Axel Sanchez,SEA,"2B,SS",05jx9
Brett Sanchez,(N/A),SP,06k7p
Brian Sanchez,NYY/PIT,OF,06iad
Bryan Sanchez,WSH,SP,05rh1
Carlos Sanchez,CIN,"3B,SS",062ys
Carlos Sanchez,MIA,C,06rha
Denison Sanchez,BOS,RP,0689q
Dikember Sanchez,MIL,RP,06rgs
Edgar Sanchez,ATH,RP,061a7
Edwin Sanchez,LAD,1B,06p5x
Emilio Sanchez,BAL,SS,06ic3
Enger Sanchez,COL,SP,066r3
Enixon Sanchez,NYY,SP,06ky5
Eybert Sanchez,ARI,SS,06sbo
Fernando Sanchez,SD,RP,06r0m
Franklin Sanchez,MIA,RP,066pj
Gregory Sanchez,COL,SP,06o0p
Heison Sanchez,DET,2B,062zg
Hugo Sanchez,SD,SS,05t7t
J.J. Sanchez,TOR,RP,06htq
Jadiel Sanchez,LAA,OF,0519a
Jake Sanchez,(N/A),RP,03hfi
Javier Sanchez,TEX,C,06ph4
Jordan Sanchez,BAL,OF,06ie9
Jose Sanchez,(N/A),3B,04aw7
Jose Sanchez,WSH,RP,06r2t
Juan Sanchez,(N/A),RP,04z9n
Juan Sanchez,NYY,RP,06am7
Juan Sanchez,TOR,"3B,SS",06rgw
Julius Sanchez,TEX,SP,06zbg
Junior Sanchez,(N/A),3B,05294
Junior Sanchez,ARI,SP,06r2u
Justin Sanchez,TEX/SEA,RP,066ds
Lisandro Sanchez,BAL,OF,06rrn
Luis Sanchez,ATL,SS,066ny
Rafael Sanchez,TOR,SP,06awm
Rodolfo Sanchez,PHI,SP,05j8f
Samuel Sanchez,LAD,SP,06bku
Samuell Sanchez,DET,OF,06v32
Sixto Sanchez,(N/A),SP,0440n
Steven Sanchez,SEA,RP,06tn5
Wilmy Sanchez,HOU,RP,06r8c
Yanquiel Sanchez,HOU,RP,060w4
Yehizon Sanchez,ATH,RP,066n4
Yobanny Sanchez,NYM,SP,06z57
Yohendry Sanchez,SF,C,06ic9
Yolbert Sanchez,(N/A),"2B,3B",04yrn
Yolmer Sanchez,LAA,"2B,SS,OF",02i35
Yosber Sanchez,DET,RP,06kxp
Jackson Sanders,(N/A),SP,05u9k
Josh Sanders,TEX,RP,06qj5
Will Sanders,CHC,SP,05jsf
Schuyler Sandford,(N/A),SP,068ny
Michael Sandle,HOU,OF,05xue
David Sandlin,BOS,RP,062pn
Nick Sando,CIN,RP,06h02
Eliam Sandoval,(N/A),OF,064n1
Joshuan Sandoval,(N/A),1B,06r29
Patrick Sandoval,BOS,SP,03qpi
Donny Sands,(N/A),C,03qnj
Will Sandy,(N/A),SP,06f8v
Wyatt Sanford,PIT,SS,06mnl
Miguel Sano,(N/A),"1B,3B",01s9d
Junior Sanquintin,(N/A),SS,04rhg
Tony Santa Maria,TB,3B,06oon
Alimber Santa,HOU,RP,060pi
Adrian Santana,TB,SS,06bfv
Cristian Santana,CIN,3B,04aji
Cristian Santana,DET,SS,05m4a
Debby Santana,(N/A),3B,04f0m
Eric Santana,(N/A),OF,05gtd
Giancarlos Santana,(N/A),OF,052i0
Jancel Santana,BOS,"2B,SS",061zm
Jean Santana,TB,2B,06l0r
Jose Santana,LAA,SS,06v25
Kevin Santana,HOU,SP,06r55
Luis Santana,(N/A),3B,04j4f
Natanael Santana,LAA,OF,05y52
Paulino Santana,TEX,OF,06ho7
Ruben Santana,ARI,"1B,3B",061tr
Tyler Santana,CHC,RP,06qyr
Victor Santana,ARI,3B,06sbl
Yoander Santana,PIT,SS,06xwc
Yohanfer Santana,MIA,SP,06c2z
Juan Santander,(N/A),1B,05l1n
Carlos Santiago,MIA,SS,05uhb
Glenn Santiago,(N/A),SS,0517k
Pedro Santillan,LAD,RP,05r6b
Alex Santos,HOU,SP,05gwv
Angeudis Santos,MIA,2B,061pk
Antonio Santos,NYM/CHC,SP,046td
Dahian Santos,TOR,RP,05j92
Enmanuel Santos,KC,OF,06bj2
Ghordy Santos,(N/A),SS,05nt2
Javier Santos,CLE,SP,066bx
Junior Santos,WSH,RP,04yb5
Miguel Santos,CHW,2B,06qka
Nolan Santos,MIN,RP,06fqv
Oscar Santos,(N/A),C,0517n
Pedro Santos,ATH,RP,06kvn
Robert Santos,WSH,OF,06r6z
Steven Santos,TEX,1B,06suj
Victor Santos,STL,RP,04uwo
Victor Santos,BAL,SP,06o0v
Winston Santos,TEX,SP,061lj
Yeriel Santos,HOU,SP,06l7a
Jonathan Santucci,NYM,SP,060ue
Marino Santy,CHC,RP,06avy
Boris Sarduy,SF,2B,06o05
Dangelo Sarmiento,NYM,SS,0620y
Joel Sarver,ARI,RP,06z0s
Rintaro Sasaki,MIA,1B,06mea
Shane Sasaki,MIA,OF,0512w
Sammy Sass,CHC,C,06uxg
Teruaki Sato,(N/A),3B,06hj6
Casey Saucke,CHW,OF,060q3
Kelena Sauer,TOR,SP,06htf
Eli Saul,ARI,RP,064nk
Charlie Saum,TOR,C,06zfi
Logan Sauve,ATH,C,06zlm
Jason Savacool,STL,SP,05ygw
Luke Savage,TEX,RP,06hts
Aaron Savary,CLE,SP,070ei
Nate Savino,ARI,RP,05j76
Nate Savoie,(N/A),OF,06uvz
Logan Sawyer,STL,RP,067yj
Alec Sayre,MIN,OF,066j8
Josh Sborz,TEX,RP,03pp9
Frankie Scalzo Jr.,CHC,RP,06l5o
Matt Scannell,TOR,OF,070cu
Caden Scarborough,TEX,SP,06f1j
Joe Scarborough,NYM,RP,06zid
Brandon Schaeffer,SEA,SP,066f1
Jake Schaffner,BOS,SS,06v64
Reid Schaller,WSH,SP,04ppy
Shay Schanaman,ATL,RP,06gj0
Dominic Scheffler,CIN,RP,06akt
Matt Scheffler,(N/A),C,05uom
Jake Scheiner,(N/A),1B,04ega
Alex Scherff,(N/A),SP,04eh7
Luke Scherrer,PIT,C,06hep
Jason Schiavone,HOU,C,06qnu
Ethan Schiefelbein,DET,RP,06kkc
Ryan Schiefer,TB,SP,06qss
Tyler Schlaffer,CHC,SP,05174
Rafe Schlesinger,CLE,SP,06oo6
Logan Schmidt,CLE,"1B,SP",069xx
William Schmidt,(N/A),SP,06hew
Nick Schnell,WSH,"1B,OF",04pm9
Tanner Schobel,MIN,"3B,SS",0622s
Garrett Schoenle,CHW,RP,063vy
Cole Schoenwetter,CIN,SP,067xk
Tyler Schoff,WSH,RP,06cq6
T.J. Schofield-Sam,(N/A),3B,0519j
Will Schomberg,MIA,SP,06hu3
Kruz Schoolcraft,SD,SP,064wj
Jake Schrand,MIA,SP,05yda
RJ Schreck,TOR,OF,0603l
Troy Schreffler,PHI/NYM,OF,066jz
Cody Schrier,MIA,SS,05uam
Kyle Schroedle,(N/A),OF,06amt
Nolan Schubart,CLE,"1B,OF",05re4
Jay Schueler,TOR,RP,06qja
Cam Schuelke,CLE,RP,06ooi
Austin Schulfer,PHI,RP,04q1l
Andrew Schultz,STL,RP,0514n
Connor Schultz,CHC,RP,06s3k
Noah Schultz,CHW,SP,05uc7
Thomas Schultz,WSH,RP,06fzd
Brett Schulze,(N/A),P,0515i
JT Schwartz,NYM,1B,05taz
Nick Schwartz,ATH,C,06hj1
J.J. Schwarz,(N/A),1B,03dq3
Trevor Schwecke,(N/A),"3B,OF",0519z
Tyler Schweitzer,CHW,RP,065uw
Jonah Scolaro,CHW,SP,0662s
Adam Scott,(N/A),P,04pqn
Christian Scott,NYM,SP,05xpq
Connor Scott,KC,OF,04oh1
Kyle Scott,CLE,RP,06htb
Matt Scott,CLE,SP,06c1i
Quincy Scott,TEX,OF,06fz8
Stephen Scott,DET,C,057w1
Wesley Scott,KC,SP,066cg
Cody Scroggins,(N/A),RP,05178
Andre Scrubb,(N/A),RP,041u2
Anthony Scull,LAA,OF,06c2s
Shane Sdao,NYM,RP,06mpt
Chandler Seagle,ATL,C,06hef
Jacob Seamon,(N/A),OF,06ysh
Andrew Sears,DET,SP,06gip
Ben Sears,KC,RP,066by
Brett Sears,ATL,SP,06qi1
Parker Seay,NYY,RP,06qlm
Zander Sechrist,MIN,RP,06ql4
Cody Sedlock,(N/A),RP,041m7
Trey Seeley,SF,SP,06z3o
Matt Seelinger,DET,RP,06tae
Eduar Segovia,(N/A),SP,05l1m
Enrique Segura,PHI/TEX,SP,06422
Anson Seibert,WSH,3B,066nr
Billy Seidl,CHW,SP,066js
Hayden Seig,LAA,RP,06l45
Kegnnalex Seijas,MIL,C,06rhr
Chris Seise,(N/A),SS,04eed
Brock Sell,(N/A),OF,06ky3
Trent Sellers,NYY,SP,06hf2
Jack Sellinger,MIA,RP,06hwz
Brock Selvidge,NYY,SP,05u9l
Moises Semerite,BOS,SS,06cp8
Adam Seminaris,SEA,SP,05jr6
Montana Semmel,NYY/LAA,RP,060gm
Shawn Semple,(N/A),SP,04elc
Yorber Semprun,NYM,SS,06v3x
Reidis Sena,BOS,RP,06mno
Nick Senzel,LAD,"3B,OF",03zc9
Gabriel Sequeira,(N/A),RP,060w0
Joseph Sequera,PIT,C,06rls
Leonel Sequera,STL,SP,0637k
Manuel Sequera,(N/A),SS,05l4m
Jared Serna,MIA,SS,062jx
Luis Serna,NYY,SP,05uve
Omar Serna,(N/A),C,06cqk
Eli Serrano,NYM,OF,06ajk
Florencio Serrano,TEX,RP,04nur
Jhoniel Serrano,MIA,SP,05rjc
Jose Serrano,CIN,1B,05rzk
Jose Serrano,HOU,RP,06umy
Teilon Serrano,MIN,OF,06r7g
Danny Serretti,DET,"2B,3B,SS",0657b
Brian Serven,DET,C,041rz
Anthony Servideo,(N/A),"2B,3B,SS",05jpc
Kenny Serwa,DET,SP,06r9f
Adam Serwinowski,CIN/LAD,SP,066az
Carlos Severino,PHI,SS,06rw9
Frailyn Severino,SD,3B,06rsr
Jhonny Severino,PIT,"3B,SS",05yim
Juan Severino,STL,RP,06c8s
Lluveres Severino,TOR,RP,06rss
Pedro Severino,SEA,C,03ap0
Yunior Severino,MIN,1B,04ahd
Jehisbert Sevilla,(N/A),2B,05gtm
Dylan Seward,(N/A),SS,06yuz
Tzu-Chen Sha,ATH,SP,06c29
Aaron Shackelford,(N/A),"3B,SS",051av
Colby Shade,MIA,OF,06fz7
Jacob Shafer,ATL,SP,06qpy
Bryce Shaffer,TB,RP,06uy8
Teddy Sharkey,BAL,RP,06fqs
Jacob Sharp,TOR,C,06hoj
Reese Sharp,BAL,SP,066fl
Sterling Sharp,BOS,SP,0424b
Davis Sharpe,CLE,RP,05u9f
A.J. Shaver,(N/A),OF,06hoo
Bryan Shaw,CIN/SEA,RP,01uay
Colton Shaw,SEA,1B,06z3p
Evan Shaw,LAD,RP,06qr7
Sam Shaw,TOR,2B,06gid
Evan Shawver,COL,RP,05tzk
Tanner Shears,MIL,SP,06dvt
Tommy Sheehan,CHW,SP,06umi
Justus Sheffield,(N/A),RP,03c9c
Noah Sheffield,(N/A),3B,06yt7
Jake Shelagowski,STL,RP,06zbf
Colby Shelton,CHW,3B,06al9
Easton Shelton,LAD,1B,06fus
Chia-Shi Shen,SEA,SP,06pvl
Austin Shenton,SEA,"1B,3B",04y98
Rouselle Shepard,(N/A),SS,05yar
Blake Shepardson,CHW,RP,06qoc
Grant Shepardson,MIA,SP,06p60
Anthony Sherwin,HOU,SS,06hhh
Braden Shewmake,NYY,SS,04qri
Ben Shields,NYY/COL,SP,06hf1
David Shields,KC,SP,06kke
Jun-Seok Shim,MIA,RP,0662p
Wooyeoul Shin,TB,1B,06hs0
Jake Shirk,PIT,RP,06qou
Luke Shliger,SF,C,06ahv
Dylan Shockley,ATL,C,06qxo
Adam Shoemaker,ATL,SP,05y4r
Kodey Shojinaga,PHI,C,06qvj
TJ Shook,NYM,RP,05t66
Chase Shores,LAA,"1B,3B,SP",05ydu
Avery Short,ARI,SP,0519b
Aaron Shortridge,WSH,SP,04pqc
Carter Shouse,(N/A),OF,06r4q
Zack Showalter,STL,RP,064ni
Chasen Shreve,ATL,RP,02hkk
Ryan Shreve,STL/TB,RP,051cf
Garrett Shull,(N/A),OF,06kjw
Seth Shuman,WSH,SP,0514g
Nicholas Shumpert,(N/A),SS,03qmv
RJ Shunck,MIA,RP,06zic
Sammy Siani,PIT,OF,04yik
Evan Siary,TEX,SP,06zrb
Jose Sibrian,(N/A),C,03zxi
Armando Sierra,BOS,OF,060ph
Diomede Sierra,(N/A),SP,04z97
Juan Sierra,HOU,OF,06cp6
Magneuris Sierra,ATL,OF,03h8n
Phillip Sikes,BOS,OF,05y6u
TJ Sikkema,KC/CIN,SP,0511f
Easton Sikorski,CIN,RP,066dg
Renny Sillet,CHW,C,06rii
Anthony Silva,CLE,SS,06c5l
Brahian Silva,(N/A),C,06rl4
Carlos Silva,MIN,C,066mh
Daniel Silva,NYM,C,066os
Eric Silva,DET,SP,05vy4
Gabriel Silva,KC,C,06rjz
Heribert Silva,CLE,OF,06ak9
Isaac Silva,BAL,SP,06zh9
Manuel Silva,LAA,UT,06rh9
William Silva,ATL,SP,066jx
Yeferson Silva,ATH,RP,06uy9
Anthony Silvas,(N/A),RP,06hs6
Yoelvin Silven,CHW,SP,05yei
Andres Silvera,PIT,RP,060of
Franchely Silverio,HOU,3B,06kgn
Freilyn Silverio,CHC,SP,06awl
Jesus Silverio,ATH,SP,060qq
Engel Silvestre,COL,RP,06rjm
Kevin Sim,ARI,1B,06ekk
Yoryi Simarra,LAD,RP,06uy6
Karson Simas,CHC,3B,051jn
Kohl Simas,CHW,SP,060wb
Miguel Sime,WSH,SP,06ybd
Victor Simeon,TEX,RP,06tlj
Dylan Simmons,CIN,RP,06hwi
Kendall Simmons,LAD,"2B,3B",04prp
Kenyon Simmons,BOS,SS,06qh7
Toby Simmons,MIA,OF,06301
Ben Simon,NYM,RP,06hud
Jhon Simon,TEX,3B,06rml
Johan Simon,TOR,RP,067x1
Liam Simon,SF,RP,0648h
William Simoneit,CHC,C,06qxh
Anthony Simonelli,KC,RP,06af8
Colin Simpson,(N/A),OF,055bz
Jared Simpson,WSH,RP,06fqh
Will Simpson,TB,1B,051e0
Hale Sims,CHW,RP,06u7e
Landon Sims,ARI,RP,05rgm
Savion Sims,CLE,SP,06r74
Nick Sinacola,SF,RP,05xq3
Jack Sinclair,WSH,RP,06rjn
Justin Sinibaldi,CHW,SP,06qsj
Luke Sinnard,ATL,SP,06c8x
Kyle Sinzza,ARI,2B,06ylq
Jean Carlos Sio,SF,3B,066qb
Saul Siri,CHC,RP,06byh
Mike Sirota,LAD,OF,066ip
Givian Sirvania,BOS,OF,06qh4
Chance Sisco,STL,C,03117
Cameron Sisneros,CHC,1B,06nk6
Carson Skipper,COL,RP,066ly
Noah Skirrow,(N/A),SP,05ogv
Ryan Slater,SF,RP,06qox
Jake Slaughter,(N/A),2B,04q0j
Johnny Slawinski,LAA,SP,06y9s
Braeden Sloan,BAL,RP,070cz
Ethan Sloan,DET,RP,06qgr
Ryan Sloan,SEA,SP,06ier
Ethan Small,SF,RP,0511g
Colby Smelley,CHW,C,060y0
Jackson Smeltz,SD,RP,064o0
Devin Smeltzer,DET,RP,041ry
Milton Smith Jr.,(N/A),OF,04q4l
Adam Smith,BOS,RP,05ygm
Aidan Smith,TB,OF,06dq9
Angelo Smith,LAA,RP,06yxo
Aubrey Smith,HOU,RP,070ef
Austin Smith,ATL/COL,RP,067xp
Austin Smith,TOR,OF,06yxn
Boston Smith,WSH,C,06yxm
Brady Smith,LAD,SP,06ftt
Brayden Smith,BAL,2B,070cx
Burch Smith,PIT,RP,02c1b
Cade Smith,NYY,SP,06f15
Caleb Smith,(N/A),SP,03753
Carter Smith,(N/A),SS,05u9m
Chad Smith,(N/A),RP,05rd5
D'Andre Smith,NYM,SS,05jq1
Darien Smith,SF,RP,06umx
David Smith,DET,2B,06hx2
Derrick Smith,COL,RP,06zah
Drew Smith,NYM,RP,03qkc
Gavin Smith,TOR,SS,06qpu
Grant Smith,(N/A),SS,06nkn
Hagen Smith,CHW,"SP,RP",05zd4
Jake Smith,LAA,RP,04q3q
Josh Smith,(N/A),P,04q72
Julian Smith,(N/A),P,04pyw
Kevin Smith,(N/A),UT,04eg3
Kolten Smith,MIN,RP,06qwu
Kyle Smith,(N/A),C,05uaw
Marcus Smith,TEX,OF,0512y
Myles Smith,CIN,OF,06qwa
Noah Smith,(N/A),SS,05tze
Parker Smith,HOU,SP,06oo2
Peyton Smith,(N/A),SP,05tp9
Robinson Smith,PIT,SP,06rqc
Russell Smith,MIL,RP,05uhc
Ryan Smith,HOU,RP,06qud
Shurland Smith,SD,SP,06r2z
Tanner Smith,SD/BAL,RP,06qrp
Travis Smith,MIL,SP,06kkd
Tristan Smith,CIN,RP,05u9g
Tyler Smith,(N/A),2B,06v1x
Will Smith,(N/A),RP,01skh
Canaan Smith-Njigba,(N/A),OF,04egd
Campbell Smithwick,(N/A),C,05ydn
Drew Smyly,(N/A),RP,025ej
Kirby Snead,PHI,RP,041vf
Nate Snead,LAA,SP,06ywn
Kade Snell,CHC,OF,06zag
Robby Snelling,MIA,SP,061mh
Hayden Snelsire,TB,RP,06hpq
D.J. Snelten,CHW,RP,03176
Jake Snider,SD,OF,051f5
Eric Snow,TOR,SS,06zbe
Jack Snyder,TB,RP,06tl8
Michael Snyder,MIA,3B,06quv
Trey Snyder,NYM,SS,066j1
Justim Sojo,BOS,SS,06r5w
Jack Sokol,NYY,RP,06qlq
Nick Solak,PIT,"1B,OF",041q1
Edwin Solano,(N/A),SS,066m3
Mendry Solano,CIN,RP,06uqh
Rocky Solano,NYM,OF,06r37
Warel Solano,TB,SS,06qhc
Yoffry Solano,MIA,SS,05yj6
Yassel Soler,ARI,3B,06ciz
Chase Solesky,WSH,SP,051g5
Jairo Solis,HOU,SP,04k5y
Anthony Solometo,PIT,RP,05t7a
Jared Solomon,(N/A),RP,04el5
Peter Solomon,CHC,RP,03dt9
Tommy Sommer,CHW,SP,05yc0
Noah Song,BOS,RP,05134
Sung Mun Song,SD,3B,070bf
Kaleb Sophy,CHW,SP,06umh
Angel Soriano,PIT,SP,06r1a
Yeycol Soriano,CIN,OF,06akn
Caden Sorrell,CHC,OF,06r76
Alex Sosa,ATH,UT,06l5a
Andres Sosa,(N/A),C,06rjo
Andrews Sosa,HOU,C,06cwv
Anthony Sosa,PIT,1B,06mv4
Gabriel Sosa,SEA,RP,06rlx
Guillermo Sosa,MIN,2B,06rlw
Gustavo Sosa,(N/A),C,051eq
Ivan Sosa,KC,SS,06rlv
Jeromy Sosa,TB,RP,05tif
Listher Sosa,ARI,SP,05iyi
Miguel Sosa,PIT,OF,066qs
Raymond Sosa,BAL,RP,06rlu
Thomas Sosa,BAL,OF,061zu
Yenfri Sosa,KC,RP,06rlt
Ryuhei Sotani,(N/A),SP,06r8l
Charlee Soto,MIN,SP,05zq5
Dorian Soto,BOS,SS,06qhh
Elian Soto,WSH,"1B,OF",068vu
Elliot Soto,(N/A),"2B,SS",02hna
Juarlin Soto,TOR,SS,06j8p
Livan Soto,BAL,SS,04am3
Marco Soto,PHI,2B,05y47
Randy Soto,TOR,"C,1B",06r52
Ubaldo Soto,LAA,SP,06fv1
Wally Soto,(N/A),"C,1B",05yl0
Yordani Soto,CHW,SS,06xzu
Alerick Soularie,(N/A),SS,05gt5
Jared Southard,LAA,RP,051fh
Tate Southisene,ATL,SS,06rry
Ty Southisene,CHC,SS,062d1
Nolan Souza,(N/A),2B,06l58
Dylan Spacke,(N/A),P,051gl
Dylan Spain,(N/A),RP,05xpy
Garrett Spain,MIL,OF,05yd7
Tyler Spangler,PHI,SS,06igw
Lamar Sparks,MIL,OF,04eh5
Nolan Sparks,STL,SP,06qtc
Brayden Spears,CHC,RP,06sba
Alex Speas,MIN,SP,041q9
Tommy Specht,TEX,OF,05ycm
Declan Speirs,(N/A),C,06rkz
Liam Spence,CHC,SS,05tc8
Lucas Spence,HOU,OF,06qjw
Connor Spencer,CHC,RP,070ca
Jared Spencer,TOR,SP,06ydp
John Spikerman,PHI,OF,06dly
Ryan Spikes,TB,SS,05uy0
Carter Spivey,CLE,RP,06ro6
Harrison Spohn,MIA,SS,0665y
Shea Sprague,BOS,RP,06qtj
Jared Sprague-Lott,ATH,3B,06qty
Josh Springer,TEX,C,06qn6
Jonathan Sprinkle,HOU,RP,05y0t
Jordan Sprinkle,CHW,"2B,SS",05xu7
Ryan Sprock,MIN,3B,06zrh
Brett Squires,KC,1B,0664t
Austin St. Laurent,SEA,2B,06qsr
Fitz Stadler,(N/A),RP,04q0f
Ryan Stafford,BAL,"C,2B",06pgd
Sammy Stafura,CIN/PIT,SS,06c1m
Connor Staine,COL,SP,0603m
Garrett Stallings,MIL,RP,05142
Dale Stanavich,MIA,RP,065j6
Chris Stanfield,(N/A),OF,06ph0
Riley Stanford,TB,OF,05u9n
Gage Stanifer,TOR,SP,066fg
John Stankiewicz,MIN,RP,060oc
Teddy Stankiewicz,CIN,P,02mx5
Hunter Stanley,CLE,RP,05yll
Cal Stark,TEX,C,06suh
Gabe Starks,CIN,RP,06h01
Gant Starling,COL,RP,06umw
Nick Starr,DET,RP,04q19
Cody Stashak,PHI,RP,03qr4
Tyler Stasiowski,MIN,RP,06ql9
Max Stassi,SF,C,01sc7
Adam Stauffer,(N/A),RP,04eri
Josh Staumont,CIN,RP,03pp2
Wade Stauss,STL,C,06qym
Isaac Stebens,BOS,RP,06hs5
Jake Steels,ATL,OF,06qp8
Jackson Steensma,SEA,SP,06z3m
Murphy Stehly,WSH,3B,065iw
Conor Steinbaugh,STL,RP,06uhh
Jacob Steinmetz,ARI,SP,05xos
Anthony Stephan,CIN,OF,06qtl
Josh Stephan,TEX,SP,05y5g
Trevor Stephan,CLE,RP,0421j
Khal Stephen,TOR/CLE,SP,06nub
Jackson Stephens,ATL,RP,02n8k
Landon Stephens,ATL,1B,061n0
Seth Stephenson,DET,OF,064n2
Levi Sterling,PIT,SP,06hf3
Felix Stevens,CHC,"1B,OF",05rcm
Kevin Stevens,NYY,RP,066as
Tristan Stevens,MIA,RP,0665z
Will Stevens,TB,RP,06htg
Andrew Stevenson,TB,OF,03pox
Jake Stevenson,(N/A),RP,0517i
Luke Stevenson,SEA,C,06ieq
Owen Stevenson,TB,SP,06hn3
Casey Steward,PHI,SP,06hnb
DJ Stewart,PIT,OF,03pj8
Ethan Stewart,(N/A),OF,06r86
Joe Stewart,LAA,OF,066cq
Joshua Stewart,(N/A),SP,05tqp
Will Stewart,MIA,SP,03qw8
Zack Stewart,(N/A),OF,06ra4
Travis Sthele,WSH,SP,06gun
Matt Stil,DET,RP,051g4
Graeme Stinson,(N/A),P,04y1s
Tristan Stivors,CHW,SP,066jb
Spencer Stockton,(N/A),RP,05r3m
Luke Stofel,DET,SP,06hix
Cole Stokes,TB,SP,06ig6
Adam Stone,NYY,RP,05xu9
Alex Stone,TOR,C,06qjf
Gavin Stone,LAD,SP,05mrx
Ethan Storm,TB,SP,070dy
Justin Storm,MIA,RP,06dsc
Levi Stoudt,BAL,RP,0512k
Hunter Stovall,TB,"2B,OF",04q3m
Peyton Stovall,CIN,2B,05rl2
Josh Stowers,TEX,OF,04pmi
Kellen Strahm,(N/A),OF,05147
Justin Stransky,CHC,C,06zaf
Garrett Stratton,NYM,RP,06zih
Jacob Stretch,BAL,RP,06pue
Austin Strickland,SF,RP,06fqg
Samuel Strickland,ATL,RP,05ynm
Landon Stripling,(N/A),1B,06if8
Jayden Stroman,(N/A),"SS,P",064wk
Jackson Strong,DET,OF,06qi5
Royelny Strop,STL,OF,06r91
Sawyer Strosnider,MIL,OF,06pkg
Drew Strotman,(N/A),RP,04eg8
Chase Strumpf,CHC,"1B,2B",04yif
Michael Stryffeler,SF,SP,05ybl
Peter Strzelecki,PIT/TB,RP,061mp
Baron Stuart,NYY,RP,066ar
Tyler Stuart,WSH,SP,0648p
C.J. Stubbs,WSH,C,05180
Sam Stuhr,ATH,SP,06o0a
Ted Stuka,(N/A),P,051ak
Eston Stull,MIN,RP,06uh3
Peyton Stumbo,PIT,SP,06hnd
Mitchell Stumpo,ARI,RP,05yhc
Cole Stupp,(N/A),RP,066lt
Brennan Stuprich,NYY,SP,06zig
Alexander Suarez,SF,OF,05rh8
Andrew Suarez,(N/A),RP,02bxb
Christian Suarez,LAD,RP,06l0l
Cristian Suarez,ATL,1B,061yy
Jhoangel Suarez,(N/A),3B,06mt1
Joander Suarez,NYM,SP,055hw
Josdanner Suarez,ARI,RP,06umv
Jose Suarez,STL,OF,068nc
Orlando Suarez,CHW,SP,06mq5
Ramon Suarez,TOR,RP,06um7
Ronny Suarez,ARI,OF,06ro8
Santiago Suarez,TB,SP,0620x
Wilson Suarez,TB,1B,06hsq
Ryan Sublette,LAD,RP,05y3z
Chris Suero,NYM,"C,1B,OF",06lfg
Estuar Suero,PIT,OF,064ow
Larry Suero,COL,SS,06rks
Adrian Sugastey,SF,C,05j8l
Matt Suggs,WSH,C,0669h
Luis Suisbel,SEA,3B,05aku
Juan Sulbaran,TEX,C,06rtv
Billy Sullivan,(N/A),RP,05nmx
Cameron Sullivan,CLE,SP,06pqm
Joseph Sullivan,HOU,OF,06qgp
Liam Sullivan,WSH,SP,068a4
Sean Sullivan,PIT,RP,05y41
Sean Sullivan,COL,SP,06ahu
William Sullivan,STL,1B,06hue
Beau Sulser,(N/A),SP,04ekm
Brendan Summerhill,TB,OF,06mpr
Colin Summerhill,LAA,C,06qjr
Jared Sundstrom,SEA,OF,06gjf
Joe Suozzi,NYM,OF,06f1s
Trey Supak,TEX,SP,03d7n
Jesus Superlano,ATH,3B,06uqi
Anderson Suriel,CHC,OF,06mwc
Jose Suriel,STL,SP,06c7z
Junior Suriel,LAA,OF,06tzu
Ethan Surowiec,(N/A),1B,06yt6
Jeicol Surumay,MIN,SP,06hsx
Ezequiel Surun,(N/A),SS,05ucj
Anthony Susac,TEX,RP,06pla
Daniel Susac,ATH,C,05jpu
Jarlin Susana,WSH,SP,05y7n
Timothy Susnara,(N/A),C,04eir
Travis Swaggerty,NYM,OF,04mn3
Josh Swales,(N/A),RP,05ycd
Eriq Swan,LAD/WSH,SP,06f0t
John Swanda,(N/A),SP,04egc
Nic Swanson,HOU,SP,06ghi
Zach Swanson,DET,SP,06kk1
Devin Sweet,PHI,RP,059ed
Drew Swift,ATH,"2B,3B",05xq5
Carson Swilling,SD,RP,06qih
Nick Swiney,HOU,RP,05jpy
Tyler Switalski,SF,RP,06qqy
Travis Sykora,WSH,SP,05ycl
Noah Syndergaard,CHW,SP,025ew
Thomas Szapucki,DET,RP,03qlb
Charlie Szykowny,SF,3B,06fv4
Lolo Sánchez,PIT,OF,04073
Logan Tabeling,LAD,SP,06qji
Matt Tabor,(N/A),RP,04eft
Luke Taggart,COL,RP,06sju
Joseph Tailor,MIA,2B,06bj8
Kaima Taira,(N/A),SP,06ag9
Eduardo Tait,PHI/MIN,C,06bsb
Noah Takacs,PIT,RP,06heq
Hiroshi Takahashi,MIA,SP,06amr
Hiroto Takahashi,(N/A),SP,06ahh
Keiji Takahashi,(N/A),SP,06rie
Kona Takahashi,(N/A),SP,06ax2
Tommy Takayoshi,ATH,C,06qlt
Enmanuel Talavera,CIN,SP,06fu5
Roiber Talavera,SEA,RP,06ajz
LJ Talley,(N/A),1B,0515p
James Tallon,PHI,RP,06cmh
Martin Tamara,DET,C,06rki
Miguel Tamares,TB,SS,061wg
Misael Tamarez,HOU/SD,RP,05rkf
Kevin Tamburini,SD,SS,06r1u
Dominic Tamez,CHW,C,06h03
Haruya Tanaka,(N/A),SP,06qs1
Anthony Tandron,SF,SS,06bja
Atsuki Taneichi,(N/A),SP,06gwj
Alistair Tanner,DET,SP,06upv
Logan Tanner,CIN,C,05wxx
Domingo Tapia,SD,RP,02i66
Gabriel Tapia,LAA,RP,05xci
German Tapia,TB,OF,062et
Jesus Tapia,PIT,RP,06r17
Raimel Tapia,(N/A),OF,032pz
Sergio Tapia,DET,C,06qyq
Graysen Tarlow,STL,C,06hn5
Bryce Tassin,DET,RP,06pff
Dylan Tate,LAD,RP,070bj
Josh Tate,PIT,OF,06zrc
Elijah Tatis,(N/A),SS,054p5
Dillon Tatum,(N/A),C,067xo
Terrell Tatum,CHW,OF,05yhh
Aiden Taurek,SEA,OF,06z3n
James Taussig,CHW,OF,06zfh
Carlos Tavares,WSH,1B,06mms
Ambioris Tavarez,ATL,SS,05r8d
Feldi Tavarez,WSH,C,06qgw
Sammy Tavarez,NYM,RP,061zh
Braylin Tavera,BAL,OF,05ygp
Carlos Tavera,BAL,RP,05y73
Junior Tavera,NYY,SP,06ky2
Bracewell Taveras,STL,SS,06c7k
Carlos Taveras,MIN,OF,06rkw
Diosmerky Taveras,HOU,RP,05r9g
Emilio Taveras,CLE,1B,06c50
Felix Taveras,(N/A),OF,05yl7
Jhonly Taveras,ATL,RP,064w6
Jonathan Taveras,CLE,2B,06ag8
Leonardo Taveras,(N/A),RP,05j96
Romer Taveras,CLE,OF,06r1j
Andrew Taylor,HOU,SP,05ubo
Beau Taylor,SEA,C,02btv
Blake Taylor,(N/A),RP,03116
Brayden Taylor,TB,"3B,SS",05wy1
Carson Taylor,PHI,1B,05luq
Curtis Taylor,STL,SP,041ro
Devin Taylor,ATH,OF,06c0z
Evan Taylor,MIA/CHC,RP,066cp
John Taylor,TEX,2B,06y07
Josh Taylor,(N/A),RP,043pf
Nelly Taylor,BOS,OF,06gjt
Will Taylor,PIT,OF,05t79
Zane Taylor,ATH,SP,06yw0
Kavares Tears,SD,OF,06mx1
Dylan Tebrake,NYM,RP,064n5
Julio Teheran,(N/A),SP,01cih
Abrahan Tejada,(N/A),SP,06ahr
Angel Tejada,BAL,2B,05ykw
Clevari Tejada,PIT,SP,06uhm
D'Angelo Tejada,CHW,SS,06rqv
Henry Tejada,BAL,RP,067zj
Joaquin Tejada,PIT,RP,05ui1
Leury Tejada,(N/A),P,04pup
Oliver Tejada,SF,OF,06me9
Railin Tejada,TOR,OF,062xy
Ronald Tejada,NYY,RP,06sjp
Dashyll Tejeda,WSH,OF,06c2d
Enmanuel Tejeda,NYY,3B,0638j
Jefren Tejeda,SD,RP,064rs
Yoel Tejeda,WSH,SP,067yl
Shane Telfer,ARI,SP,06gj7
Nico Tellache,SEA,SP,06sjv
Raider Tello,PHI,SS,06pps
Felix Tena,COL,OF,05ri0
Robbie Tenerowicz,SEA,2B,048yd
Emiliano Teodo,TEX,RP,05uo4
Mikey Tepper,WSH,SP,06hwk
Ryusei Terachi,(N/A),C,06qs3
Efren Teran,BOS,SS,06nlm
Saul Teran,PHI,RP,06und
Bub Terrell,TOR,OF,06pgb
Enmanuel Terrero,PIT,OF,05rk1
Gabriel Terrero,COL,SS,05xzm
Gabriel Terrero,NYY,2B,06c88
Marcos Terrero,NYM,C,06rfz
Robert Terrero,ARI,SP,06tm7
Ronald Terrero,BAL,SS,06rwe
Andrew Tess,BAL,C,06qnc
Jacob Teter,BAL,1B,05jr3
Jackson Tetreault,CHC,SP,04eip
Yereny Teus,TB,SP,06hzh
Francis Texido,LAA,SP,06c4x
Tanner Thach,COL,1B,06k4x
Juan Then,(N/A),RP,04hy7
Rodney Theophile,WSH,SP,0616m
Jhosman Theran,LAD,OF,06z65
Frank Thomas III,(N/A),1B,06yzs
Andy Thomas,SD,"C,1B",05xol
Cody Thomas,TEX,OF,041xd
Gray Thomas,CHW,RP,06qkb
Jared Thomas,PHI,C,06ht6
Jared Thomas,COL,OF,06mpb
Jhoan Thomas,WSH,RP,06mfi
Johnathon Thomas,WSH,OF,066f7
Justin Thomas,HOU,OF,070bv
Tahnaj Thomas,PIT,SP,04tlx
Tyler Thomas,(N/A),RP,04ei4
Jay Thomason,MIN,3B,06qpv
Bennett Thompson,CLE,C,06qth
Benny Thompson,LAA,RP,06hh5
Brandt Thompson,STL,SP,06qhu
Danny Thompson,TOR,RP,06ywj
Darrell Thompson,(N/A),RP,06cgf
Evan Thompson,(N/A),OF,06r88
J.D. Thompson,MIL,SP,06r4c
Jake Thompson,MIA,3B,06660
Jordan Thompson,LAD,"2B,SS",06ht9
Justice Thompson,CIN,OF,05rf8
Keegan Thompson,CHC,RP,04efn
Matthew Thompson,CHC,SP,04rzq
Paxton Thompson,PHI,RP,06tl9
Riley Thompson,(N/A),RP,04evj
Sterlin Thompson,COL,OF,05jsc
Trayce Thompson,BOS,OF,01sb1
Tyree Thompson,(N/A),RP,04aqh
Zack Thompson,STL,RP,04n0p
Sam Thoresen,CHC,RP,05t0n
Tyler Thornton,CLE,RP,061ym
Zac Thornton,NYM,"SP,RP",06ekq
Drew Thorpe,CHW,SP,05yb1
Grayson Thurman,TOR,RP,06tm8
Brock Tibbitts,TOR,C,06qvm
James Tibbs III,SF/BOS/LAD,OF,066ir
Humberto Tiberi,LAA,C,06qxs
Matt Tiberia,SEA,SP,06qp1
Brian Tiburcio,COL,RP,06rt7
Ty Tice,(N/A),RP,04ep6
Josh Tiedemann,NYY,3B,06hw5
Ricky Tiedemann,TOR,"SP,RP",05js6
Izack Tiger,TEX,SP,06fqy
Junior Tilien,DET,"2B,3B",05j6x
Jesus Tillero,LAD,SP,06c7a
Cam Tilly,NYM,RP,06zif
Shay Timmer,DET,RP,06qk5
Josh Timmerman,MIL,RP,06hs1
Vin Timpanelli,CIN,RP,060w8
Johnny Tincher,CLE,C,06gui
Dameivi Tineo,MIA,SP,05ymv
Riskiel Tineo,MIA,RP,06tn6
Yeferson Tineo,TEX,SS,05rh9
Carson Tinney,MIN,C,06v4x
Matthew Tippie,NYY,RP,06ywk
Carlos Tirado,PIT,1B,066c0
Joe Tiroly,SD,2B,06v63
Riley Tirotta,TOR,1B,05xpn
Griffin Tobias,MIL,RP,06qua
Jonathan Todd,TOR,RP,06qi0
Reagan Todd,COL,SP,06r0p
Shosei Togo,(N/A),SP,06c1h
Heitor Tokar,(N/A),RP,04o0z
Cole Tolbert,BOS,SP,06qow
Rodolfo Toledano,TOR,SP,064p2
Francisco Toledo,NYM,C,066po
Jeral Toledo,PIT,2B,06ms3
Almen Tolentino,MIA,C,06mvb
Milan Tolentino,CLE,"3B,SS",05h2t
Anders Tolhurst,(N/A),RP,051hr
Erik Tolman,WSH,RP,05yfp
Tyler Tolve,ATL,C,05yfd
Tucker Toman,TOR,3B,05uc8
Juan Tomas,CHC,SS,06rfp
Anthony Tomczak,(N/A),RP,051bp
Shohei Tomioka,ATH,RP,05ilr
Landon Tomkins,PIT,RP,06gin
Julian Tonghini,WSH,RP,06ywl
Gavin Tonkel,PHI,OF,05unh
Sam Tookoian,LAA,RP,06z07
Marshall Toole,NYY/TB,OF,06qrq
Luis Toribio,SF,3B,04qg4
Noe Toribio,(N/A),SP,05g46
Cristofer Torin,ARI,"2B,SS",063dm
Diego Tornes,ATL,OF,06qhe
Eduardo Torrealba,NYY,SS,045ks
Jonfreider Torrealba,MIA,RP,06mv7
Osmar Torrealba,CLE,OF,06r1i
Adrian Torres,LAD,SP,06rpx
Alejandro Torres,HOU,RP,06hhg
Andres Torres,TB,C,06mv1
Bryan Torres,STL,"2B,OF",06hny
Carlos Torres,COL,RP,066fp
Carlos Torres,TEX,C,06z68
Emile Torres,TB,OF,06saq
Enry Torres,CIN,C,06rid
Eric Torres,LAA,RP,05ydd
Erick Torres,KC,OF,061z2
Ervin Torres,COL,RP,06206
Jason Torres,(N/A),3B,06kv8
Javi Torres,CLE,RP,06gzz
Jose Torres,COL,SS,05vyr
Juan Torres,NYY,2B,06ytw
Lenny Torres,CIN,RP,04pme
Luis Torres,LAA,1B,0642d
Luis Torres,TOR,RP,06v68
Marcos Torres,TEX,OF,062kc
Michael Torres,(N/A),OF,06r4s
Rafhlmil Torres,CIN,SS,06c2g
Stharlin Torres,CIN,SP,06o0r
Victor Torres,MIL,C,0518c
Wande Torres,MIL,SP,06pee
Wuinder Torres,CLE,C,06kx2
Cristhian Tortosa,PHI,RP,04apk
Miguel Toscano,TB,SP,06upu
Frankie Tostado,WSH,OF,04erg
Osvaldo Tovalin,STL,3B,05yhv
Anderson Tovar,COL,OF,06rnc
Deward Tovar,TEX,OF,06c4t
Eduardo Tovar,(N/A),RP,064vy
Erich Tovar,CLE,RP,06r1n
Geremy Tovar,KC,RP,06rnb
Jhemiangel Tovar,TEX,RP,06rna
Jose Tovar,TB,C,06rn9
Luis Tovar,LAD,3B,06s47
Pedro Tovar,MIL,OF,06mav
Yimy Tovar,SD,SS,06mwb
River Town,KC,OF,05yhk
Blake Townsend,PIT,RP,05ilp
Nick Trabacchi,MIN,RP,06uxo
Nolan Traeger,(N/A),C,06uwt
Michael Trausch,TEX,RP,06hwe
Michael Trautwein,CIN,C,06hx3
Jesus Travieso,BOS,SP,06r3d
Hayden Travinski,HOU,C,06uh2
Alonzo Tredwell,HOU,SP,068xw
Danny Trehey,HOU,RP,06qjy
Caeden Trenkle,ATH,OF,065jd
Josh Trentadue,TEX,SP,06hx1
Luca Tresh,KC,C,05rij
James Triantos,CHC,"2B,3B,OF",05ucf
Carter Trice,CHC,1B,05wy0
Fenwick Trimble,MIA,OF,06o0l
Justin Trimble,HOU,OF,06qjx
Reed Trimble,BAL,OF,05uwb
Angel Trinidad,MIN,OF,06ifq
Wilian Trinidad,TB,2B,06ifm
Donny Troconis,ATH,SP,06hro
Austin Troesser,NYM,RP,06f0s
Nick Trogrlic-Iverson,STL,RP,04pyq
Deshandro Tromp,PIT,3B,06r35
Eli Trop,PHI,RP,06qr9
Tommy Troy,ARI,"2B,OF",05jse
Camden Troyer,NYY,OF,06zij
Derek True,HOU,SP,06hoh
Evan Truitt,SEA,SP,06qni
Keduar Trujillo,HOU,C,066pq
Jyun Yue Tseng,(N/A),RP,06ak5
Pedro Tucent,TOR,RP,06r6l
Braydon Tucker,PHI,SP,06hes
Carson Tucker,SD,SS,05jrj
Cody Tucker,SF/HOU,SP,06hu7
Stanley Tucker,BOS,2B,06ho9
Tevin Tucker,COL,SS,06hit
Colin Tuft,BAL,OF,06qks
Zack Tukis,PHI,RP,06ppr
Adam Tulloch,CLE,RP,066k0
Tanner Tully,(N/A),SP,048vd
Brendan Tunink,LAD,OF,06q33
Yunior Tur,ATH,SP,06jbm
Emil Turbi,SD,SS,06upt
Gavin Turley,ATH,OF,05y7w
Gionti Turner,(N/A),2B,04vni
Matt Turner,COL,RP,04elj
Michael Turner,CHW,"C,1B",066cv
Tyresse Turner,CLE,SS,0657s
Will Turner,BOS,OF,06j3i
Cole Turney,DET,OF,06fv2
Trent Turzenski,BAL,RP,06qf2
Brady Tygart,BOS,SP,068nz
Kyle Tyler,PHI/BAL/CHW,RP,04q2b
Mitchell Tyranski,CHC,RP,0518z
Tyler Uberstine,BOS,SP,066qr
Giomar Ubiera,NYM,SS,06uoe
Raider Uceta,(N/A),OF,04vek
Erich Uelmen,(N/A),RP,04eg4
Jhonayker Ugarte,KC,3B,06jfp
Ronny Ugarte,COL,1B,062hn
Eyke Ugueto,(N/A),OF,06bsf
Miguel Ugueto,STL,OF,05x06
Krishan Ulacio,BOS,OF,06z5a
Alex Ulloa,(N/A),SS,05y65
Fidel Ulloa,COL,RP,06pqa
Miguel Ullola,HOU,SP,061xq
Hyungchan Um,KC,C,06l47
Grant Umberger,CHW,SP,06tn7
Duane Underwood Jr.,(N/A),RP,02mwx
Cooper Underwood,(N/A),SP,070e8
Riley Unroe,DET,"2B,SS",03115
Francisco Urbaez,CIN,2B,05u5c
Geison Urbaez,TOR,RP,06tm9
Rayner Urbaez,TEX,SP,064ic
Jose Urbina,TB,SP,069xw
Jose Urbina,ARI,C,06rjf
Misael Urbina,MIN,OF,04qou
Nestor Urbina,MIN/TOR,2B,06lwj
Omar Urbina,BAL,C,06akg
Nomar Urdaneta,(N/A),2B,04yrd
Roberto Urdaneta,ATH,RP,06uqj
Ryan Ure,TEX/KC,RP,06zfg
Antoni Urena,LAD,SS,06uvw
Engelth Urena,NYY,1B,066re
Walbert Urena,LAA,SP,0629b
Julio Urias,(N/A),SP,02vl6
Manuel Urias,HOU,SP,04t98
Delni Uribe,CLE,SP,06r1d
Isaias Uribe,PIT,RP,06ak6
Juan Uribe,CHW,2B,06c3q
Cole Urman,BAL,"C,1B",06hs2
Miguel Useche,CHC,C,06v2u
Santiago Ustariz,CLE,C,06r1c
Naoyuki Uwasawa,BOS,SP,04zaw
Tommy Vail,CHW,RP,06ms0
Javier Valdes,ATL,C,063w1
Yordys Valdes,CLE,"2B,SS",05126
Adrian Valdez,BOS,OF,06sau
Argenis Valdez,BAL,OF,06qy0
Dauris Valdez,SEA,RP,04nrs
Derniche Valdez,CHC,2B,0662n
Esmerlyn Valdez,PIT,OF,05rbw
Jesus Valdez,ARI,"2B,3B",05j8n
Joel Valdez,CIN,RP,05y16
Jonawel Valdez,PIT,RP,06tkj
Kevin Valdez,CHC,SP,062yu
Luis Valdez,TEX,RP,05ue1
Luis Valdez,BAL,2B,06424
Luisberth Valdez,ATL,SP,06vy7
Malvin Valdez,CIN,OF,05rc2
Miguel Valdez,SD,RP,06sbe
Miguel Valdez,ARI,RP,06sbx
Yoan Valdez,COL/DET,RP,064oe
Alexandre Valdiviezo,(N/A),RP,06mt0
Anthuan Valencia,CIN,SS,05yie
Eduardo Valencia,DET,"C,1B",06rkk
Esmil Valencia,HOU/MIA,OF,066mr
Chase Valentine,SD,SS,066a3
Brandon Valenzuela,SD/TOR,"C,1B",05rko
Cleudis Valenzuela,BAL,2B,06o0u
Sahid Valenzuela,(N/A),SS,0519p
Fabricio Valera,MIL,OF,061zw
Juan Valera,BOS,SP,06mlb
Leonel Valera,KC,SS,04j4e
Felix Valerio,MIL,2B,04ycm
Samuel Valerio,(N/A),SP,05keg
Tomas Valincius,(N/A),SP,06uwo
Jefferson Valladares,MIN,1B,06igg
John Valle,NYM,RP,06hwq
Alexander Vallecillo,MIL,SP,063c4
Chris Vallimont,MIN,SP,04pqy
Andres Valor,MIA,OF,06aq4
Alex Valverde,(N/A),P,04etk
Shane Van Dam,KC,RP,06zat
Stijn Van Der Schaaf,BOS,SP,06akm
Ty Van Dyke,STL,SP,06ywm
CJ Van Eyk,TOR,SP,04erh
Peter Van Loon,BAL,RP,060wz
Connor Van Scoyoc,COL,RP,04pvn
Bryson Van Sickle,COL,RP,06uxf
Logan Van Treeck,CIN,SP,06fza
Josh VanMeter,(N/A),2B,04p9m
Reid VanScoter,SEA,SP,064wg
Ricky Vanasco,DET,SP,04eoi
Ryan Vanderhei,SF,RP,06gib
JC Vanek,KC,1B,06zas
Vince Vannelle,CHW,RP,06ups
Cristhian Vaquero,WSH,OF,05mxd
Jose Varela,HOU,RP,06dqh
Alexander Vargas,NYY/CIN,SS,04tm2
Cesar Vargas,COL,SP,061wx
Echedry Vargas,MIA,SS,061v7
Edward Vargas,CHC,OF,06imt
Esnaider Vargas,WSH,SS,06vy4
Giovanni Vargas,STL,RP,06c7y
Imanol Vargas,LAD/PIT,1B,061ob
Jheremy Vargas,MIL,"3B,OF",05j8z
Jhocsuanth Vargas,TEX,C,06cf5
Joendry Vargas,LAD,SS,06625
Jordy Vargas,COL,SP,05un4
Luis Vargas,ATL,RP,06mii
Marco Vargas,NYM,2B,06249
Mauricio Vargas,NYY,RP,06sjq
Raul Vargas,(N/A),2B,06l0w
Yeferson Vargas,LAA,SP,06mig
Gus Varland,CHW/ARI,RP,04pxq
Will Varmette,SD,SP,06hei
Drake Varnado,(N/A),SS,05yh9
Amilcar Vasquez,MIN,OF,06rgk
Andre Vasquez,CIN,RP,06akf
Andrew Vasquez,LAA,RP,03ym6
Brandon Vasquez,SF,OF,06r6u
Carlos Vasquez,TOR,2B,066rr
Christopher Vasquez,(N/A),OF,06chh
Daury Vasquez,ARI,SP,06roa
Geovanny Vasquez,CHC,RP,06ula
Jalen Vasquez,BAL,"2B,3B,SS",06hnk
Jose Vasquez,LAD,SP,06r7h
Keivan Vasquez,ARI,SP,06sbp
Neifi Vasquez,TB,OF,061u2
Samuel Vasquez,WSH,RP,06tlk
Wardquelin Vasquez,CHW,RP,06aqm
Willy Vasquez,TB,3B,05xyj
Yosweld Vasquez,HOU,1B,06rjv
Jonathan Vastine,TB,2B,066kz
Kevin Vaupel,MIA,SP,06hs9
Terrin Vavra,BAL,"2B,OF",04xon
Javier Vaz,KC,2B,066k3
Daniel Vazquez,KC,SS,05m44
Felipe Vazquez,PIT,RP,02jh4
Chris Veach,NYY,RP,06qlj
Boris Vecerka,ARI,RP,06pfb
Zach Veen,MIN,SP,066es
Alfred Vega,NYM,RP,04o62
Luis Vega,HOU,RP,05rcn
Marco Vega,LAA,RP,066r0
Marlon Vega,(N/A),RP,06ekt
Onix Vega,NYM,C,04q2i
Noel Vela,SD,SP,060um
Kevin Velasco,BAL,SP,06pg9
Alfredo Velasquez,BAL,3B,066s5
Deivis Velasquez,PHI,C,06rt0
Diego Velasquez,SF,SS,05r5f
Facundo Velasquez,STL,OF,06c7n
Giussepe Velasquez,PHI,SP,06ytr
Luis Velasquez,NYY,RP,06mbq
Nomar Velasquez,CLE,3B,06qfp
Vince Velasquez,CLE,SP,028is
Andrew Velazquez,NYY,"2B,SS,OF",02n0e
Nelson Velazquez,KC/PIT,OF,04eh9
Ralphy Velazquez,CLE,1B,067yp
Ramses Velazquez,(N/A),OF,066su
Remy Veldhuisen,NYY,OF,06kxs
Antonio Velez,BAL,SP,05vyl
Ricardo Velez,STL,RP,06u7d
Mauricio Veliz,KC,RP,068z3
Daniel Vellojin,TB,C,05r3o
Manuel Veloz,(N/A),RP,05itv
Tommy Ventimiglia,CLE,SP,05ynl
Aiberson Ventura,MIN,RP,06qzq
Angel Ventura,NYY,OF,06muz
Dervy Ventura,SEA,2B,06mwd
Ezequiel Ventura,MIN,RP,06rou
Jordany Ventura,NYY,RP,05gbx
Melky Ventura,COL,SP,06sb3
Drew VerHagen,(N/A),RP,02myh
Alejandro Vera,WSH,SP,06qh0
Arol Vera,LAA,SS,050k4
Norge Vera,CHW,SP,05grk
Wilfred Veras,CHW,OF,05nsi
Yoandys Veraza,BOS,RP,06r5v
Jose Verdugo,SD,SS,06v3y
Luis Verdugo,PHI,3B,04mln
Rosman Verdugo,SD,3B,05yia
Ryan Verdugo,HOU,SP,06qn8
Will Verdung,ATL,1B,06ejz
Brayan Vergara,LAA,RP,06u6g
Zebulon Vermillion,NYM,RP,06684
Austin Vernon,TB,RP,05y4p
Cade Vernon,SF,RP,06qv0
Ben Vespi,BAL,RP,06qey
Nick Vespi,PHI,RP,03qv3
Joe Vetrano,LAD,1B,06dqp
Jordan Viars,PHI,1B,05une
Najer Victor,LAA,RP,06qsl
Landon Victorian,(N/A),SP,05ydl
Landyn Vidourek,LAD,OF,06yqy
Cam Vieaux,LAA,RP,03qvc
Thyago Vieira,ARI,RP,049ur
Will Vierling,PHI,C,070bh
Anthony Vilar,SD,C,06ih3
Michael Vilchez,LAD,RP,05r6c
Deivi Villafana,CIN,SP,06uqk
Eli Villalobos,SD,RP,066pb
Fernando Villalobos,(N/A),C,05alp
Hugo Villalobos,(N/A),RP,06ig1
Chris Villaman,TB,RP,0648m
Mike Villani,LAD/CIN,RP,06qts
Kamuel Villar,COL,SS,06rqf
Elkyns Villarreal,SF,SP,06r13
Varis Villarreal,NYY,RP,06uva
Carlos Villarroel,NYY,1B,06kxx
Jancel Villarroel,HOU,C,066or
Miguel Villarroel,STL,3B,05xsw
Juan Villavicencio,PHI,SS,06rgq
Kevin Villavicencio,NYM,"2B,3B",05xt4
Ian Villers,SF,RP,04q1b
Geremy Villoria,PHI/MIN,SP,06rsh
Diego Viloria,BOS,C,06riy
Luis Viloria,(N/A),RP,05xyr
Meibrys Viloria,BAL,C,03mpf
Francisco Vilorio,NYY,OF,06ibp
Colton Vincent,SD,"C,OF",06heh
Wyatt Vincent,NYM,OF,06z08
Darius Vines,ATL,SP,05157
Esmerlin Vinicio,SF,RP,056j3
Mason Vinyard,NYY,RP,06th7
Carlos Virahonda,ARI,C,06cgi
Kyle Virbitsky,BAL,RP,05y7o
Caden Vire,MIL,RP,05y2c
Kendeglys Virguez,CLE,RP,062zp
Edison Vivas,NYY,C,06rjp
Luis Vizcaino,(N/A),RP,05ued
Raffi Vizcaino,(N/A),RP,04oc7
Anthony Vizcaya,(N/A),RP,05gvy
Ruben Vizcaya,(N/A),OF,05rh7
Dominic Voegele,ARI,SP,06mhx
Jayden Voelker,TB,SP,06qku
Joe Vogatsky,BOS,RP,06ooh
Drew Vogel,HOU,SS,06qrx
Jake Vogel,LAD,OF,05jsa
Tyler Vogel,SF,RP,06581
Luke Voit,(N/A),1B,03199
Mitch Voit,NYM,"2B,P",06cmf
Dylan Volantis,(N/A),RP,06run
Joey Volchko,CHW,RP,06ber
Joey Volini,MIA,RP,06zco
Jason Vosler,(N/A),1B,03dpa
Nate Voss,(N/A),C,05ud3
Austin Voth,(N/A),SP,0316l
Brock Vradenburg,MIA/PHI,1B,06dmz
Trystan Vrieling,NYY/SF,SP,0630b
Kien Vu,CIN,OF,06roq
Hayden Vucinovich,MIL,SP,06zrg
A.J. Vukovich,ARI,OF,05jql
Luke Waddell,ATL,SS,05jpt
Ethan Wagner,HOU,OF,06qq0
Logan Wagner,LAD,1B,06497
Max Wagner,BAL,3B,0622n
Nico Wagner,ATL,RP,070cy
Cameron Wagoner,MIL,SP,051gv
Jacob Waguespack,TB/PHI,RP,04y78
Jesse Wainscott,SEA,RP,06s3d
Mac Wainwright,(N/A),1B,05mro
Cole Waites,SF,RP,051dv
Sebastian Walcott,TEX,SS,0662o
Marcus Walden,SEA,RP,03c8t
Ken Waldichuk,ATH,SP,0513y
Ryan Waldschmidt,ARI,OF,06dlz
Bo Walker,ARI,OF,06qew
Charlie Walker,SD,RP,06zh8
Ethan Walker,BOS,SP,06z0r
Kyle Walker,HOU,2B,06zqo
Jake Walkinshaw,ATH,RP,05t7v
Cory Wall,ATL,RP,06fzj
Forrest Wall,SD/CHC,OF,03d6z
Cayden Wallace,WSH,3B,05jq9
Chase Wallace,KC,RP,05r5c
Jacob Wallace,KC,RP,0512i
Landon Wallace,LAA,OF,06hh3
Trenton Wallace,TOR,RP,05yfx
Chad Wallach,TEX/LAA,C,03121
Andrew Walling,PHI,RP,066af
Reece Walling,MIL,"1B,OF",0668g
Jacob Walsh,WSH,1B,05zq3
Jake Walsh,(N/A),RP,04ep2
Jared Walsh,(N/A),1B,04p9n
Michael Walsh,PIT,RP,06577
Blake Walston,ARI,SP,050s3
Brian Walters,PHI,RP,06zqm
Jake Walters,(N/A),SP,04ptp
Jean Walters,ARI,"2B,3B",06lew
Nash Walters,(N/A),RP,03qk8
Yannic Walther,MIL,C,06rhp
Aaron Walton,CLE,OF,06yjd
TJayy Walton,PHI,OF,05u9p
Cam Walty,CLE,SP,06qol
Nian Hao Wang,(N/A),1B,06rs6
Andrew Wantz,TB,RP,04psq
Braiden Ward,COL,OF,05yfw
Je'Von Ward,TOR,OF,04em1
Nick Ward,PHI,SS,06bxk
Ryan Ward,LAD,"1B,OF",0516g
Thaddeus Ward,BAL,SP,04pre
Bryson Ware,PHI,3B,06fzf
Conner Ware,NYM,RP,06zii
Logan Warmoth,(N/A),"2B,SS",04ee9
Austin Warner,SEA,SP,04ov2
Bryce Warrecker,NYY,RP,06hnp
Art Warren,(N/A),RP,03qyt
Zavier Warren,(N/A),SS,05jpw
Kevin Warunek,PHI,RP,06qp9
Jaren Warwick,LAA,RP,06qjl
Jude Warwick,DET,SS,06qnl
Curtis Washington Jr.,SEA,OF,066fe
Mark Washington,(N/A),RP,04evn
Nayerich Waterfort,CIN,2B,06qgu
Chase Watkins,CHC,RP,05yn9
Spenser Watkins,(N/A),SP,05r9c
Aaron Watson,CIN,SP,06qz9
Danny Watson,NYY,RP,06dpy
Kahlil Watson,CLE,"2B,OF",05rau
Kevin Watson,(N/A),OF,04eqg
Matthew Watson,SD,SP,06qtm
Michael Watson,STL,RP,06qiu
Nolan Watson,(N/A),SP,03pjj
Ryan Watson,SF,RP,061cq
Troy Watson,DET,RP,04pyl
Will Watson,NYM,SP,06pqe
Bino Watters,(N/A),OF,06tvn
Jacob Watters,TB,SP,0647n
Anthony Watts,STL,RP,06zbj
Dylan Watts,MIL/TOR,RP,06zbi
Juaron Watts-Brown,TOR/BAL,SP,062k6
Beck Way,KC,RP,05jpa
Sam Weatherly,COL,RP,05jpb
Ty Weatherly,BAL,SP,06h1t
Caberea Weaver,(N/A),OF,04psm
Jacob Webb,BOS,RP,05yod
Nate Webb,BAL,SP,04aqj
Ryan Webb,CLE,SP,05u98
Andy Weber,ARI,SS,04prd
Ryan Weber,(N/A),RP,02hux
Wilson Weber,MIA,C,06zim
Avery Weems,TEX,RP,0514v
Robert Wegielnik,CLE,RP,06s3n
Jared Wegner,NYY,OF,06agc
Jeffrey Wehler,TOR,2B,06coo
Tyler Wehrle,MIL,SP,0668f
Blake Wehunt,BOS,SP,06fv6
Patrick Weigel,WSH,RP,03dty
Blake Weiman,HOU,RP,04ej8
Ryan Weingartner,STL,SS,06zbh
CJ Weins,DET,RP,06f1f
Cole Weinstein,(N/A),SS,06rw1
Jack Weisenburger,NYM,P,051fp
Cooper Weiss,SD,SS,06nk7
Zack Weiss,STL,RP,02hkd
Chandler Welch,MIL,SP,06pq3
Jackson Wells,HOU,SP,06zfl
Kasen Wells,SD,OF,06qr0
Lachlan Wells,PHI,SP,03ztv
Levi Wells,BAL,SP,067xi
J.B. Wendelken,SD,RP,02n4q
Wyatt Wendell,ARI,SP,065iu
Joey Wendle,(N/A),SS,02mzu
Davis Wendzel,CIN,3B,0511s
Jack Wenninger,NYM,SP,06f1c
Jackson Wentworth,TOR,SP,06kxi
Dalton Wentz,SF,3B,06uw0
Ryan Wentz,(N/A),SP,06heg
Lucas Wepf,LAD,RP,0665v
Trevor Werner,KC,"1B,3B",06fqz
Aidan West,LAD,SS,06z9d
Dean West,TOR,OF,05u6k
Derek West,(N/A),P,051aj
Jaxson West,TOR,C,06zbl
John West,ARI,SP,06qn7
Justin West,NYY,RP,06yw7
Kyle West,NYY,1B,06yw1
Jamie Westbrook,TB,2B,0345w
Conner Westenburg,SD,OF,06zh7
Cameron Weston,BAL,SP,066b1
Luke Westphal,(N/A),SP,06r0n
JJ Wetherholt,STL,"2B,SS",06aw3
Cale Wetwiska,DET,SP,06zli
Jacob Wetzel,TOR,OF,05ymd
Brady Whalen,(N/A),"1B,3B",041xc
Matt Whatley,TOR,C,04efm
JP Wheat,CHC,SP,066jl
Ethan Wheeler,(N/A),SP,06rsj
Jack Wheeler,TEX,3B,06zgw
Braylon Whitaker,BAL,OF,06oop
Logan Whitaker,MIN,RP,06ooo
Tyler Whitaker,HOU,OF,05t9o
Brandon White,MIA,SP,06ajt
Brendan White,DET,RP,066p9
Colby White,NYY,RP,0514q
Evan White,LAA,1B,04bpk
Hudson White,BOS,C,062k2
Jack White,SEA,RP,06tll
Josh White,MIA,RP,05zyb
Lonnie White,PIT,OF,05t9m
Mason White,BOS,"2B,SS",06k4v
Mitch White,(N/A),SP,041qa
Sam White,TOR,3B,06yw2
T.J. White,WSH,OF,05xon
Thomas White,MIA,SP,05tp6
Tommy White,ATH,"1B,3B",05tp7
Sam Whiting,SD,RP,06hq6
Kodi Whitley,TB,RP,059zn
Joe Whitman,SF,SP,06c1l
Blake Whitney,(N/A),P,04q6i
Dax Whitney,(N/A),SP,06mng
Conner Whittaker,CLE,RP,06qrl
Kyle Whitten,TB,RP,06pey
Jarret Whorff,MIN,RP,06qyp
Joshua Whritenour,(N/A),SP,06mvs
Brett Wichrowski,MIL,RP,06huh
Rowan Wick,TOR,RP,02hq8
Patrick Wicklander,(N/A),RP,05u97
Ryan Wideman,SD,OF,06v5z
Jacob Widener,KC,RP,06dsd
Taylor Widener,(N/A),RP,041x6
C.J. Widger,SF/SD,RP,06qvy
Brad Wieck,(N/A),RP,03dfo
Michael Wielansky,(N/A),"2B,3B",04q12
Connor Wietgrefe,PIT,SP,06pqf
Andrew Wiggins,(N/A),OF,06ig9
Carson Wiggins,NYM,SP,06if9
Jaxon Wiggins,CHC,SP,05u2p
Kyle Wilcox,(N/A),RP,03qlv
Owen Wild,TB,RP,06fqq
Collin Wiles,(N/A),SP,02mwt
Brock Wilken,MIL,3B,05ubi
Aaron Wilkerson,CIN/STL,SP,03see
Holden Wilkerson,TOR,SP,06qp4
Danny Wilkinson,PHI,RP,06fu4
Matt Wilkinson,CLE,SP,06dmr
Slade Wilks,(N/A),UT,05jqa
Zach Willeman,KC/CIN,SP,04eqx
Creed Willems,BAL,"C,1B",05y3x
Trace Willhoite,NYM,3B,06ujr
Junior William,TB,RP,06uhg
Chris Williams Jr.,DET,RP,066ex
Alex Williams,MIA,RP,06489
Alika Williams,PIT,"2B,SS",05gs3
Cam Williams,(N/A),3B,05yhq
Case Williams,COL,SP,05mrn
Chris Williams,NYM,C,04pt3
Dixon Williams,ATL,3B,06yq5
Donta' Williams,WSH,OF,05xof
Henry Williams,KC,SP,05xsp
Jeron Williams,HOU,"3B,SS",06gik
Jett Williams,NYM,"2B,SS,OF",060la
Jordan Williams,WSH,OF,06zfk
Justin Williams,(N/A),"1B,3B",05yj9
Kendall Williams,LAD,SP,05122
Max Williams,MIA,OF,06rom
Nate Williams,CHC,RP,070ed
Noah Williams,ATL,OF,066ax
Peyton Williams,TOR,1B,064i9
Taylor Williams,SEA,RP,03742
Andrew Williamson,STL,OF,06uwz
Brandon Williamson,CIN,SP,05120
Guillermo Williamson,SF,1B,06c89
Jadon Williamson,MIA,RP,06zil
Amos Willingham,ATL,RP,051d7
Alec Willis,STL,RP,05xq4
Coleman Willis,(N/A),SP,05yh5
Dawson Willis,SD,3B,06zhb
Marlin Willis,(N/A),RP,04eql
Bryce Willits,CHW/HOU,3B,066f3
Eli Willits,WSH,SS,06n8y
A.J. Wilson,PHI,RP,06qn9
Brooks Wilson,(N/A),RP,04evh
Cody Wilson,WSH,OF,04pxa
Dylan Wilson,SEA,SP,06ekb
Eli Wilson,SD,C,051c1
Ethan Wilson,PHI,OF,05ogp
Kaiden Wilson,MIA,RP,06zik
Paul Wilson,DET,SP,067yk
Peyton Wilson,KC,"2B,OF",05uoi
Ryan Wilson,SD,OF,06gii
Sebastian Wilson,(N/A),OF,06yuw
Tejahari Wilson,BOS,RP,06r5u
Tyler Wilson,NYY,OF,06qkx
Braylen Wimmer,COL,"3B,SS",06fqe
John Wimmer,LAA,SS,06gjr
Josh Winder,ARI,RP,04psd
Hogan Windish,SEA,"1B,2B",066cd
Easton Winfield,(N/A),OF,06mpi
Kaleb Wing,CHC,SP,06yqa
Trey Wingenter,(N/A),RP,03qtp
Rixon Wingrove,(N/A),1B,05h9p
Patrick Winkel,MIN,C,05xy2
Clay Winklaar,SD,OF,06k8a
Jack Winnay,BOS,1B,06z0q
Brandon Winokur,MIN,"SS,OF",06dnc
Cade Winquest,STL,SP,06683
Danny Wirchansky,SEA,SP,051jj
Patrick Wisdom,SEA,"1B,3B",02mws
Justin Wishkoski,SF,3B,06hs3
Reece Wissinger,TOR,SP,06yw3
Nick Wissman,SD,RP,06qi7
Grant Witherspoon,(N/A),OF,04pq3
Kyson Witherspoon,BOS,SP,06ms5
Malachi Witherspoon,DET,SP,06yjc
Paul Witt,WSH,2B,06s32
Tanner Witt,NYM,RP,05jsb
Jantzen Witte,(N/A),3B,031h2
Tyler Woessner,MIL,RP,0642n
Nate Wohlgemuth,HOU,RP,05jpp
Adam Wolf,(N/A),RP,04pqv
Jackson Wolf,SD,SP,05xpr
Josh Wolf,SF,RP,05123
George Wolkow,CHW,OF,05u2o
Blake Wolters,KC,SP,06c1k
Alsander Womack,CHW,2B,06b79
Tae In Won,(N/A),SP,06rr3
Jake Wong,(N/A),SP,04ppp
Williams Wong,TEX,2B,06c1p
Gage Wood,PHI,SP,06ujt
Matt Wood,MIL,C,06482
Zeke Wood,STL,RP,06v67
Jaden Woods,PIT,RP,067z7
Jordan Woods,KC,RP,0664s
Kade Woods,ATL,RP,06yn3
William Woods,NYM,RP,04q5a
Jason Woodward,MIL,SP,06f0n
Owen Woodward,NYM,RP,06qrk
Dallas Woolfolk,(N/A),RP,04pwv
Jay Woolfolk,ATL,SP,070cc
Young Woong Kim,(N/A),3B,06rrd
Caden Wooster,NYM,RP,06zha
Ethan Workinger,ATL,OF,05ri9
Logan Workman,TB,SP,05y3y
Christian Worley,STL,RP,06gie
Reid Worley,SF,SP,0701r
Jacob Wosinski,MIN,RP,06u7c
Blake Wright,COL,3B,066en
Chris Wright,(N/A),RP,0518y
Daniel Wright,CHW,RP,0703a
Garrett Wright,CHW,RP,06hni
Garrett Wright,LAA,C,06v65
Jakob Wright,LAD,SP,06oo5
Joshwan Wright,(N/A),2B,05ijv
Kyle Wright,KC,SP,04aed
Ryan Wrobleski,HOU,C,066g0
Jeremy Wu-Yelland,BOS,RP,05mri
Hiro Wyatt,KC,SP,06dqf
Matt Wyatt,TB,RP,06579
Hayden Wynja,SF,SP,0669z
Blaine Wynk,CHW,SP,06zra
Cam Wynne,PHI,RP,067xq
Kai Wynyard,TEX,RP,06c3h
Joseph Yabbour,CHW,RP,05g3z
Miguel Yajure,SF,RP,04qp0
Sean Yamaguchi,(N/A),3B,06uw1
Iori Yamasaki,(N/A),SP,06tab
Shunpeita Yamashita,(N/A),SP,06bdc
Casey Yamauchi,ATH,SS,06hj2
Jefry Yan,COL/NYM,RP,05xsf
Ricardo Yan,ARI,RP,066sv
Luis Yanel Diaz,LAD,SS,060wd
Gabriel Yanez,MIN,RP,06av6
Eric Yang,CIN,C,0515n
Nien-Hsi Yang,SF,SP,06r5p
Evan Yates,BAL,SP,06qos
Chay Yeager,TOR,RP,06hv7
Justin Yeager,MIL,RP,067wu
R.J. Yeager,STL,"1B,3B",06bt0
Colin Yeaman,BAL,SS,06y9t
Ariel Yean,TEX,RP,06r9p
Eddy Yean,PIT,RP,05a1s
Reynaldo Yean,LAD,RP,066l6
Juan Yepez,WSH,"1B,OF",03ner
Andy Yerzy,CIN/STL,C,041q5
Seung Yeup Na,(N/A),1B,06rr7
Nelfy Ynfante,STL,SP,06c7l
Huascar Ynoa,MIN,SP,03gl9
Seiya Yokoyama,(N/A),"3B,SS",06mq0
Dong Hee Yoon,(N/A),OF,06rr2
Jeong Bin Yoon,(N/A),OF,06rs7
Zach Yorke,(N/A),1B,06dqs
Eric Yost,SD,SP,06hom
Jordan Yost,DET,SS,06y4f
Alex Young,CIN,RP,03aad
Carter Young,BAL,"3B,SS",05u2n
Chavez Young,(N/A),OF,046y2
Christian Young,(N/A),RP,0425f
Ethan Young,STL,RP,06zbk
Jack Young,CHW,RP,06qu0
Luke Young,WSH,RP,065nw
Quentin Young,MIN,SS,05yat
Taylor Young,LAD,"2B,3B",065nt
Wyatt Young,NYM,"2B,SS",05yny
Trent Youngblood,ARI,OF,06quo
Sean Youngerman,PHI,RP,06yq8
Zuher Yousuf,PHI,SP,06zov
Kenyon Yovan,LAA,RP,05y7g
Rene Yrish,PHI,RP,06r1o
Fabian Ysalla,CHW,SP,06bsg
Kun Yu Chiang,(N/A),SS,06all
Tyrone Yulie,NYY,RP,05umy
Justin Yurchak,LAD,3B,04elt
Natanael Yuten,BOS,OF,064r5
Aneurys Zabala,MIA,SP,04akh
Mario Zabala,SD,OF,05jpv
Franco Zabaleta,ATH,SP,06mv5
Ryland Zaborowski,LAA,3B,06rwr
Alison Zacarias,COL,SP,06c3a
Cole Zaffiro,NYY,RP,06qln
Carlos Zambrano,CIN,RP,06sbi
Diorland Zambrano,CIN,3B,06mmm
Freddy Zamora,MIL,SS,05keh
Josh Zamora,MIA,3B,06661
Nazzan Zanetello,BOS,SS,067xn
Daury Zapata,ATL,RP,06ul9
Deyer Zapata,ARI,RP,06umg
Genderson Zapata,(N/A),SP,060ov
Gian Zapata,ARI,OF,066mt
Juan Zapata,CLE,SP,06qxn
Julio Zapata,CLE,RP,06s3m
Kelvin Zapata,BAL,SP,06rwd
Angel Zarate,(N/A),OF,066de
Alfredo Zarraga,TB,RP,066p3
Aaron Zavala,TEX,OF,05toy
Samuel Zavala,SD,OF,05rdr
Seby Zavala,BOS,C,03qqd
Bryant Zayas,(N/A),SS,05u9i
Julio Zayas,NYM,C,06c3s
Christian Zazueta,LAD,SP,06207
Adam Zebrowski,ATL,C,060qi
Nico Zeglin,CHC,RP,06mpq
Draven Zeigler,PIT,RP,06zfj
Jose Zerpa,SEA,RP,06clo
T.J. Zeuch,(N/A),RP,041m5
Alan Zhang Carter,LAA,RP,06c7j
Chen Zhong-Ao Zhuang,ATH,SP,05zdc
Jacob Zibin,CLE,SP,0647p
Calvin Ziegler,NYM,RP,05uny
Gage Ziehl,NYY/CHW,SP,066iu
Eli Zielinski,(N/A),SP,06c8y
Zane Zielinski,SF,SS,06qu3
Bradley Zimmer,(N/A),OF,03c8v
Charlie Zink,BOS,RP,06ilg
Jaren Zinn,WSH,SP,0669g
Keegan Zinn,CLE,RP,06hv9
Jake Zitella,NYM,3B,06hq9
Steven Zobac,KC,SP,06488
John Zorrilla,PIT,SS,05re2
Donovan Zsak,CLE,RP,06pw2
Zach Zubia,MIA,1B,05ynh
Jhosmmel Zue,KC,1B,06rk0
Earle Zulueta,STL,SP,06k84
Guillo Zuniga,PHI/SEA,RP,04y6o
Nick Zwack,SF,SP,0614d
Slater de Brun,BAL,OF,06qz8
Holden deJong,BAL,SP,070bt
Gijs van den Brink,KC,SP,06lth
Garrett Acton,TB,RP,05ybh
Blas Castano,SEA,RP,06ak0
Yilber Diaz,ARI,SP,06agh
Jose Corniell,TEX,RP,05gx5
J.D. Davis,LAA,"1B,3B",02bu2
Nathan Wiles,ATL,SP,05166
Brett de Geus,MIA/PHI,RP,0524m
Sergio Alcantara,SF/ARI,SS,02yh9
CJ Alexander,ATH/NYY/LAD,3B,04q23
Cam Devanney,KC/PIT,"3B,SS",051bu
Jake Palisch,CHW,SP,0662u
Chad Stevens,LAA,"3B,SS",05yfu
Jayvien Sandridge,NYY,RP,04yl9
Connor Thomas,MIL,RP,0513x
Aramis Garcia,ARI,C,02c6c
Cesar Prieto,STL,"2B,3B",05gdq
Drew Romo,COL,C,05gwr
Zach Pop,TOR/SEA/NYM/CHC,RP,03dv0
Jonathan Pintaro,NYM,SP,06qcs
Robert Stock,BOS,RP,01shb
Troy Taylor,SEA,RP,065ns
Greg Allen,CHC/BAL,OF,03dez
Will Banfield,CIN,C,04n1p
Tsung-Che Cheng,PIT,"2B,SS",05y34
Drew Sommers,DET,"SP,RP",066b2
Chayce McDermott,BAL,RP,05uws
Cody Poteet,CHC/BAL,SP,02b2k
Carson McCusker,MIN,OF,06cqb
Geoff Hartlieb,NYY/DET/KC,RP,04yk6
Tristan Peters,TB,OF,05ydz
Cole Wilcox,TB,SP,04n0o
Chase Petty,CIN,"SP,RP",05raz
Jordan Weems,ATL/HOU,RP,02bru
Carlos Duran,ATH,SP,04yi6
